rang,code_departement,departement,region,ville,slug,code_postal,population,superficie_km2,densite,latitude,longitude
1,13,Bouches-du-Rhône,Provence-Alpes-Côte d'Azur,Marseille,marseille,13000,873076,241,3629.0,43.2803,5.3806
2,69,Rhône,Auvergne-Rhône-Alpes,Lyon,lyon,69000,522250,48,10903.0,45.758,4.8351
3,31,Haute-Garonne,Occitanie,Toulouse,toulouse,31100,504078,118,4269.0,43.6007,1.4328
4,06,Alpes-Maritimes,Provence-Alpes-Côte d'Azur,Nice,nice,06000,348085,74,4710.0,43.7032,7.2528
5,44,Loire-Atlantique,Pays de la Loire,Nantes,nantes,44200,323204,66,4914.0,47.2382,-1.5603
6,34,Hérault,Occitanie,Montpellier,montpellier,34080,302454,57,5296.0,43.61,3.8742
7,67,Bas-Rhin,Grand Est,Strasbourg,strasbourg,67000,291313,78,3730.0,48.5691,7.7621
8,33,Gironde,Nouvelle-Aquitaine,Bordeaux,bordeaux,33300,261804,50,5268.0,44.8624,-0.5848
9,59,Nord,Hauts-de-France,Lille,lille,59260,236710,35,6765.0,50.6311,3.0468
10,35,Ille-et-Vilaine,Bretagne,Rennes,rennes,35700,225081,50,4470.0,48.1159,-1.6884
11,83,Var,Provence-Alpes-Côte d'Azur,Toulon,toulon,83000,180452,44,4084.0,43.1364,5.9334
12,51,Marne,Grand Est,Reims,reims,51100,179380,47,3823.0,49.2535,4.0551
13,42,Loire,Auvergne-Rhône-Alpes,Saint-Étienne,saint-etienne,42100,172718,80,2159.0,45.4241,4.3665
14,76,Seine-Maritime,Normandie,Le Havre,le-havre,76620,166058,55,3035.0,49.4958,0.1312
15,21,Côte-d'Or,Bourgogne-Franche-Comté,Dijon,dijon,21000,159346,42,3831.0,47.3319,5.0322
16,38,Isère,Auvergne-Rhône-Alpes,Grenoble,grenoble,38000,157477,19,8485.0,45.1842,5.7155
17,49,Maine-et-Loire,Pays de la Loire,Angers,angers,49000,157175,44,3546.0,47.4819,-0.5629
18,69,Rhône,Auvergne-Rhône-Alpes,Villeurbanne,villeurbanne,69100,156928,15,10603.0,45.7719,4.8898
19,974,La Réunion,La Réunion,Saint-Denis,saint-denis,97400,154765,142,1094.0,-20.9434,55.4444
20,30,Gard,Occitanie,Nîmes,nimes,30900,148104,161,919.0,43.8322,4.3429
21,13,Bouches-du-Rhône,Provence-Alpes-Côte d'Azur,Aix-en-Provence,aix-en-provence,13100,147478,188,786.0,43.536,5.3879
22,63,Puy-de-Dôme,Auvergne-Rhône-Alpes,Clermont-Ferrand,clermont-ferrand,63100,147327,43,3421.0,45.787,3.1127
23,72,Sarthe,Pays de la Loire,Le Mans,le-mans,72100,145004,53,2757.0,47.9819,0.1957
24,29,Finistère,Bretagne,Brest,brest,29200,139619,49,2842.0,48.4085,-4.4996
25,37,Indre-et-Loire,Centre-Val de Loire,Tours,tours,37100,137658,33,4128.0,47.3943,0.6949
26,80,Somme,Hauts-de-France,Amiens,amiens,80090,133625,50,2668.0,49.8987,2.2847
27,74,Haute-Savoie,Auvergne-Rhône-Alpes,Annecy,annecy,74000,131715,16,8258.0,45.9024,6.1264
28,87,Haute-Vienne,Nouvelle-Aquitaine,Limoges,limoges,87100,129760,80,1628.0,45.8567,1.226
29,57,Moselle,Grand Est,Metz,metz,57070,120874,42,2898.0,49.1048,6.1962
30,92,Hauts-de-Seine,Île-de-France,Boulogne-Billancourt,boulogne-billancourt,92100,119808,6,19481.0,48.8375,2.2429
31,66,Pyrénées-Orientales,Occitanie,Perpignan,perpignan,66000,119656,68,1752.0,42.699,2.9045
32,25,Doubs,Bourgogne-Franche-Comté,Besançon,besancon,25000,119198,65,1831.0,47.2602,6.0123
33,45,Loiret,Centre-Val de Loire,Orléans,orleans,45000,116617,28,4230.0,47.8734,1.9122
34,76,Seine-Maritime,Normandie,Rouen,rouen,76100,114083,21,5326.0,49.4412,1.0912
35,93,Seine-Saint-Denis,Île-de-France,Saint-Denis,saint-denis,93210,113942,12,9204.0,48.9378,2.3657
36,93,Seine-Saint-Denis,Île-de-France,Montreuil,montreuil,93100,111455,9,12523.0,48.8637,2.4491
37,14,Calvados,Normandie,Caen,caen,14000,108200,26,4205.0,49.1846,-0.3722
38,95,Val-d'Oise,Île-de-France,Argenteuil,argenteuil,95100,107221,17,6169.0,48.9501,2.2478
39,68,Haut-Rhin,Grand Est,Mulhouse,mulhouse,68200,106341,22,4760.0,47.7526,7.3255
40,974,La Réunion,La Réunion,Saint-Paul,saint-paul,97411,105240,240,438.0,-21.0366,55.3402
41,54,Meurthe-et-Moselle,Grand Est,Nancy,nancy,54100,104260,15,6979.0,48.6881,6.1734
42,59,Nord,Hauts-de-France,Tourcoing,tourcoing,59200,99011,15,6518.0,50.721,3.1577
43,59,Nord,Hauts-de-France,Roubaix,roubaix,59100,98892,13,7475.0,50.6887,3.1843
44,92,Hauts-de-Seine,Île-de-France,Nanterre,nanterre,92000,97351,12,7960.0,48.8974,2.2018
45,94,Val-de-Marne,Île-de-France,Vitry-sur-Seine,vitry-sur-seine,94400,96205,12,8258.0,48.7893,2.3951
46,94,Val-de-Marne,Île-de-France,Créteil,creteil,94000,92989,11,8128.0,48.7845,2.4523
47,84,Vaucluse,Provence-Alpes-Côte d'Azur,Avignon,avignon,84000,90330,65,1392.0,43.9416,4.8333
48,86,Vienne,Nouvelle-Aquitaine,Poitiers,poitiers,86000,90240,42,2128.0,46.5846,0.3715
49,93,Seine-Saint-Denis,Île-de-France,Aubervilliers,aubervilliers,93300,90071,6,15610.0,48.9128,2.3886
50,92,Hauts-de-Seine,Île-de-France,Asnières-sur-Seine,asnieres-sur-seine,92600,89662,5,18602.0,48.9181,2.2935
51,92,Hauts-de-Seine,Île-de-France,Colombes,colombes,92700,88870,8,11423.0,48.9218,2.2469
52,59,Nord,Hauts-de-France,Dunkerque,dunkerque,59140,86788,43,2020.0,51.0183,2.3431
53,93,Seine-Saint-Denis,Île-de-France,Aulnay-sous-Bois,aulnay-sous-bois,93600,86135,16,5337.0,48.9457,2.4918
54,974,La Réunion,La Réunion,Saint-Pierre,saint-pierre,97410,84077,96,873.0,-21.309,55.5044
55,78,Yvelines,Île-de-France,Versailles,versailles,78000,83587,26,3207.0,48.8039,2.1191
56,974,La Réunion,La Réunion,Le Tampon,le-tampon,97418,81943,181,453.0,-21.225,55.5701
57,92,Hauts-de-Seine,Île-de-France,Courbevoie,courbevoie,92400,81516,4,19595.0,48.8976,2.2574
58,34,Hérault,Occitanie,Béziers,beziers,34500,80341,96,840.0,43.3481,3.2342
59,17,Charente-Maritime,Nouvelle-Aquitaine,La Rochelle,la-rochelle,17000,78535,32,2479.0,46.162,-1.1765
60,92,Hauts-de-Seine,Île-de-France,Rueil-Malmaison,rueil-malmaison,92500,78186,15,5381.0,48.8717,2.1806
61,50,Manche,Normandie,Cherbourg-en-Cotentin,cherbourg-en-cotentin,50110,77808,16,4925.0,49.6277,-1.6356
62,94,Val-de-Marne,Île-de-France,Champigny-sur-Marne,champigny-sur-marne,94500,77724,11,6878.0,48.8173,2.5206
63,64,Pyrénées-Atlantiques,Nouvelle-Aquitaine,Pau,pau,64000,77066,32,2445.0,43.3219,-0.3435
64,33,Gironde,Nouvelle-Aquitaine,Mérignac,merignac,33700,75729,48,1583.0,44.8313,-0.682
65,94,Val-de-Marne,Île-de-France,Saint-Maur-des-Fossés,saint-maur-des-fosses,94210,75441,11,6718.0,48.7999,2.4921
66,06,Alpes-Maritimes,Provence-Alpes-Côte d'Azur,Antibes,antibes,06160,75130,27,2784.0,43.5823,7.1048
67,972,Martinique,Martinique,Fort-de-France,fort-de-france,97200,74921,44,1721.0,14.6492,-61.0686
68,20,Corse,Corse,Ajaccio,ajaccio,20000,73822,83,888.0,41.9228,8.7058
69,06,Alpes-Maritimes,Provence-Alpes-Côte d'Azur,Cannes,cannes,06150,73255,21,3490.0,43.5454,7.0152
70,44,Loire-Atlantique,Pays de la Loire,Saint-Nazaire,saint-nazaire,44600,72057,48,1497.0,47.2768,-2.2392
71,976,Mayotte,Mayotte,Mamoudzou,mamoudzou,97600,71437,42,1687.0,-12.7875,45.1964
72,93,Seine-Saint-Denis,Île-de-France,Drancy,drancy,93700,71363,8,9173.0,48.925,2.4446
73,93,Seine-Saint-Denis,Île-de-France,Noisy-le-Grand,noisy-le-grand,93160,70374,13,5397.0,48.8327,2.556
74,92,Hauts-de-Seine,Île-de-France,Issy-les-Moulineaux,issy-les-moulineaux,92130,68580,4,16175.0,48.824,2.2628
75,95,Val-d'Oise,Île-de-France,Cergy,cergy,95000,68348,15,4704.0,49.0373,2.0455
76,92,Hauts-de-Seine,Île-de-France,Levallois-Perret,levallois-perret,92300,68009,2,28220.0,48.8946,2.2874
77,68,Haut-Rhin,Grand Est,Colmar,colmar,68000,67730,66,1019.0,48.1115,7.3924
78,62,Pas-de-Calais,Hauts-de-France,Calais,calais,62100,67380,33,2014.0,50.9523,1.869
79,33,Gironde,Nouvelle-Aquitaine,Pessac,pessac,33600,66760,39,1728.0,44.786,-0.681
80,69,Rhône,Auvergne-Rhône-Alpes,Vénissieux,venissieux,69200,66363,15,4318.0,45.7012,4.8805
81,91,Essonne,Île-de-France,Évry-Courcouronnes,evry-courcouronnes,91080,66177,9,7740.0,48.6287,2.4313
82,92,Hauts-de-Seine,Île-de-France,Clichy,clichy,92110,64849,3,21055.0,48.9041,2.3041
83,26,Drôme,Auvergne-Rhône-Alpes,Valence,valence,26000,64483,37,1753.0,44.9234,4.9164
84,94,Val-de-Marne,Île-de-France,Ivry-sur-Seine,ivry-sur-seine,94200,64001,6,10458.0,48.8125,2.3872
85,18,Cher,Centre-Val de Loire,Bourges,bourges,18000,63702,69,930.0,47.078,2.3983
86,29,Finistère,Bretagne,Quimper,quimper,29000,63642,84,755.0,47.9982,-4.0972
87,973,Guyane,Guyane,Cayenne,cayenne,97300,63468,31,2063.0,4.9464,-52.3319
88,92,Hauts-de-Seine,Île-de-France,Antony,antony,92160,63232,10,6614.0,48.7507,2.2976
89,10,Aube,Grand Est,Troyes,troyes,10000,62782,13,4689.0,48.2924,4.0761
90,83,Var,Provence-Alpes-Côte d'Azur,La Seyne-sur-Mer,la-seyne-sur-mer,83500,62763,24,2664.0,43.0837,5.8789
91,59,Nord,Hauts-de-France,Villeneuve-d'Ascq,villeneuve-d-ascq,59650,62067,28,2253.0,50.6362,3.1619
92,82,Tarn-et-Garonne,Occitanie,Montauban,montauban,82000,61919,136,456.0,44.0217,1.3646
93,93,Seine-Saint-Denis,Île-de-France,Pantin,pantin,93500,60800,5,12063.0,48.9006,2.4085
94,73,Savoie,Auvergne-Rhône-Alpes,Chambéry,chambery,73000,59856,21,2822.0,45.5822,5.9064
95,79,Deux-Sèvres,Nouvelle-Aquitaine,Niort,niort,79000,59309,68,868.0,46.3274,-0.4613
96,92,Hauts-de-Seine,Île-de-France,Neuilly-sur-Seine,neuilly-sur-seine,92200,59267,4,15975.0,48.8862,2.2651
97,95,Val-d'Oise,Île-de-France,Sarcelles,sarcelles,95200,58424,8,6964.0,48.9925,2.3858
98,93,Seine-Saint-Denis,Île-de-France,Le Blanc-Mesnil,le-blanc-mesnil,93150,58257,8,7175.0,48.9372,2.4576
99,94,Val-de-Marne,Île-de-France,Maisons-Alfort,maisons-alfort,94700,58068,5,10834.0,48.8017,2.44
100,56,Morbihan,Bretagne,Lorient,lorient,56100,57846,15,3901.0,47.7494,-3.3799
101,94,Val-de-Marne,Île-de-France,Villejuif,villejuif,94800,57753,5,10938.0,48.7934,2.3603
102,974,La Réunion,La Réunion,Saint-André,saint-andre,97440,57150,54,1053.0,-20.9568,55.6374
103,83,Var,Provence-Alpes-Côte d'Azur,Fréjus,frejus,83600,57082,105,543.0,43.4553,6.7848
104,60,Oise,Hauts-de-France,Beauvais,beauvais,60000,56677,33,1713.0,49.4425,2.0877
105,11,Aude,Occitanie,Narbonne,narbonne,11100,56395,175,323.0,43.1493,3.0337
106,77,Seine-et-Marne,Île-de-France,Meaux,meaux,77100,55616,15,3652.0,48.9573,2.9035
107,83,Var,Provence-Alpes-Côte d'Azur,Hyères,hyeres,83400,55103,134,413.0,43.1139,6.2357
108,93,Seine-Saint-Denis,Île-de-France,Bobigny,bobigny,93000,55056,7,8169.0,48.9073,2.4432
109,85,Vendée,Pays de la Loire,La Roche-sur-Yon,la-roche-sur-yon,85000,54952,88,626.0,46.6659,-1.4162
110,92,Hauts-de-Seine,Île-de-France,Clamart,clamart,92140,54491,9,6220.0,48.7957,2.2518
111,56,Morbihan,Bretagne,Vannes,vannes,56000,54420,33,1638.0,47.6577,-2.7485
112,77,Seine-et-Marne,Île-de-France,Chelles,chelles,77500,54309,16,3392.0,48.8845,2.5954
113,49,Maine-et-Loire,Pays de la Loire,Cholet,cholet,49300,53936,87,617.0,47.0358,-0.875
114,974,La Réunion,La Réunion,Saint-Louis,saint-louis,97421,53935,99,546.0,-21.2254,55.4224
115,93,Seine-Saint-Denis,Île-de-France,Épinay-sur-Seine,epinay-sur-seine,93800,53489,5,11653.0,48.9544,2.3172
116,93,Seine-Saint-Denis,Île-de-France,Saint-Ouen-sur-Seine,saint-ouen-sur-seine,93400,53207,4,12490.0,48.9118,2.3329
117,02,Aisne,Hauts-de-France,Saint-Quentin,saint-quentin,02100,52958,23,2323.0,49.8475,3.279
118,93,Seine-Saint-Denis,Île-de-France,Bondy,bondy,93140,52905,5,9672.0,48.9036,2.4846
119,64,Pyrénées-Atlantiques,Nouvelle-Aquitaine,Bayonne,bayonne,64100,52749,26,2041.0,43.4844,-1.4611
120,91,Essonne,Île-de-France,Corbeil-Essonnes,corbeil-essonnes,91100,52683,11,4772.0,48.5973,2.4646
121,06,Alpes-Maritimes,Provence-Alpes-Côte d'Azur,Cagnes-sur-Mer,cagnes-sur-mer,06800,52580,18,2887.0,43.6712,7.1502
122,69,Rhône,Auvergne-Rhône-Alpes,Vaulx-en-Velin,vaulx-en-velin,69120,52139,21,2480.0,45.7776,4.925
123,971,Guadeloupe,Guadeloupe,Les Abymes,les-abymes,97142,52118,70,744.0,16.2678,-61.4967
124,93,Seine-Saint-Denis,Île-de-France,Sevran,sevran,93270,51845,7,7102.0,48.9378,2.5311
125,94,Val-de-Marne,Île-de-France,Fontenay-sous-Bois,fontenay-sous-bois,94120,51812,6,9302.0,48.8503,2.4736
126,78,Yvelines,Île-de-France,Sartrouville,sartrouville,78500,51220,8,6062.0,48.9374,2.1744
127,91,Essonne,Île-de-France,Massy,massy,91300,50962,9,5421.0,48.7263,2.2696
128,13,Bouches-du-Rhône,Provence-Alpes-Côte d'Azur,Arles,arles,13280,50415,758,66.0,43.5441,4.6513
129,973,Guyane,Guyane,Saint-Laurent-du-Maroni,saint-laurent-du-maroni,97320,50250,4151,12.0,4.9478,-54.0105
130,81,Tarn,Occitanie,Albi,albi,81000,49714,45,1106.0,43.929,2.1323
131,53,Mayenne,Pays de la Loire,Laval,laval,53000,49657,34,1447.0,48.0578,-0.7692
132,44,Loire-Atlantique,Pays de la Loire,Saint-Herblain,saint-herblain,44800,49537,30,1656.0,47.2246,-1.6306
133,92,Hauts-de-Seine,Île-de-France,Gennevilliers,gennevilliers,92230,49410,12,4248.0,48.9319,2.288
134,92,Hauts-de-Seine,Île-de-France,Suresnes,suresnes,92150,49104,4,12956.0,48.871,2.2183
135,69,Rhône,Auvergne-Rhône-Alpes,Saint-Priest,saint-priest,69800,48822,30,1646.0,45.7014,4.9474
136,94,Val-de-Marne,Île-de-France,Vincennes,vincennes,94300,48798,2,25549.0,48.8471,2.4383
137,20,Corse,Corse,Bastia,bastia,20600,48768,20,2467.0,42.6861,9.424
138,13,Bouches-du-Rhône,Provence-Alpes-Côte d'Azur,Martigues,martigues,13500,48568,74,652.0,43.3839,5.0451
139,85,Vendée,Pays de la Loire,Les Sables-d'Olonne,les-sables-d-olonne,85180,48402,9,5563.0,46.5264,-1.7611
140,06,Alpes-Maritimes,Provence-Alpes-Côte d'Azur,Grasse,grasse,06130,48323,44,1091.0,43.656,6.937
141,92,Hauts-de-Seine,Île-de-France,Montrouge,montrouge,92120,47657,2,23023.0,48.8159,2.3163
142,13,Bouches-du-Rhône,Provence-Alpes-Côte d'Azur,Aubagne,aubagne,13400,47342,55,863.0,43.2904,5.5643
143,35,Ille-et-Vilaine,Bretagne,Saint-Malo,saint-malo,35400,47323,37,1296.0,48.6465,-2.0066
144,27,Eure,Normandie,Évreux,evreux,27000,47289,26,1795.0,49.018,1.1406
145,93,Seine-Saint-Denis,Île-de-France,La Courneuve,la-courneuve,93120,47160,8,6288.0,48.9341,2.3986
146,41,Loir-et-Cher,Centre-Val de Loire,Blois,blois,41000,46813,38,1248.0,47.5813,1.3049
147,19,Corrèze,Nouvelle-Aquitaine,Brive-la-Gaillarde,brive-la-gaillarde,19100,46599,48,962.0,45.145,1.5144
148,08,Ardennes,Grand Est,Charleville-Mézières,charleville-mezieres,08000,46398,32,1460.0,49.7802,4.7304
149,92,Hauts-de-Seine,Île-de-France,Meudon,meudon,92190,46342,10,4657.0,48.8028,2.2288
150,11,Aude,Occitanie,Carcassonne,carcassonne,11000,46218,65,710.0,43.2078,2.3491
151,94,Val-de-Marne,Île-de-France,Choisy-le-Roi,choisy-le-roi,94600,46129,5,8527.0,48.7635,2.4202
152,93,Seine-Saint-Denis,Île-de-France,Noisy-le-Sec,noisy-le-sec,93130,46094,5,9164.0,48.8917,2.4578
153,93,Seine-Saint-Denis,Île-de-France,Livry-Gargan,livry-gargan,93190,46028,7,6254.0,48.9184,2.5351
154,93,Seine-Saint-Denis,Île-de-France,Rosny-sous-Bois,rosny-sous-bois,93110,45655,6,7712.0,48.8744,2.4872
155,33,Gironde,Nouvelle-Aquitaine,Talence,talence,33400,45225,8,5455.0,44.8061,-0.5918
156,90,Territoire de Belfort,Bourgogne-Franche-Comté,Belfort,belfort,90000,45155,17,2644.0,47.6458,6.841
157,94,Val-de-Marne,Île-de-France,Alfortville,alfortville,94140,45046,4,12241.0,48.7963,2.4214
158,71,Saône-et-Loire,Bourgogne-Franche-Comté,Chalon-sur-Saône,chalon-sur-saone,71100,45031,15,2945.0,46.7896,4.8509
159,13,Bouches-du-Rhône,Provence-Alpes-Côte d'Azur,Salon-de-Provence,salon-de-provence,13300,44731,71,634.0,43.643,5.049
160,34,Hérault,Occitanie,Sète,sete,34200,44712,42,1070.0,43.3844,3.6441
161,13,Bouches-du-Rhône,Provence-Alpes-Côte d'Azur,Istres,istres,13118,44577,114,390.0,43.5455,4.9477
162,78,Yvelines,Île-de-France,Mantes-la-Jolie,mantes-la-jolie,78200,44539,9,4693.0,48.9961,1.6918
163,78,Yvelines,Île-de-France,Saint-Germain-en-Laye,saint-germain-en-laye,78112,44380,49,898.0,48.931,2.1052
164,22,Côtes-d'Armor,Bretagne,Saint-Brieuc,saint-brieuc,22000,44224,19,2278.0,48.5108,-2.7657
165,65,Hautes-Pyrénées,Occitanie,Tarbes,tarbes,65000,43955,15,2867.0,43.2387,0.0653
166,30,Gard,Occitanie,Alès,ales,30100,43892,23,1886.0,44.125,4.0905
167,51,Marne,Grand Est,Châlons-en-Champagne,chalons-en-champagne,51000,43877,26,1686.0,48.9656,4.3801
168,92,Hauts-de-Seine,Île-de-France,Bagneux,bagneux,92220,43699,4,10454.0,48.798,2.3093
169,92,Hauts-de-Seine,Île-de-France,Puteaux,puteaux,92800,43672,3,13733.0,48.8824,2.2384
170,69,Rhône,Auvergne-Rhône-Alpes,Caluire-et-Cuire,caluire-et-cuire,69300,43572,10,4190.0,45.7986,4.8494
171,69,Rhône,Auvergne-Rhône-Alpes,Bron,bron,69500,43049,10,4196.0,45.7355,4.9116
172,44,Loire-Atlantique,Pays de la Loire,Rezé,reze,44400,42998,16,2762.0,47.1733,-1.5573
173,59,Nord,Hauts-de-France,Valenciennes,valenciennes,59300,42991,14,3086.0,50.362,3.5142
174,36,Indre,Centre-Val de Loire,Châteauroux,chateauroux,36000,42968,25,1692.0,46.8023,1.6903
175,95,Val-d'Oise,Île-de-France,Garges-lès-Gonesse,garges-les-gonesse,95140,42841,5,7875.0,48.9696,2.4035
176,81,Tarn,Occitanie,Castres,castres,81100,42672,99,432.0,43.6132,2.2448
177,62,Pas-de-Calais,Hauts-de-France,Arras,arras,62000,42600,12,3571.0,50.2893,2.7679
178,77,Seine-et-Marne,Île-de-France,Melun,melun,77000,42367,8,5296.0,48.5421,2.6552
179,57,Moselle,Grand Est,Thionville,thionville,57100,42163,50,846.0,49.3718,6.1443
180,06,Alpes-Maritimes,Provence-Alpes-Côte d'Azur,Le Cannet,le-cannet,06110,41597,8,5416.0,43.5745,7.001
181,01,Ain,Auvergne-Rhône-Alpes,Bourg-en-Bresse,bourg-en-bresse,01000,41525,24,1730.0,46.2027,5.2469
182,64,Pyrénées-Atlantiques,Nouvelle-Aquitaine,Anglet,anglet,64600,41153,28,1489.0,43.4893,-1.5193
183,16,Charente,Nouvelle-Aquitaine,Angoulême,angouleme,16000,41086,22,1894.0,45.6458,0.145
184,62,Pas-de-Calais,Hauts-de-France,Boulogne-sur-Mer,boulogne-sur-mer,62200,40910,8,5245.0,50.7303,1.6062
185,59,Nord,Hauts-de-France,Wattrelos,wattrelos,59150,40836,14,3009.0,50.7125,3.2159
186,05,Hautes-Alpes,Provence-Alpes-Côte d'Azur,Gap,gap,05000,40500,109,372.0,44.5797,6.0616
187,33,Gironde,Nouvelle-Aquitaine,Villenave-d'Ornon,villenave-d-ornon,33140,40500,21,1908.0,44.7736,-0.5523
188,26,Drôme,Auvergne-Rhône-Alpes,Montélimar,montelimar,26200,40399,46,871.0,44.5545,4.7454
189,60,Oise,Hauts-de-France,Compiègne,compiegne,60200,40394,53,760.0,49.4006,2.8547
190,93,Seine-Saint-Denis,Île-de-France,Stains,stains,93240,40359,5,7488.0,48.9578,2.3868
191,93,Seine-Saint-Denis,Île-de-France,Gagny,gagny,93220,40189,7,5749.0,48.8826,2.545
192,31,Haute-Garonne,Occitanie,Colomiers,colomiers,31770,40159,21,1909.0,43.6116,1.3245
193,78,Yvelines,Île-de-France,Poissy,poissy,78300,40016,13,3097.0,48.9241,2.025
194,83,Var,Provence-Alpes-Côte d'Azur,Draguignan,draguignan,83300,39745,54,735.0,43.5346,6.4651
195,59,Nord,Hauts-de-France,Douai,douai,59500,39648,17,2343.0,50.3785,3.1004
196,972,Martinique,Martinique,Le Lamentin,le-lamentin,97232,39641,68,584.0,14.6231,-60.9923
197,93,Seine-Saint-Denis,Île-de-France,Bagnolet,bagnolet,93170,39366,3,15318.0,48.8671,2.4252
198,59,Nord,Hauts-de-France,Marcq-en-Barœul,marcq-en-baroeul,59700,39356,14,2809.0,50.6793,3.1006
199,974,La Réunion,La Réunion,Saint-Joseph,saint-joseph,97480,38807,178,218.0,-21.2921,55.644
200,93,Seine-Saint-Denis,Île-de-France,Villepinte,villepinte,93420,38725,10,3716.0,48.956,2.5323
201,38,Isère,Auvergne-Rhône-Alpes,Saint-Martin-d'Hères,saint-martin-d-heres,38400,38454,9,4061.0,45.1782,5.7646
202,28,Eure-et-Loir,Centre-Val de Loire,Chartres,chartres,28000,38447,17,2275.0,48.4481,1.5046
203,77,Seine-et-Marne,Île-de-France,Pontault-Combault,pontault-combault,77340,38258,14,2815.0,48.7885,2.6173
204,37,Indre-et-Loire,Centre-Val de Loire,Joué-lès-Tours,joue-les-tours,37300,38183,32,1179.0,47.3374,0.6544
205,74,Haute-Savoie,Auvergne-Rhône-Alpes,Annemasse,annemasse,74100,37918,5,7676.0,46.189,6.2476
206,93,Seine-Saint-Denis,Île-de-France,Neuilly-sur-Marne,neuilly-sur-marne,93330,37531,7,5385.0,48.8645,2.5419
207,95,Val-d'Oise,Île-de-France,Franconville,franconville,95130,37520,6,6022.0,48.9879,2.2235
208,91,Essonne,Île-de-France,Savigny-sur-Orge,savigny-sur-orge,91600,37371,7,5339.0,48.6851,2.3493
209,93,Seine-Saint-Denis,Île-de-France,Tremblay-en-France,tremblay-en-france,93290,37271,23,1650.0,48.9744,2.5481
210,74,Haute-Savoie,Auvergne-Rhône-Alpes,Thonon-les-Bains,thonon-les-bains,74200,37027,16,2259.0,46.3745,6.4776
211,974,La Réunion,La Réunion,Saint-Benoît,saint-benoit,97437,37023,230,161.0,-21.0887,55.6313
212,13,Bouches-du-Rhône,Provence-Alpes-Côte d'Azur,La Ciotat,la-ciotat,13600,36987,32,1147.0,43.1882,5.6175
213,38,Isère,Auvergne-Rhône-Alpes,Échirolles,echirolles,38130,36849,8,4718.0,45.1441,5.7148
214,92,Hauts-de-Seine,Île-de-France,Châtillon,chatillon,92320,36777,3,12552.0,48.8031,2.2887
215,91,Essonne,Île-de-France,Athis-Mons,athis-mons,91200,36222,9,4207.0,48.7093,2.3848
216,83,Var,Provence-Alpes-Côte d'Azur,Six-Fours-les-Plages,six-fours-les-plages,83140,36203,27,1345.0,43.0843,5.8079
217,60,Oise,Hauts-de-France,Creil,creil,60100,36106,11,3270.0,49.2557,2.4841
218,83,Var,Provence-Alpes-Côte d'Azur,Saint-Raphaël,saint-raphael,83530,35950,91,395.0,43.4582,6.8483
219,78,Yvelines,Île-de-France,Conflans-Sainte-Honorine,conflans-sainte-honorine,78700,35926,10,3629.0,49.0016,2.0992
220,69,Rhône,Auvergne-Rhône-Alpes,Villefranche-sur-Saône,villefranche-sur-saone,69400,35913,9,3800.0,45.9837,4.726
221,69,Rhône,Auvergne-Rhône-Alpes,Meyzieu,meyzieu,69330,35882,24,1525.0,45.7785,5.0114
222,91,Essonne,Île-de-France,Sainte-Geneviève-des-Bois,sainte-genevieve-des-bois,91700,35846,9,3830.0,48.643,2.3272
223,67,Bas-Rhin,Grand Est,Haguenau,haguenau,67500,35715,184,195.0,48.8388,7.8213
224,13,Bouches-du-Rhône,Provence-Alpes-Côte d'Azur,Vitrolles,vitrolles,13127,35532,37,967.0,43.4509,5.2656
225,94,Val-de-Marne,Île-de-France,Villeneuve-Saint-Georges,villeneuve-saint-georges,94190,35492,8,4414.0,48.7389,2.4493
226,974,La Réunion,La Réunion,La Possession,la-possession,97419,35245,119,297.0,-20.9965,55.3918
227,42,Loire,Auvergne-Rhône-Alpes,Saint-Chamond,saint-chamond,42400,35068,55,636.0,45.4687,4.5082
228,92,Hauts-de-Seine,Île-de-France,Châtenay-Malabry,chatenay-malabry,92290,34898,6,5478.0,48.7697,2.2603
229,91,Essonne,Île-de-France,Palaiseau,palaiseau,91120,34893,12,2987.0,48.7155,2.2293
230,974,La Réunion,La Réunion,Saint-Leu,saint-leu,97416,34893,118,295.0,-21.1816,55.3432
231,973,Guyane,Guyane,Matoury,matoury,97351,34810,149,234.0,4.8281,-52.3498
232,89,Yonne,Bourgogne-Franche-Comté,Auxerre,auxerre,89000,34778,50,698.0,47.7939,3.5821
233,42,Loire,Auvergne-Rhône-Alpes,Roanne,roanne,42300,34762,16,2163.0,46.0443,4.0797
234,71,Saône-et-Loire,Bourgogne-Franche-Comté,Mâcon,macon,71000,34448,27,1274.0,46.3265,4.8083
235,974,La Réunion,La Réunion,Sainte-Marie,sainte-marie,97438,34344,89,387.0,-20.9463,55.5234
236,94,Val-de-Marne,Île-de-France,Le Perreux-sur-Marne,le-perreux-sur-marne,94170,34213,4,8640.0,48.8433,2.5045
237,67,Bas-Rhin,Grand Est,Schiltigheim,schiltigheim,67300,34129,8,4473.0,48.6118,7.7511
238,78,Yvelines,Île-de-France,Les Mureaux,les-mureaux,78130,33977,12,2745.0,48.9877,1.911
239,78,Yvelines,Île-de-France,Trappes,trappes,78190,33717,14,2461.0,48.7738,1.9964
240,94,Val-de-Marne,Île-de-France,Nogent-sur-Marne,nogent-sur-marne,94130,33472,3,11997.0,48.837,2.4811
241,78,Yvelines,Île-de-France,Houilles,houilles,78800,33449,4,7500.0,48.9266,2.1866
242,03,Allier,Auvergne-Rhône-Alpes,Montluçon,montlucon,03100,33342,21,1610.0,46.3428,2.608
243,974,La Réunion,La Réunion,Le Port,le-port,97420,33336,16,2073.0,-20.9459,55.3038
244,93,Seine-Saint-Denis,Île-de-France,Romainville,romainville,93230,33266,3,9642.0,48.8849,2.4391
245,13,Bouches-du-Rhône,Provence-Alpes-Côte d'Azur,Marignane,marignane,13700,33003,24,1401.0,43.4218,5.2178
246,26,Drôme,Auvergne-Rhône-Alpes,Romans-sur-Isère,romans-sur-isere,26100,32911,33,985.0,45.0611,5.0477
247,58,Nièvre,Bourgogne-Franche-Comté,Nevers,nevers,58000,32830,17,1892.0,46.9852,3.1598
248,62,Pas-de-Calais,Hauts-de-France,Lens,lens,62300,32618,12,2790.0,50.4395,2.8191
249,33,Gironde,Nouvelle-Aquitaine,Saint-Médard-en-Jalles,saint-medard-en-jalles,33160,32538,85,383.0,44.8861,-0.7823
250,47,Lot-et-Garonne,Nouvelle-Aquitaine,Agen,agen,47000,32485,12,2820.0,44.201,0.6302
251,93,Seine-Saint-Denis,Île-de-France,Pierrefitte-sur-Seine,pierrefitte-sur-seine,93380,32379,3,9385.0,48.9378,2.3657
252,88,Vosges,Grand Est,Épinal,epinal,88000,32285,59,544.0,48.1637,6.4867
253,976,Mayotte,Mayotte,Koungou,koungou,97600,32156,28,1161.0,-12.7417,45.1912
254,95,Val-d'Oise,Île-de-France,Bezons,bezons,95870,32017,4,7660.0,48.925,2.2147
255,73,Savoie,Auvergne-Rhône-Alpes,Aix-les-Bains,aix-les-bains,73100,31874,16,2020.0,45.6943,5.9035
256,78,Yvelines,Île-de-France,Montigny-le-Bretonneux,montigny-le-bretonneux,78180,31777,11,2962.0,48.7776,2.0252
257,95,Val-d'Oise,Île-de-France,Herblay-sur-Seine,herblay-sur-seine,95220,31605,13,2504.0,49.0052,2.1556
258,59,Nord,Hauts-de-France,Cambrai,cambrai,59400,31425,18,1726.0,50.1722,3.2413
259,94,Val-de-Marne,Île-de-France,L'Haÿ-les-Roses,l-hay-les-roses,94240,31392,4,8049.0,48.7777,2.3416
260,78,Yvelines,Île-de-France,Plaisir,plaisir,78370,31375,18,1779.0,48.8129,1.9483
261,95,Val-d'Oise,Île-de-France,Pontoise,pontoise,95300,31327,7,4321.0,49.0488,2.0996
262,86,Vienne,Nouvelle-Aquitaine,Châtellerault,chatellerault,86100,31284,52,604.0,46.8147,0.5583
263,69,Rhône,Auvergne-Rhône-Alpes,Rillieux-la-Pape,rillieux-la-pape,69140,31247,15,2148.0,45.8265,4.895
264,94,Val-de-Marne,Île-de-France,Thiais,thiais,94320,31097,6,4829.0,48.7605,2.3869
265,38,Isère,Auvergne-Rhône-Alpes,Vienne,vienne,38200,31051,23,1374.0,45.5221,4.8803
266,91,Essonne,Île-de-France,Vigneux-sur-Seine,vigneux-sur-seine,91270,31050,9,3462.0,48.7021,2.4274
267,91,Essonne,Île-de-France,Viry-Châtillon,viry-chatillon,91170,31045,6,5048.0,48.6662,2.3758
268,06,Alpes-Maritimes,Provence-Alpes-Côte d'Azur,Saint-Laurent-du-Var,saint-laurent-du-var,06700,30941,9,3299.0,43.6865,7.1822
269,78,Yvelines,Île-de-France,Le Chesnay-Rocquencourt,le-chesnay-rocquencourt,78150,30924,4,7192.0,48.8285,2.1188
270,971,Guadeloupe,Guadeloupe,Baie-Mahault,baie-mahault,97122,30909,47,664.0,16.2498,-61.5951
271,28,Eure-et-Loir,Centre-Val de Loire,Dreux,dreux,28100,30879,24,1272.0,48.7482,1.3578
272,33,Gironde,Nouvelle-Aquitaine,Bègles,begles,33130,30813,11,2817.0,44.803,-0.5485
273,84,Vaucluse,Provence-Alpes-Côte d'Azur,Carpentras,carpentras,84200,30769,38,813.0,44.0629,5.0584
274,95,Val-d'Oise,Île-de-France,Goussainville,goussainville,95190,30693,11,2678.0,49.0266,2.4683
275,40,Landes,Nouvelle-Aquitaine,Mont-de-Marsan,mont-de-marsan,40000,30674,37,838.0,43.8931,-0.5009
276,94,Val-de-Marne,Île-de-France,Villiers-sur-Marne,villiers-sur-marne,94350,30669,4,7099.0,48.8278,2.5482
277,94,Val-de-Marne,Île-de-France,Cachan,cachan,94230,30592,3,11004.0,48.7914,2.3318
278,77,Seine-et-Marne,Île-de-France,Savigny-le-Temple,savigny-le-temple,77176,30510,12,2526.0,48.5846,2.5759
279,06,Alpes-Maritimes,Provence-Alpes-Côte d'Azur,Menton,menton,06500,30412,14,2139.0,43.7961,7.498
280,93,Seine-Saint-Denis,Île-de-France,Villemomble,villemomble,93250,30332,4,7527.0,48.8866,2.5085
281,92,Hauts-de-Seine,Île-de-France,Malakoff,malakoff,92240,30292,2,14634.0,48.817,2.2943
282,62,Pas-de-Calais,Hauts-de-France,Liévin,lievin,62800,30149,13,2341.0,50.4231,2.7702
283,92,Hauts-de-Seine,Île-de-France,La Garenne-Colombes,la-garenne-colombes,92250,29932,2,16816.0,48.9071,2.2437
284,91,Essonne,Île-de-France,Ris-Orangis,ris-orangis,91130,29825,8,3555.0,48.6457,2.4104
285,92,Hauts-de-Seine,Île-de-France,Bois-Colombes,bois-colombes,92270,29765,2,15422.0,48.9151,2.2688
286,93,Seine-Saint-Denis,Île-de-France,Clichy-sous-Bois,clichy-sous-bois,93390,29735,4,7528.0,48.9081,2.5432
287,69,Rhône,Auvergne-Rhône-Alpes,Décines-Charpieu,decines-charpieu,69150,29731,17,1746.0,45.7759,4.9589
288,92,Hauts-de-Seine,Île-de-France,Saint-Cloud,saint-cloud,92210,29727,8,3958.0,48.844,2.2032
289,78,Yvelines,Île-de-France,Chatou,chatou,78400,29649,5,5848.0,48.8964,2.1502
290,38,Isère,Auvergne-Rhône-Alpes,Bourgoin-Jallieu,bourgoin-jallieu,38300,29577,25,1199.0,45.6025,5.2747
291,54,Meurthe-et-Moselle,Grand Est,Vandœuvre-lès-Nancy,vandoeuvre-les-nancy,54500,29537,9,3159.0,48.66,6.1603
292,24,Dordogne,Nouvelle-Aquitaine,Périgueux,perigueux,24000,29516,10,2911.0,45.1939,0.7105
293,94,Val-de-Marne,Île-de-France,Charenton-le-Pont,charenton-le-pont,94220,29445,2,16090.0,48.8229,2.405
294,31,Haute-Garonne,Occitanie,Tournefeuille,tournefeuille,31170,29439,18,1612.0,43.5747,1.3338
295,78,Yvelines,Île-de-France,Guyancourt,guyancourt,78280,29406,13,2219.0,48.7735,2.0745
296,92,Hauts-de-Seine,Île-de-France,Le Plessis-Robinson,le-plessis-robinson,92350,29228,3,8571.0,48.7815,2.2592
297,91,Essonne,Île-de-France,Draveil,draveil,91210,29173,16,1831.0,48.6777,2.4249
298,34,Hérault,Occitanie,Agde,agde,34300,29103,51,572.0,43.3084,3.4838
299,59,Nord,Hauts-de-France,Maubeuge,maubeuge,59600,29066,19,1532.0,50.2834,3.9611
300,95,Val-d'Oise,Île-de-France,Ermont,ermont,95120,28987,4,6918.0,48.9891,2.258
301,76,Seine-Maritime,Normandie,Sotteville-lès-Rouen,sotteville-les-rouen,76300,28965,7,3909.0,49.4116,1.0944
302,84,Vaucluse,Provence-Alpes-Côte d'Azur,Orange,orange,84100,28949,74,389.0,44.1264,4.8031
303,95,Val-d'Oise,Île-de-France,Villiers-le-Bel,villiers-le-bel,95400,28836,7,3956.0,49.008,2.4036
304,94,Val-de-Marne,Île-de-France,Fresnes,fresnes,94260,28780,4,8107.0,48.7572,2.3263
305,02,Aisne,Hauts-de-France,Soissons,soissons,02200,28705,12,2328.0,49.3766,3.3235
306,91,Essonne,Île-de-France,Yerres,yerres,91330,28699,10,2887.0,48.7129,2.4932
307,76,Seine-Maritime,Normandie,Saint-Étienne-du-Rouvray,saint-etienne-du-rouvray,76800,28508,18,1563.0,49.3833,1.0909
308,76,Seine-Maritime,Normandie,Dieppe,dieppe,76370,28358,12,2332.0,49.9199,1.0838
309,44,Loire-Atlantique,Pays de la Loire,Saint-Sébastien-sur-Loire,saint-sebastien-sur-loire,44230,28283,12,2411.0,47.2065,-1.5023
310,06,Alpes-Maritimes,Provence-Alpes-Côte d'Azur,Vallauris,vallauris,06220,28025,13,2136.0,43.5787,7.0604
311,92,Hauts-de-Seine,Île-de-France,Vanves,vanves,92170,28014,2,18074.0,48.8214,2.2869
312,94,Val-de-Marne,Île-de-France,Limeil-Brévannes,limeil-brevannes,94450,27999,7,4017.0,48.7463,2.4924
313,93,Seine-Saint-Denis,Île-de-France,Montfermeil,montfermeil,93370,27980,5,5172.0,48.8976,2.5678
314,44,Loire-Atlantique,Pays de la Loire,Orvault,orvault,44700,27872,28,1003.0,47.2745,-1.6195
315,94,Val-de-Marne,Île-de-France,Sucy-en-Brie,sucy-en-brie,94370,27622,10,2653.0,48.7688,2.5374
316,973,Guyane,Guyane,Remire-Montjoly,remire-montjoly,97354,27274,51,533.0,4.8897,-52.2809
317,91,Essonne,Île-de-France,Grigny,grigny,91350,27257,5,5441.0,48.6584,2.3861
318,971,Guadeloupe,Guadeloupe,Le Gosier,le-gosier,97190,27184,45,598.0,16.2274,-61.4749
319,59,Nord,Hauts-de-France,Lambersart,lambersart,59130,27121,6,4475.0,50.6538,3.0248
320,67,Bas-Rhin,Grand Est,Illkirch-Graffenstaden,illkirch-graffenstaden,67400,27118,22,1219.0,48.522,7.7302
321,69,Rhône,Auvergne-Rhône-Alpes,Oullins-Pierre-Bénite,oullins-pierre-benite,69600,27113,4,6219.0,45.708,4.8112
322,91,Essonne,Île-de-France,Brétigny-sur-Orge,bretigny-sur-orge,91220,27106,15,1857.0,48.601,2.2989
323,89,Yonne,Bourgogne-Franche-Comté,Sens,sens,89100,27034,22,1238.0,48.1949,3.3039
324,95,Val-d'Oise,Île-de-France,Taverny,taverny,95150,27025,10,2596.0,49.0274,2.2179
325,77,Seine-et-Marne,Île-de-France,Villeparisis,villeparisis,77270,26822,8,3232.0,48.9408,2.6178
326,78,Yvelines,Île-de-France,Rambouillet,rambouillet,78120,26816,36,747.0,48.6538,1.8339
327,33,Gironde,Nouvelle-Aquitaine,Cenon,cenon,33150,26778,6,4690.0,44.8552,-0.5223
328,95,Val-d'Oise,Île-de-France,Sannois,sannois,95110,26768,5,5588.0,48.9731,2.2509
329,95,Val-d'Oise,Île-de-France,Cormeilles-en-Parisis,cormeilles-en-parisis,95240,26741,8,3150.0,48.9701,2.201
330,77,Seine-et-Marne,Île-de-France,Bussy-Saint-Georges,bussy-saint-georges,77600,26571,15,1742.0,48.8297,2.7091
331,33,Gironde,Nouvelle-Aquitaine,La Teste-de-Buch,la-teste-de-buch,33115,26556,178,149.0,44.586,-1.1809
332,91,Essonne,Île-de-France,Étampes,etampes,91150,26529,46,577.0,48.4227,2.1524
333,31,Haute-Garonne,Occitanie,Blagnac,blagnac,31700,26466,17,1539.0,43.641,1.377
334,13,Bouches-du-Rhône,Provence-Alpes-Côte d'Azur,Miramas,miramas,13140,26405,26,1025.0,43.5841,5.0148
335,24,Dordogne,Nouvelle-Aquitaine,Bergerac,bergerac,24100,26323,57,465.0,44.8519,0.4883
336,49,Maine-et-Loire,Pays de la Loire,Saumur,saumur,49400,26215,66,394.0,47.2645,-0.0837
337,34,Hérault,Occitanie,Lunel,lunel,34400,26185,24,1079.0,43.678,4.1329
338,78,Yvelines,Île-de-France,Élancourt,elancourt,78990,26082,9,2814.0,48.7771,1.9612
339,62,Pas-de-Calais,Hauts-de-France,Hénin-Beaumont,henin-beaumont,62110,26035,21,1253.0,50.4189,2.9584
340,44,Loire-Atlantique,Pays de la Loire,Vertou,vertou,44120,26002,38,681.0,47.1532,-1.4679
341,76,Seine-Maritime,Normandie,Le Grand-Quevilly,le-grand-quevilly,76120,25975,11,2355.0,49.4118,1.0416
342,95,Val-d'Oise,Île-de-France,Gonesse,gonesse,95500,25963,20,1280.0,48.9856,2.4602
343,84,Vaucluse,Provence-Alpes-Côte d'Azur,Cavaillon,cavaillon,84300,25923,46,565.0,43.8485,5.0333
344,83,Var,Provence-Alpes-Côte d'Azur,La Garde,la-garde,83130,25912,16,1643.0,43.129,6.0162
345,33,Gironde,Nouvelle-Aquitaine,Gradignan,gradignan,33170,25835,16,1650.0,44.7681,-0.6163
346,15,Cantal,Auvergne-Rhône-Alpes,Aurillac,aurillac,15000,25815,29,885.0,44.9281,2.4416
347,49,Maine-et-Loire,Pays de la Loire,Sèvremoine,sevremoine,49450,25806,28,934.0,47.0878,-1.0968
348,03,Allier,Auvergne-Rhône-Alpes,Vichy,vichy,03200,25789,6,4401.0,46.1318,3.4254
349,64,Pyrénées-Atlantiques,Nouvelle-Aquitaine,Biarritz,biarritz,64200,25764,12,2086.0,43.4709,-1.5557
350,77,Seine-et-Marne,Île-de-France,Champs-sur-Marne,champs-sur-marne,77420,25695,8,3298.0,48.8485,2.594
351,59,Nord,Hauts-de-France,Armentières,armentieres,59280,25581,6,4106.0,50.6925,2.8787
352,25,Doubs,Bourgogne-Franche-Comté,Montbéliard,montbeliard,25200,25573,15,1714.0,47.5168,6.7834
353,61,Orne,Normandie,Alençon,alencon,61000,25555,11,2373.0,48.431,0.0923
354,17,Charente-Maritime,Nouvelle-Aquitaine,Saintes,saintes,17100,25518,46,556.0,45.7462,-0.6456
355,91,Essonne,Île-de-France,Brunoy,brunoy,91800,25423,7,3864.0,48.6948,2.5059
356,95,Val-d'Oise,Île-de-France,Eaubonne,eaubonne,95600,25373,4,5793.0,48.9912,2.2781
357,92,Hauts-de-Seine,Île-de-France,Villeneuve-la-Garenne,villeneuve-la-garenne,92390,25371,3,7953.0,48.9354,2.3231
358,18,Cher,Centre-Val de Loire,Vierzon,vierzon,18100,25348,75,339.0,47.2351,2.0776
359,91,Essonne,Île-de-France,Les Ulis,les-ulis,91940,25253,5,4651.0,48.6817,2.1864
360,31,Haute-Garonne,Occitanie,Muret,muret,31600,25060,58,429.0,43.4407,1.2987
361,95,Val-d'Oise,Île-de-France,Saint-Ouen-l'Aumône,saint-ouen-l-aumone,95310,25023,14,1786.0,49.045,2.1293
362,62,Pas-de-Calais,Hauts-de-France,Béthune,bethune,62400,24992,10,2631.0,50.5299,2.6438
363,34,Hérault,Occitanie,Castelnau-le-Lez,castelnau-le-lez,34170,24888,11,2242.0,43.6372,3.9113
364,92,Hauts-de-Seine,Île-de-France,Fontenay-aux-Roses,fontenay-aux-roses,92260,24772,3,9791.0,48.7895,2.2876
365,973,Guyane,Guyane,Kourou,kourou,97310,24612,2285,11.0,4.9085,-52.7767
366,33,Gironde,Nouvelle-Aquitaine,Libourne,libourne,33500,24557,21,1187.0,44.9125,-0.2328
367,27,Eure,Normandie,Vernon,vernon,27200,24543,34,715.0,49.0921,1.4827
368,94,Val-de-Marne,Île-de-France,Orly,orly,94310,24482,7,3670.0,48.7402,2.403
369,94,Val-de-Marne,Île-de-France,Le Kremlin-Bicêtre,le-kremlin-bicetre,94270,24380,2,15729.0,48.8087,2.356
370,33,Gironde,Nouvelle-Aquitaine,Eysines,eysines,33320,24374,12,2026.0,44.8779,-0.646
371,33,Gironde,Nouvelle-Aquitaine,Le Bouscat,le-bouscat,33110,24339,5,4618.0,44.865,-0.6033
372,974,La Réunion,La Réunion,Sainte-Suzanne,sainte-suzanne,97441,24293,58,420.0,-20.9507,55.5936
373,971,Guadeloupe,Guadeloupe,Sainte-Anne,sainte-anne,97180,24281,81,301.0,16.2565,-61.3896
374,971,Guadeloupe,Guadeloupe,Petit-Bourg,petit-bourg,97170,24272,131,185.0,16.1695,-61.658
375,12,Aveyron,Occitanie,Rodez,rodez,12000,24207,11,2142.0,44.3591,2.5699
376,93,Seine-Saint-Denis,Île-de-France,Les Pavillons-sous-Bois,les-pavillons-sous-bois,93320,24165,3,8247.0,48.907,2.5057
377,02,Aisne,Hauts-de-France,Laon,laon,02000,24021,45,539.0,49.5711,3.613
378,83,Var,Provence-Alpes-Côte d'Azur,La Valette-du-Var,la-valette-du-var,83160,23955,15,1556.0,43.1484,5.9893
379,34,Hérault,Occitanie,Frontignan,frontignan,34110,23808,40,598.0,43.4486,3.7493
380,91,Essonne,Île-de-France,Montgeron,montgeron,91230,23800,11,2133.0,48.6952,2.4638
381,39,Jura,Bourgogne-Franche-Comté,Dole,dole,39100,23775,38,624.0,47.0739,5.5024
382,49,Maine-et-Loire,Pays de la Loire,Beaupréau-en-Mauges,beaupreau-en-mauges,49600,23639,36,659.0,47.2028,-0.9844
383,93,Seine-Saint-Denis,Île-de-France,Les Lilas,les-lilas,93260,23469,1,18775.0,48.8821,2.4207
384,33,Gironde,Nouvelle-Aquitaine,Lormont,lormont,33310,23291,8,2990.0,44.8749,-0.5176
385,17,Charente-Maritime,Nouvelle-Aquitaine,Rochefort,rochefort,17300,23092,22,1048.0,45.9455,-0.9745
386,78,Yvelines,Île-de-France,Maisons-Laffitte,maisons-laffitte,78600,23080,7,3330.0,48.9503,2.1533
387,52,Haute-Marne,Grand Est,Saint-Dizier,saint-dizier,52100,23068,48,477.0,48.6319,4.9399
388,77,Seine-et-Marne,Île-de-France,Roissy-en-Brie,roissy-en-brie,77680,23061,14,1683.0,48.7913,2.6647
389,44,Loire-Atlantique,Pays de la Loire,Couëron,coueron,44220,23057,49,473.0,47.2391,-1.7472
390,32,Gers,Occitanie,Auch,auch,32000,23041,73,314.0,43.6602,0.5673
391,56,Morbihan,Bretagne,Lanester,lanester,56600,23026,16,1419.0,47.7686,-3.326
392,59,Nord,Hauts-de-France,Loos,loos,59120,23013,7,3335.0,50.6078,3.0215
393,04,Alpes-de-Haute-Provence,Provence-Alpes-Côte d'Azur,Manosque,manosque,04100,22926,57,404.0,43.8293,5.7896
394,38,Isère,Auvergne-Rhône-Alpes,Fontaine,fontaine,38600,22891,7,3422.0,45.194,5.6763
395,45,Loiret,Centre-Val de Loire,Olivet,olivet,45160,22855,23,980.0,47.8559,1.8913
396,77,Seine-et-Marne,Île-de-France,Dammarie-les-Lys,dammarie-les-lys,77190,22845,10,2233.0,48.5147,2.6199
397,78,Yvelines,Île-de-France,Vélizy-Villacoublay,velizy-villacoublay,78140,22713,9,2535.0,48.784,2.1956
398,68,Haut-Rhin,Grand Est,Saint-Louis,saint-louis,68300,22698,17,1339.0,47.5986,7.543
399,69,Rhône,Auvergne-Rhône-Alpes,Tassin-la-Demi-Lune,tassin-la-demi-lune,69160,22676,8,2852.0,45.7637,4.7521
400,971,Guadeloupe,Guadeloupe,Le Moule,le-moule,97160,22645,83,271.0,16.3354,-61.36
401,92,Hauts-de-Seine,Île-de-France,Sèvres,sevres,92310,22618,4,5770.0,48.8223,2.2056
402,95,Val-d'Oise,Île-de-France,Montigny-lès-Cormeilles,montigny-les-cormeilles,95370,22603,4,5595.0,48.9934,2.1937
403,80,Somme,Hauts-de-France,Abbeville,abbeville,80100,22595,26,855.0,50.1101,1.8319
404,95,Val-d'Oise,Île-de-France,Deuil-la-Barre,deuil-la-barre,95170,22510,4,6035.0,48.9704,2.327
405,85,Vendée,Pays de la Loire,Challans,challans,85300,22494,65,344.0,46.833,-1.8422
406,59,Nord,Hauts-de-France,La Madeleine,la-madeleine,59110,22488,3,8360.0,50.6541,3.0699
407,77,Seine-et-Marne,Île-de-France,Torcy,torcy,77200,22444,6,3655.0,48.8534,2.6476
408,33,Gironde,Nouvelle-Aquitaine,Gujan-Mestras,gujan-mestras,33470,22399,50,446.0,44.5758,-1.0813
409,91,Essonne,Île-de-France,Gif-sur-Yvette,gif-sur-yvette,91190,22352,12,1875.0,48.6964,2.1342
410,01,Ain,Auvergne-Rhône-Alpes,Oyonnax,oyonnax,01100,22277,36,620.0,46.2599,5.6517
411,77,Seine-et-Marne,Île-de-France,Montereau-Fault-Yonne,montereau-fault-yonne,77130,22259,9,2460.0,48.3887,2.962
412,77,Seine-et-Marne,Île-de-France,Combs-la-Ville,combs-la-ville,77380,22240,15,1527.0,48.6602,2.5765
413,14,Calvados,Normandie,Hérouville-Saint-Clair,herouville-saint-clair,14200,22227,11,2089.0,49.2042,-0.3324
414,13,Bouches-du-Rhône,Provence-Alpes-Côte d'Azur,Les Pennes-Mirabeau,les-pennes-mirabeau,13170,22161,34,657.0,43.4005,5.3222
415,51,Marne,Grand Est,Épernay,epernay,51200,22001,23,964.0,49.0391,3.9282
416,95,Val-d'Oise,Île-de-France,Montmorency,montmorency,95160,21870,5,4206.0,48.9922,2.322
417,69,Rhône,Auvergne-Rhône-Alpes,Sainte-Foy-lès-Lyon,sainte-foy-les-lyon,69110,21858,7,3196.0,45.7362,4.7926
418,57,Moselle,Grand Est,Montigny-lès-Metz,montigny-les-metz,57950,21854,7,3262.0,49.0966,6.1548
419,62,Pas-de-Calais,Hauts-de-France,Bruay-la-Buissière,bruay-la-buissiere,62700,21827,17,1322.0,50.4891,2.5505
420,76,Seine-Maritime,Normandie,Le Petit-Quevilly,le-petit-quevilly,76140,21782,4,4996.0,49.4238,1.0572
421,12,Aveyron,Occitanie,Millau,millau,12100,21712,170,128.0,44.0982,3.1176
422,45,Loiret,Centre-Val de Loire,Saint-Jean-de-Braye,saint-jean-de-braye,45800,21700,14,1583.0,47.9216,1.9695
423,52,Haute-Marne,Grand Est,Chaumont,chaumont,52000,21699,55,392.0,48.0965,5.1566
424,47,Lot-et-Garonne,Nouvelle-Aquitaine,Villeneuve-sur-Lot,villeneuve-sur-lot,47300,21629,81,266.0,44.4183,0.7484
425,06,Alpes-Maritimes,Provence-Alpes-Côte d'Azur,Mandelieu-la-Napoule,mandelieu-la-napoule,06210,21561,32,672.0,43.5334,6.918
426,94,Val-de-Marne,Île-de-France,Arcueil,arcueil,94110,21557,2,9292.0,48.8053,2.3328
427,59,Nord,Hauts-de-France,Hazebrouck,hazebrouck,59190,21498,27,782.0,50.7254,2.5357
428,13,Bouches-du-Rhône,Provence-Alpes-Côte d'Azur,Allauch,allauch,13190,21490,50,427.0,43.3522,5.5103
429,59,Nord,Hauts-de-France,Mons-en-Barœul,mons-en-baroeul,59370,21467,3,7428.0,50.6436,3.1091
430,45,Loiret,Centre-Val de Loire,Fleury-les-Aubrais,fleury-les-aubrais,45400,21438,10,2110.0,47.9449,1.9223
431,91,Essonne,Île-de-France,Saint-Michel-sur-Orge,saint-michel-sur-orge,91240,21437,5,4030.0,48.6326,2.313
432,93,Seine-Saint-Denis,Île-de-France,Neuilly-Plaisance,neuilly-plaisance,93360,21415,3,6280.0,48.8641,2.5097
433,49,Maine-et-Loire,Pays de la Loire,Chemillé-en-Anjou,chemille-en-anjou,49120,21386,49,432.0,47.2211,-0.6964
434,60,Oise,Hauts-de-France,Nogent-sur-Oise,nogent-sur-oise,60180,21382,7,2893.0,49.2764,2.4644
435,78,Yvelines,Île-de-France,Mantes-la-Ville,mantes-la-ville,78711,21376,6,3426.0,48.9752,1.7103
436,78,Yvelines,Île-de-France,Achères,acheres,78260,21368,10,2242.0,48.9817,2.1095
437,40,Landes,Nouvelle-Aquitaine,Dax,dax,40100,21347,20,1084.0,43.7025,-1.0637
438,972,Martinique,Martinique,Le Robert,le-robert,97231,21305,46,464.0,14.6786,-60.9243
439,94,Val-de-Marne,Île-de-France,Saint-Mandé,saint-mande,94160,21195,1,23550.0,48.8414,2.4195
440,77,Seine-et-Marne,Île-de-France,Lagny-sur-Marne,lagny-sur-marne,77400,21191,6,3660.0,48.8716,2.7045
441,13,Bouches-du-Rhône,Provence-Alpes-Côte d'Azur,Gardanne,gardanne,13120,21174,27,779.0,43.4585,5.4857
442,57,Moselle,Grand Est,Forbach,forbach,57600,21130,16,1284.0,49.1916,6.8985
443,94,Val-de-Marne,Île-de-France,Villeneuve-le-Roi,villeneuve-le-roi,94290,21129,8,2492.0,48.732,2.4076
444,78,Yvelines,Île-de-France,Saint-Cyr-l'École,saint-cyr-l-ecole,78210,20971,5,4104.0,48.8064,2.0657
445,69,Rhône,Auvergne-Rhône-Alpes,Saint-Genis-Laval,saint-genis-laval,69230,20929,13,1619.0,45.6922,4.7929
446,38,Isère,Auvergne-Rhône-Alpes,Voiron,voiron,38500,20891,22,950.0,45.3805,5.5869
447,95,Val-d'Oise,Île-de-France,Saint-Gratien,saint-gratien,95210,20866,3,7643.0,48.9679,2.285
448,59,Nord,Hauts-de-France,Wasquehal,wasquehal,59290,20836,7,3020.0,50.6726,3.1296
449,59,Nord,Hauts-de-France,Halluin,halluin,59250,20829,13,1644.0,50.7759,3.1257
450,92,Hauts-de-Seine,Île-de-France,Bourg-la-Reine,bourg-la-reine,92340,20810,2,11188.0,48.7801,2.3167
451,91,Essonne,Île-de-France,Morsang-sur-Orge,morsang-sur-orge,91390,20785,4,4745.0,48.6564,2.3513
452,59,Nord,Hauts-de-France,Croix,croix,59170,20778,4,4648.0,50.6754,3.155
453,59,Nord,Hauts-de-France,Coudekerque-Branche,coudekerque-branche,59210,20765,9,2255.0,51.0183,2.3986
454,71,Saône-et-Loire,Bourgogne-Franche-Comté,Le Creusot,le-creusot,71200,20731,18,1148.0,46.8065,4.4257
455,77,Seine-et-Marne,Île-de-France,Ozoir-la-Ferrière,ozoir-la-ferriere,77330,20692,16,1321.0,48.7631,2.6753
456,69,Rhône,Auvergne-Rhône-Alpes,Givors,givors,69700,20654,17,1182.0,45.5845,4.7561
457,35,Ille-et-Vilaine,Bretagne,Fougères,fougeres,35300,20653,10,1982.0,48.3512,-1.1953
458,59,Nord,Hauts-de-France,Denain,denain,59220,20640,12,1779.0,50.329,3.3922
459,77,Seine-et-Marne,Île-de-France,Mitry-Mory,mitry-mory,77290,20627,30,689.0,48.9796,2.6116
460,57,Moselle,Grand Est,Sarreguemines,sarreguemines,57200,20624,30,688.0,49.106,7.0709
461,91,Essonne,Île-de-France,Longjumeau,longjumeau,91160,20620,5,4243.0,48.6923,2.3057
462,29,Finistère,Bretagne,Concarneau,concarneau,29900,20607,41,502.0,47.8977,-3.8993
463,85,Vendée,Pays de la Loire,Montaigu-Vendée,montaigu-vendee,85600,20605,3,6756.0,46.9741,-1.2923
464,44,Loire-Atlantique,Pays de la Loire,Carquefou,carquefou,44470,20510,43,473.0,47.2968,-1.4687
465,92,Hauts-de-Seine,Île-de-France,Sceaux,sceaux,92330,20488,4,5691.0,48.776,2.2963
466,78,Yvelines,Île-de-France,La Celle-Saint-Cloud,la-celle-saint-cloud,78170,20476,6,3488.0,48.8498,2.1342
467,94,Val-de-Marne,Île-de-France,Joinville-le-Pont,joinville-le-pont,94340,20413,2,8993.0,48.8199,2.4685
468,44,Loire-Atlantique,Pays de la Loire,Bouguenais,bouguenais,44340,20410,31,656.0,47.171,-1.6181
469,22,Côtes-d'Armor,Bretagne,Lannion,lannion,22300,20344,48,425.0,48.7454,-3.4697
470,31,Haute-Garonne,Occitanie,Cugnaux,cugnaux,31270,20341,13,1562.0,43.5446,1.3432
471,44,Loire-Atlantique,Pays de la Loire,La Chapelle-sur-Erdre,la-chapelle-sur-erdre,44240,20331,33,609.0,47.3041,-1.5621
472,59,Nord,Hauts-de-France,Grande-Synthe,grande-synthe,59760,20331,21,964.0,51.0157,2.2938
473,94,Val-de-Marne,Île-de-France,Chevilly-Larue,chevilly-larue,94550,20326,4,4828.0,48.7679,2.3507
474,67,Bas-Rhin,Grand Est,Lingolsheim,lingolsheim,67380,20266,6,3562.0,48.5543,7.6837
475,94,Val-de-Marne,Île-de-France,Le Plessis-Trévise,le-plessis-trevise,94420,20218,4,4648.0,48.808,2.5763
476,33,Gironde,Nouvelle-Aquitaine,Bruges,bruges,33520,20215,14,1424.0,44.8893,-0.6029
477,77,Seine-et-Marne,Île-de-France,Le Mée-sur-Seine,le-mee-sur-seine,77350,20207,6,3641.0,48.5401,2.6301
478,63,Puy-de-Dôme,Auvergne-Rhône-Alpes,Cournon-d'Auvergne,cournon-d-auvergne,63800,20193,19,1071.0,45.742,3.1885
479,46,Lot,Occitanie,Cahors,cahors,46000,20141,65,311.0,44.4565,1.439
480,76,Seine-Maritime,Normandie,Mont-Saint-Aignan,mont-saint-aignan,76130,20066,8,2530.0,49.4673,1.0806
481,21,Côte-d'Or,Bourgogne-Franche-Comté,Beaune,beaune,21200,20032,31,644.0,47.0272,4.8421
482,84,Vaucluse,Provence-Alpes-Côte d'Azur,Pertuis,pertuis,84120,20012,59,338.0,43.6931,5.5345
483,92,Hauts-de-Seine,Île-de-France,Chaville,chaville,92370,19991,4,5600.0,48.8091,2.191
484,84,Vaucluse,Provence-Alpes-Côte d'Azur,L'Isle-sur-la-Sorgue,l-isle-sur-la-sorgue,84800,19965,45,447.0,43.9191,5.0588
485,31,Haute-Garonne,Occitanie,Plaisance-du-Touch,plaisance-du-touch,31830,19944,27,746.0,43.5626,1.2833
486,91,Essonne,Île-de-France,Chilly-Mazarin,chilly-mazarin,91380,19938,6,3535.0,48.7051,2.3103
487,79,Deux-Sèvres,Nouvelle-Aquitaine,Bressuire,bressuire,79300,19906,182,109.0,46.8654,-0.4733
488,73,Savoie,Auvergne-Rhône-Alpes,Albertville,albertville,73200,19812,17,1145.0,45.6647,6.41
489,14,Calvados,Normandie,Lisieux,lisieux,14100,19807,13,1526.0,49.1478,0.2426
490,06,Alpes-Maritimes,Provence-Alpes-Côte d'Azur,Mougins,mougins,06250,19677,26,757.0,43.5931,7.0046
491,35,Ille-et-Vilaine,Bretagne,Bruz,bruz,35170,19651,30,660.0,48.024,-1.7469
492,26,Drôme,Auvergne-Rhône-Alpes,Bourg-lès-Valence,bourg-les-valence,26500,19581,20,969.0,44.9637,4.89
493,59,Nord,Hauts-de-France,Ronchin,ronchin,59790,19437,5,3553.0,50.6034,3.0931
494,06,Alpes-Maritimes,Provence-Alpes-Côte d'Azur,Vence,vence,06140,19415,39,494.0,43.7373,7.0995
495,50,Manche,Normandie,Saint-Lô,saint-lo,50000,19373,23,833.0,49.1123,-1.0812
496,69,Rhône,Auvergne-Rhône-Alpes,Saint-Fons,saint-fons,69190,19360,6,3195.0,45.6997,4.8514
497,03,Allier,Auvergne-Rhône-Alpes,Moulins,moulins,03000,19343,9,2223.0,46.5591,3.3255
498,972,Martinique,Martinique,Schœlcher,schoelcher,97233,19341,21,917.0,14.6518,-61.1001
499,88,Vosges,Grand Est,Saint-Dié-des-Vosges,saint-die-des-vosges,88100,19319,46,418.0,48.2973,6.9386
500,67,Bas-Rhin,Grand Est,Sélestat,selestat,67600,19300,47,407.0,48.2507,7.4588
501,77,Seine-et-Marne,Île-de-France,Brie-Comte-Robert,brie-comte-robert,77170,19213,20,965.0,48.6904,2.6131
502,83,Var,Provence-Alpes-Côte d'Azur,La Crau,la-crau,83260,19179,38,510.0,43.1706,6.0923
503,84,Vaucluse,Provence-Alpes-Côte d'Azur,Sorgues,sorgues,84700,19117,34,570.0,44.016,4.8555
504,38,Isère,Auvergne-Rhône-Alpes,Villefontaine,villefontaine,38090,19083,10,1847.0,45.6161,5.1549
505,94,Val-de-Marne,Île-de-France,Gentilly,gentilly,94250,19048,1,16280.0,48.812,2.3426
506,17,Charente-Maritime,Nouvelle-Aquitaine,Royan,royan,17200,19029,20,974.0,45.6343,-1.0127
507,35,Ille-et-Vilaine,Bretagne,Vitré,vitre,35500,18998,39,492.0,48.1105,-1.1972
508,973,Guyane,Guyane,Macouria,macouria,97355,18847,309,61.0,4.9925,-52.4835
509,94,Val-de-Marne,Île-de-France,Bonneuil-sur-Marne,bonneuil-sur-marne,94380,18750,6,3391.0,48.7721,2.493
510,63,Puy-de-Dôme,Auvergne-Rhône-Alpes,Riom,riom,63200,18736,33,575.0,45.8937,3.1274
511,59,Nord,Hauts-de-France,Hem,hem,59510,18713,10,1935.0,50.6531,3.1913
512,43,Haute-Loire,Auvergne-Rhône-Alpes,Le Puy-en-Velay,le-puy-en-velay,43000,18629,17,1104.0,45.0283,3.8973
513,78,Yvelines,Île-de-France,Maurepas,maurepas,78310,18611,8,2205.0,48.7712,1.925
514,56,Morbihan,Bretagne,Ploemeur,ploemeur,56270,18591,40,466.0,47.7312,-3.4486
515,38,Isère,Auvergne-Rhône-Alpes,Meylan,meylan,38240,18573,13,1483.0,45.2147,5.7865
516,971,Guadeloupe,Guadeloupe,Lamentin,lamentin,97129,18527,65,283.0,16.2443,-61.6695
517,95,Val-d'Oise,Île-de-France,Éragny,eragny,95610,18468,5,3955.0,49.0224,2.1002
518,16,Charente,Nouvelle-Aquitaine,Cognac,cognac,16100,18448,15,1237.0,45.696,-0.3376
519,91,Essonne,Île-de-France,Juvisy-sur-Orge,juvisy-sur-orge,91260,18424,2,8262.0,48.6917,2.3722
520,94,Val-de-Marne,Île-de-France,Chennevières-sur-Marne,chennevieres-sur-marne,94430,18367,5,3519.0,48.7951,2.5443
521,69,Rhône,Auvergne-Rhône-Alpes,Écully,ecully,69130,18361,8,2183.0,45.7822,4.7737
522,27,Eure,Normandie,Louviers,louviers,27400,18350,27,677.0,49.2213,1.1562
523,49,Maine-et-Loire,Pays de la Loire,Mauges-sur-Loire,mauges-sur-loire,49410,18331,40,463.0,47.3435,-0.9351
524,78,Yvelines,Île-de-France,Carrières-sous-Poissy,carrieres-sous-poissy,78955,18316,7,2530.0,48.9469,2.0264
525,30,Gard,Occitanie,Bagnols-sur-Cèze,bagnols-sur-ceze,30200,18248,31,584.0,44.1622,4.6244
526,77,Seine-et-Marne,Île-de-France,Moissy-Cramayel,moissy-cramayel,77550,18248,14,1281.0,48.6247,2.5958
527,41,Loir-et-Cher,Centre-Val de Loire,Romorantin-Lanthenay,romorantin-lanthenay,41200,18115,45,402.0,47.3725,1.7368
528,59,Nord,Hauts-de-France,Faches-Thumesnil,faches-thumesnil,59155,18110,5,3946.0,50.5956,3.0714
529,76,Seine-Maritime,Normandie,Fécamp,fecamp,76400,18016,15,1182.0,49.7479,0.4012
530,95,Val-d'Oise,Île-de-France,Soisy-sous-Montmorency,soisy-sous-montmorency,95230,18008,4,4571.0,48.9888,2.3003
531,67,Bas-Rhin,Grand Est,Bischheim,bischheim,67800,17939,4,4096.0,48.6207,7.7617
532,972,Martinique,Martinique,Ducos,ducos,97224,17912,31,573.0,14.5785,-60.9685
533,44,Loire-Atlantique,Pays de la Loire,Pornic,pornic,44210,17910,95,189.0,47.1302,-2.0569
534,13,Bouches-du-Rhône,Provence-Alpes-Côte d'Azur,Châteauneuf-les-Martigues,chateauneuf-les-martigues,13220,17909,33,547.0,43.3904,5.1464
535,92,Hauts-de-Seine,Île-de-France,Garches,garches,92380,17898,3,6604.0,48.8469,2.1861
536,62,Pas-de-Calais,Hauts-de-France,Carvin,carvin,62220,17852,21,843.0,50.4903,2.9516
537,25,Doubs,Bourgogne-Franche-Comté,Pontarlier,pontarlier,25300,17849,41,432.0,46.9167,6.3796
538,976,Mayotte,Mayotte,Dzaoudzi,dzaoudzi,97615,17831,6,2743.0,-12.7761,45.2769
539,64,Pyrénées-Atlantiques,Nouvelle-Aquitaine,Hendaye,hendaye,64700,17796,11,1693.0,43.3635,-1.7627
540,54,Meurthe-et-Moselle,Grand Est,Lunéville,luneville,54300,17755,16,1076.0,48.5963,6.5101
541,33,Gironde,Nouvelle-Aquitaine,Floirac,floirac,33270,17749,8,2096.0,44.8322,-0.5215
542,971,Guadeloupe,Guadeloupe,Capesterre-Belle-Eau,capesterre-belle-eau,97130,17731,103,172.0,16.0486,-61.6197
543,35,Ille-et-Vilaine,Bretagne,Cesson-Sévigné,cesson-sevigne,35510,17716,32,552.0,48.1235,-1.5935
544,49,Maine-et-Loire,Pays de la Loire,Segré-en-Anjou Bleu,segre-en-anjou-bleu,49500,17699,16,1091.0,47.7111,-0.854
545,62,Pas-de-Calais,Hauts-de-France,Avion,avion,62210,17672,13,1358.0,50.404,2.8243
546,83,Var,Provence-Alpes-Côte d'Azur,Brignoles,brignoles,83170,17664,71,249.0,43.3878,6.0759
547,83,Var,Provence-Alpes-Côte d'Azur,Saint-Maximin-la-Sainte-Baume,saint-maximin-la-sainte-baume,83470,17631,65,273.0,43.4488,5.8603
548,971,Guadeloupe,Guadeloupe,Sainte-Rose,sainte-rose,97115,17630,124,143.0,16.2937,-61.6836
549,78,Yvelines,Île-de-France,Limay,limay,78520,17626,12,1527.0,48.9911,1.7367
550,94,Val-de-Marne,Île-de-France,Boissy-Saint-Léger,boissy-saint-leger,94470,17570,9,1979.0,48.7453,2.5251
551,84,Vaucluse,Provence-Alpes-Côte d'Azur,Le Pontet,le-pontet,84130,17551,11,1634.0,43.9707,4.8614
552,34,Hérault,Occitanie,Lattes,lattes,34970,17544,32,543.0,43.567,3.899
553,63,Puy-de-Dôme,Auvergne-Rhône-Alpes,Chamalières,chamalieres,63400,17454,4,4642.0,45.7741,3.0605
554,57,Moselle,Grand Est,Yutz,yutz,57970,17401,14,1251.0,49.357,6.2
555,94,Val-de-Marne,Île-de-France,Bry-sur-Marne,bry-sur-marne,94360,17400,3,5241.0,48.8392,2.5224
556,31,Haute-Garonne,Occitanie,Balma,balma,31130,17385,17,1039.0,43.6108,1.5037
557,95,Val-d'Oise,Île-de-France,Osny,osny,95520,17277,12,1407.0,49.0668,2.0618
558,83,Var,Provence-Alpes-Côte d'Azur,Sanary-sur-Mer,sanary-sur-mer,83110,17268,20,871.0,43.1374,5.7951
559,47,Lot-et-Garonne,Nouvelle-Aquitaine,Marmande,marmande,47200,17239,45,384.0,44.5014,0.1689
560,78,Yvelines,Île-de-France,Les Clayes-sous-Bois,les-clayes-sous-bois,78340,17237,6,2830.0,48.8168,1.9835
561,38,Isère,Auvergne-Rhône-Alpes,L'Isle-d'Abeau,l-isle-d-abeau,38080,17206,13,1327.0,45.6153,5.2234
562,04,Alpes-de-Haute-Provence,Provence-Alpes-Côte d'Azur,Digne-les-Bains,digne-les-bains,04000,17192,110,157.0,44.0954,6.2495
563,95,Val-d'Oise,Île-de-France,Jouy-le-Moutier,jouy-le-moutier,95280,17175,7,2350.0,49.0118,2.0357
564,74,Haute-Savoie,Auvergne-Rhône-Alpes,Cluses,cluses,74300,17164,10,1642.0,46.0625,6.5775
565,42,Loire,Auvergne-Rhône-Alpes,Firminy,firminy,42700,17137,10,1641.0,45.3827,4.2895
566,14,Calvados,Normandie,Vire Normandie,vire-normandie,14500,17135,23,754.0,48.8199,-0.87
567,74,Haute-Savoie,Auvergne-Rhône-Alpes,Sallanches,sallanches,74700,17133,66,261.0,45.9323,6.6041
568,39,Jura,Bourgogne-Franche-Comté,Lons-le-Saunier,lons-le-saunier,39000,17043,8,2237.0,46.6758,5.5574
569,37,Indre-et-Loire,Centre-Val de Loire,Saint-Cyr-sur-Loire,saint-cyr-sur-loire,37540,17004,13,1266.0,47.4188,0.6554
570,38,Isère,Auvergne-Rhône-Alpes,Saint-Égrève,saint-egreve,38120,16995,11,1565.0,45.2315,5.6828
571,78,Yvelines,Île-de-France,Viroflay,viroflay,78220,16960,3,4860.0,48.8017,2.1725
572,07,Ardèche,Auvergne-Rhône-Alpes,Annonay,annonay,07100,16873,21,800.0,45.2449,4.6419
573,93,Seine-Saint-Denis,Île-de-France,Le Pré-Saint-Gervais,le-pre-saint-gervais,93310,16865,1,24442.0,48.884,2.4054
574,22,Côtes-d'Armor,Bretagne,Lamballe-Armor,lamballe-armor,22400,16845,77,218.0,48.4859,-2.5201
575,71,Saône-et-Loire,Bourgogne-Franche-Comté,Montceau-les-Mines,montceau-les-mines,71300,16831,17,1007.0,46.6753,4.3547
576,33,Gironde,Nouvelle-Aquitaine,Ambarès-et-Lagrave,ambares-et-lagrave,33440,16798,25,681.0,44.9517,-0.5
577,33,Gironde,Nouvelle-Aquitaine,Cestas,cestas,33610,16789,100,169.0,44.7274,-0.7349
578,06,Alpes-Maritimes,Provence-Alpes-Côte d'Azur,Villeneuve-Loubet,villeneuve-loubet,06270,16779,20,840.0,43.647,7.0984
579,53,Mayenne,Pays de la Loire,Château-Gontier-sur-Mayenne,chateau-gontier-sur-mayenne,53200,16710,28,598.0,47.821,-0.701
580,49,Maine-et-Loire,Pays de la Loire,Orée d'Anjou,oree-d-anjou,49270,16709,16,1066.0,47.3042,-1.2135
581,55,Meuse,Grand Est,Verdun,verdun,55100,16689,32,524.0,49.144,5.3609
582,45,Loiret,Centre-Val de Loire,Saran,saran,45770,16679,20,822.0,47.9479,1.8806
583,13,Bouches-du-Rhône,Provence-Alpes-Côte d'Azur,Châteaurenard,chateaurenard,13160,16669,35,478.0,43.8829,4.8344
584,08,Ardennes,Grand Est,Sedan,sedan,08200,16608,16,1024.0,49.6993,4.9269
585,34,Hérault,Occitanie,Mauguio,mauguio,34130,16596,77,216.0,43.5915,4.0128
586,45,Loiret,Centre-Val de Loire,Saint-Jean-de-la-Ruelle,saint-jean-de-la-ruelle,45140,16594,6,2725.0,47.9101,1.872
587,78,Yvelines,Île-de-France,Marly-le-Roi,marly-le-roi,78160,16531,7,2482.0,48.866,2.0892
588,44,Loire-Atlantique,Pays de la Loire,La Baule-Escoublac,la-baule-escoublac,44500,16468,27,620.0,47.2925,-2.3622
589,85,Vendée,Pays de la Loire,Les Herbiers,les-herbiers,85500,16453,89,185.0,46.8644,-1.0286
590,49,Maine-et-Loire,Pays de la Loire,Loire-Authion,loire-authion,49250,16416,20,830.0,47.4695,-0.3734
591,09,Ariège,Occitanie,Pamiers,pamiers,09100,16394,46,354.0,43.1278,1.6168
592,01,Ain,Auvergne-Rhône-Alpes,Valserhône,valserhone,01200,16295,15,1055.0,46.1234,5.7944
593,29,Finistère,Bretagne,Landerneau,landerneau,29800,16206,14,1187.0,48.4494,-4.2661
594,44,Loire-Atlantique,Pays de la Loire,Guérande,guerande,44350,16151,82,198.0,47.3358,-2.4133
595,13,Bouches-du-Rhône,Provence-Alpes-Côte d'Azur,Port-de-Bouc,port-de-bouc,13110,16136,12,1373.0,43.4207,4.9993
596,972,Martinique,Martinique,Saint-Joseph,saint-joseph,97212,16135,43,372.0,14.6835,-61.0407
597,95,Val-d'Oise,Île-de-France,Domont,domont,95330,16078,9,1889.0,49.0289,2.3243
598,42,Loire,Auvergne-Rhône-Alpes,Montbrison,montbrison,42600,16064,16,986.0,45.6016,4.0719
599,95,Val-d'Oise,Île-de-France,Vauréal,vaureal,95490,16034,4,4276.0,49.0293,2.0254
600,91,Essonne,Île-de-France,Orsay,orsay,91400,16007,8,2090.0,48.6972,2.1896
601,33,Gironde,Nouvelle-Aquitaine,Blanquefort,blanquefort,33290,16004,34,471.0,44.9216,-0.61
602,74,Haute-Savoie,Auvergne-Rhône-Alpes,Rumilly,rumilly,74150,15998,17,943.0,45.8554,5.9412
603,972,Martinique,Martinique,Le François,le-francois,97240,15996,55,293.0,14.6093,-60.8976
604,59,Nord,Hauts-de-France,Saint-Amand-les-Eaux,saint-amand-les-eaux,59230,15980,34,469.0,50.4382,3.4447
605,95,Val-d'Oise,Île-de-France,Saint-Leu-la-Forêt,saint-leu-la-foret,95320,15979,5,3049.0,49.0211,2.243
606,57,Moselle,Grand Est,Hayange,hayange,57700,15968,12,1306.0,49.334,6.0641
607,76,Seine-Maritime,Normandie,Elbeuf,elbeuf,76500,15951,16,968.0,49.2773,0.9974
608,77,Seine-et-Marne,Île-de-France,Fontainebleau,fontainebleau,77300,15945,172,93.0,48.4236,2.6817
609,78,Yvelines,Île-de-France,Verneuil-sur-Seine,verneuil-sur-seine,78480,15914,10,1658.0,48.9874,1.9659
610,37,Indre-et-Loire,Centre-Val de Loire,Saint-Pierre-des-Corps,saint-pierre-des-corps,37700,15909,11,1418.0,47.3876,0.7334
611,971,Guadeloupe,Guadeloupe,Morne-à-l'Eau,morne-a-l-eau,97111,15898,68,232.0,16.3212,-61.4988
612,54,Meurthe-et-Moselle,Grand Est,Toul,toul,54200,15849,31,512.0,48.6794,5.898
613,976,Mayotte,Mayotte,Dembeni,dembeni,97660,15848,38,420.0,-12.853,45.1805
614,74,Haute-Savoie,Auvergne-Rhône-Alpes,Saint-Julien-en-Genevois,saint-julien-en-genevois,74160,15840,11,1493.0,46.1375,6.0877
615,78,Yvelines,Île-de-France,Le Pecq,le-pecq,78230,15832,3,5516.0,48.8924,2.1022
616,49,Maine-et-Loire,Pays de la Loire,Montrevault-sur-Èvre,montrevault-sur-evre,49110,15755,3,5857.0,47.2494,-1.0204
617,41,Loir-et-Cher,Centre-Val de Loire,Vendôme,vendome,41100,15747,24,659.0,47.7995,1.0646
618,56,Morbihan,Bretagne,Hennebont,hennebont,56700,15746,19,838.0,47.8053,-3.2694
619,91,Essonne,Île-de-France,Mennecy,mennecy,91540,15711,11,1409.0,48.5592,2.4362
620,30,Gard,Occitanie,Beaucaire,beaucaire,30300,15680,86,181.0,43.7815,4.5912
621,81,Tarn,Occitanie,Gaillac,gaillac,81600,15663,51,307.0,43.9119,1.8898
622,78,Yvelines,Île-de-France,Le Vésinet,le-vesinet,78110,15646,5,3117.0,48.8928,2.1312
623,59,Nord,Hauts-de-France,Sin-le-Noble,sin-le-noble,59450,15603,12,1346.0,50.3672,3.1213
624,28,Eure-et-Loir,Centre-Val de Loire,Lucé,luce,28110,15602,6,2713.0,48.4337,1.4525
625,59,Nord,Hauts-de-France,Wattignies,wattignies,59139,15531,6,2465.0,50.5862,3.0389
626,44,Loire-Atlantique,Pays de la Loire,Sainte-Luce-sur-Loire,sainte-luce-sur-loire,44980,15527,11,1361.0,47.2529,-1.4704
627,13,Bouches-du-Rhône,Provence-Alpes-Côte d'Azur,Fos-sur-Mer,fos-sur-mer,13270,15469,89,174.0,43.4545,4.8979
628,77,Seine-et-Marne,Île-de-France,Noisiel,noisiel,77186,15461,4,3596.0,48.8461,2.6187
629,29,Finistère,Bretagne,Guipavas,guipavas,29490,15460,44,353.0,48.4305,-4.3943
630,76,Seine-Maritime,Normandie,Montivilliers,montivilliers,76290,15457,19,811.0,49.5426,0.193
631,78,Yvelines,Île-de-France,Bois-d'Arcy,bois-d-arcy,78390,15435,6,2751.0,48.806,2.0223
632,13,Bouches-du-Rhône,Provence-Alpes-Côte d'Azur,Tarascon,tarascon,13150,15423,74,208.0,43.7972,4.6852
633,42,Loire,Auvergne-Rhône-Alpes,Saint-Just-Saint-Rambert,saint-just-saint-rambert,42170,15419,41,373.0,45.4919,4.2464
634,49,Maine-et-Loire,Pays de la Loire,Trélazé,trelaze,49800,15358,12,1252.0,47.4522,-0.478
635,68,Haut-Rhin,Grand Est,Wittenheim,wittenheim,68270,15262,19,797.0,47.8114,7.3084
636,60,Oise,Hauts-de-France,Senlis,senlis,60300,15255,24,627.0,49.2156,2.5912
637,77,Seine-et-Marne,Île-de-France,Coulommiers,coulommiers,77120,15250,11,1393.0,48.8096,3.0918
638,13,Bouches-du-Rhône,Provence-Alpes-Côte d'Azur,Bouc-Bel-Air,bouc-bel-air,13320,15248,22,696.0,43.4442,5.4118
639,42,Loire,Auvergne-Rhône-Alpes,Rive-de-Gier,rive-de-gier,42800,15214,7,2070.0,45.5211,4.6175
640,95,Val-d'Oise,Île-de-France,Saint-Brice-sous-Forêt,saint-brice-sous-foret,95350,15209,6,2539.0,49.0034,2.3453
641,02,Aisne,Hauts-de-France,Château-Thierry,chateau-thierry,02400,15204,17,894.0,49.0556,3.3784
642,69,Rhône,Auvergne-Rhône-Alpes,Francheville,francheville,69340,15204,8,1847.0,45.7386,4.7537
643,54,Meurthe-et-Moselle,Grand Est,Longwy,longwy,54400,15191,5,2767.0,49.5217,5.7672
644,70,Haute-Saône,Bourgogne-Franche-Comté,Vesoul,vesoul,70000,15130,9,1666.0,47.6323,6.1523
645,45,Loiret,Centre-Val de Loire,Montargis,montargis,45200,15061,4,3384.0,47.9998,2.7388
646,57,Moselle,Grand Est,Saint-Avold,saint-avold,57500,15045,35,426.0,49.1279,6.7088
647,78,Yvelines,Île-de-France,Carrières-sur-Seine,carrieres-sur-seine,78420,15038,5,2960.0,48.9128,2.1812
648,63,Puy-de-Dôme,Auvergne-Rhône-Alpes,Issoire,issoire,63500,15014,20,763.0,45.5442,3.2444
649,37,Indre-et-Loire,Centre-Val de Loire,Saint-Avertin,saint-avertin,37550,15000,13,1148.0,47.3545,0.7338
650,31,Haute-Garonne,Occitanie,Ramonville-Saint-Agne,ramonville-saint-agne,31520,14949,6,2321.0,43.5438,1.4784
651,49,Maine-et-Loire,Pays de la Loire,Avrillé,avrille,49240,14938,16,936.0,47.5027,-0.6011
652,72,Sarthe,Pays de la Loire,La Flèche,la-fleche,72200,14937,79,189.0,47.6908,-0.0605
653,29,Finistère,Bretagne,Morlaix,morlaix,29600,14903,25,597.0,48.5971,-3.8215
654,31,Haute-Garonne,Occitanie,Castanet-Tolosan,castanet-tolosan,31320,14903,8,1809.0,43.5083,1.5069
655,93,Seine-Saint-Denis,Île-de-France,Le Raincy,le-raincy,93340,14877,2,6583.0,48.8959,2.5196
656,59,Nord,Hauts-de-France,Bailleul,bailleul,59270,14869,44,340.0,50.7325,2.7423
657,01,Ain,Auvergne-Rhône-Alpes,Ambérieu-en-Bugey,amberieu-en-bugey,01500,14854,24,607.0,45.9575,5.3706
658,93,Seine-Saint-Denis,Île-de-France,Le Bourget,le-bourget,93350,14832,2,7306.0,48.9378,2.4287
659,68,Haut-Rhin,Grand Est,Illzach,illzach,68110,14829,7,1985.0,47.776,7.3622
660,57,Moselle,Grand Est,Fameck,fameck,57290,14798,13,1162.0,49.2978,6.1059
661,95,Val-d'Oise,Île-de-France,Montmagny,montmagny,95360,14775,3,5095.0,48.9677,2.3471
662,56,Morbihan,Bretagne,Pontivy,pontivy,56300,14774,25,589.0,48.0663,-2.9697
663,10,Aube,Grand Est,Romilly-sur-Seine,romilly-sur-seine,10100,14766,25,580.0,48.5158,3.7158
664,54,Meurthe-et-Moselle,Grand Est,Villers-lès-Nancy,villers-les-nancy,54600,14761,10,1476.0,48.6603,6.1276
665,59,Nord,Hauts-de-France,Haubourdin,haubourdin,59320,14757,5,2698.0,50.6002,2.9893
666,22,Côtes-d'Armor,Bretagne,Plérin,plerin,22190,14704,28,530.0,48.5467,-2.7818
667,22,Côtes-d'Armor,Bretagne,Dinan,dinan,22100,14675,4,3687.0,48.4471,-2.0533
668,54,Meurthe-et-Moselle,Grand Est,Laxou,laxou,54520,14671,16,920.0,48.6839,6.1183
669,55,Meuse,Grand Est,Bar-le-Duc,bar-le-duc,55000,14668,24,619.0,48.7628,5.1732
670,62,Pas-de-Calais,Hauts-de-France,Saint-Omer,saint-omer,62500,14661,16,889.0,50.7673,2.2648
671,77,Seine-et-Marne,Île-de-France,Lognes,lognes,77185,14650,4,3644.0,48.8325,2.6366
672,972,Martinique,Martinique,Sainte-Marie,sainte-marie,97230,14650,45,328.0,14.773,-61.0084
673,94,Val-de-Marne,Île-de-France,Saint-Maurice,saint-maurice,94410,14603,1,10212.0,48.8179,2.4423
674,64,Pyrénées-Atlantiques,Nouvelle-Aquitaine,Saint-Jean-de-Luz,saint-jean-de-luz,64500,14601,20,749.0,43.3934,-1.6337
675,91,Essonne,Île-de-France,Verrières-le-Buisson,verrieres-le-buisson,91370,14597,10,1461.0,48.7511,2.2545
676,95,Val-d'Oise,Île-de-France,Arnouville,arnouville,95400,14585,3,5082.0,48.9867,2.4168
677,01,Ain,Auvergne-Rhône-Alpes,Saint-Genis-Pouilly,saint-genis-pouilly,01630,14558,10,1479.0,46.2556,6.0368
678,40,Landes,Nouvelle-Aquitaine,Biscarrosse,biscarrosse,40600,14551,193,75.0,44.4077,-1.1525
679,77,Seine-et-Marne,Île-de-France,Saint-Fargeau-Ponthierry,saint-fargeau-ponthierry,77310,14516,17,875.0,48.541,2.5291
680,78,Yvelines,Île-de-France,Montesson,montesson,78360,14511,7,1972.0,48.919,2.1381
681,971,Guadeloupe,Guadeloupe,Pointe-à-Pitre,pointe-a-pitre,97110,14486,3,5306.0,16.2351,-61.5379
682,61,Orne,Normandie,Flers,flers,61100,14482,21,675.0,48.7389,-0.5603
683,94,Val-de-Marne,Île-de-France,Valenton,valenton,94460,14482,5,2727.0,48.7497,2.46
684,83,Var,Provence-Alpes-Côte d'Azur,Roquebrune-sur-Argens,roquebrune-sur-argens,83520,14448,107,135.0,43.4282,6.6525
685,21,Côte-d'Or,Bourgogne-Franche-Comté,Chenôve,chenove,21300,14445,7,1944.0,47.2911,5.0001
686,83,Var,Provence-Alpes-Côte d'Azur,Sainte-Maxime,sainte-maxime,83120,14433,82,175.0,43.3584,6.6139
687,44,Loire-Atlantique,Pays de la Loire,Saint-Brevin-les-Pins,saint-brevin-les-pins,44250,14411,21,694.0,47.2441,-2.154
688,54,Meurthe-et-Moselle,Grand Est,Pont-à-Mousson,pont-a-mousson,54700,14338,22,666.0,48.9222,6.047
689,60,Oise,Hauts-de-France,Méru,meru,60110,14320,23,619.0,49.2459,2.1298
690,40,Landes,Nouvelle-Aquitaine,Saint-Paul-lès-Dax,saint-paul-les-dax,40990,14317,58,246.0,43.7485,-1.0941
691,57,Moselle,Grand Est,Woippy,woippy,57140,14302,15,981.0,49.1651,6.1552
692,30,Gard,Occitanie,Saint-Gilles,saint-gilles,30800,14264,152,94.0,43.6606,4.4128
693,76,Seine-Maritime,Normandie,Bois-Guillaume,bois-guillaume,76230,14262,11,1254.0,49.4729,1.1194
694,56,Morbihan,Bretagne,Auray,auray,56400,14222,7,1997.0,47.6684,-2.9901
695,60,Oise,Hauts-de-France,Crépy-en-Valois,crepy-en-valois,60800,14217,16,864.0,49.2366,2.8998
696,59,Nord,Hauts-de-France,Hautmont,hautmont,59330,14182,12,1149.0,50.248,3.9204
697,82,Tarn-et-Garonne,Occitanie,Castelsarrasin,castelsarrasin,82100,14178,77,185.0,44.0536,1.1211
698,29,Finistère,Bretagne,Douarnenez,douarnenez,29100,14163,26,555.0,48.0793,-4.3243
699,59,Nord,Hauts-de-France,Caudry,caudry,59540,14070,13,1081.0,50.1191,3.4175
700,83,Var,Provence-Alpes-Côte d'Azur,Ollioules,ollioules,83190,14011,20,690.0,43.1385,5.8515
701,79,Deux-Sèvres,Nouvelle-Aquitaine,Thouars,thouars,79100,14000,12,1166.0,46.9765,-0.2466
702,95,Val-d'Oise,Île-de-France,Persan,persan,95340,13996,5,2686.0,49.1479,2.2672
703,19,Corrèze,Nouvelle-Aquitaine,Tulle,tulle,19000,13992,25,567.0,45.2685,1.7663
704,976,Mayotte,Mayotte,Bandraboua,bandraboua,97650,13989,31,454.0,-12.7176,45.1238
705,91,Essonne,Île-de-France,Fleury-Mérogis,fleury-merogis,91700,13983,6,2181.0,48.6327,2.3712
706,76,Seine-Maritime,Normandie,Canteleu,canteleu,76380,13966,18,792.0,49.4323,1.0173
707,25,Doubs,Bourgogne-Franche-Comté,Audincourt,audincourt,25400,13944,9,1585.0,47.4779,6.8498
708,77,Seine-et-Marne,Île-de-France,Montévrain,montevrain,77144,13934,5,2543.0,48.8673,2.7511
709,976,Mayotte,Mayotte,Tsingoni,tsingoni,97680,13934,34,407.0,-12.7824,45.1334
710,64,Pyrénées-Atlantiques,Nouvelle-Aquitaine,Lons,lons,64140,13915,12,1210.0,43.3253,-0.4067
711,13,Bouches-du-Rhône,Provence-Alpes-Côte d'Azur,Berre-l'Étang,berre-l-etang,13130,13912,44,316.0,43.4976,5.1596
712,64,Pyrénées-Atlantiques,Nouvelle-Aquitaine,Billère,billere,64140,13866,4,3123.0,43.3064,-0.3952
713,974,La Réunion,La Réunion,L'Étang-Salé,l-etang-sale,97427,13836,38,361.0,-21.2348,55.358
714,77,Seine-et-Marne,Île-de-France,Lieusaint,lieusaint,77127,13808,12,1159.0,48.6277,2.549
715,26,Drôme,Auvergne-Rhône-Alpes,Pierrelatte,pierrelatte,26700,13799,49,279.0,44.3634,4.6887
716,68,Haut-Rhin,Grand Est,Rixheim,rixheim,68170,13795,20,703.0,47.7445,7.4063
717,59,Nord,Hauts-de-France,Lys-lez-Lannoy,lys-lez-lannoy,59390,13793,3,4231.0,50.6729,3.2186
718,59,Nord,Hauts-de-France,Roncq,roncq,59223,13784,11,1294.0,50.7453,3.1152
719,31,Haute-Garonne,Occitanie,Saint-Orens-de-Gameville,saint-orens-de-gameville,31650,13766,13,1054.0,43.555,1.5332
720,82,Tarn-et-Garonne,Occitanie,Moissac,moissac,82200,13748,86,160.0,44.1219,1.1002
721,13,Bouches-du-Rhône,Provence-Alpes-Côte d'Azur,Saint-Martin-de-Crau,saint-martin-de-crau,13310,13729,215,64.0,43.6074,4.8688
722,69,Rhône,Auvergne-Rhône-Alpes,Mions,mions,69780,13707,12,1182.0,45.6628,4.9467
723,60,Oise,Hauts-de-France,Montataire,montataire,60160,13701,11,1293.0,49.2629,2.4302
724,77,Seine-et-Marne,Île-de-France,Avon,avon,77210,13660,4,3585.0,48.4124,2.7337
725,35,Ille-et-Vilaine,Bretagne,Saint-Jacques-de-la-Lande,saint-jacques-de-la-lande,35136,13656,12,1110.0,48.0779,-1.7252
726,84,Vaucluse,Provence-Alpes-Côte d'Azur,Bollène,bollene,84500,13605,54,250.0,44.2885,4.751
727,69,Rhône,Auvergne-Rhône-Alpes,Belleville-en-Beaujolais,belleville-en-beaujolais,69220,13542,10,1301.0,46.1145,4.7291
728,77,Seine-et-Marne,Île-de-France,Vaires-sur-Marne,vaires-sur-marne,77360,13518,6,2223.0,48.8703,2.6332
729,65,Hautes-Pyrénées,Occitanie,Lourdes,lourdes,65100,13509,37,366.0,43.109,-0.0806
730,69,Rhône,Auvergne-Rhône-Alpes,Genas,genas,69740,13483,24,559.0,45.7286,5.0172
731,29,Finistère,Bretagne,Plouzané,plouzane,29280,13473,33,408.0,48.3748,-4.5976
732,85,Vendée,Pays de la Loire,Fontenay-le-Comte,fontenay-le-comte,85200,13471,34,394.0,46.4587,-0.7887
733,78,Yvelines,Île-de-France,Fontenay-le-Fleury,fontenay-le-fleury,78330,13455,6,2416.0,48.8169,2.0477
734,29,Finistère,Bretagne,Plougastel-Daoulas,plougastel-daoulas,29470,13445,47,285.0,48.3628,-4.3912
735,02,Aisne,Hauts-de-France,Tergnier,tergnier,02700,13431,18,734.0,49.6562,3.2949
736,59,Nord,Hauts-de-France,Anzin,anzin,59410,13422,4,3687.0,50.376,3.5112
737,45,Loiret,Centre-Val de Loire,Gien,gien,45500,13387,68,198.0,47.7175,2.6687
738,974,La Réunion,La Réunion,Bras-Panon,bras-panon,97412,13344,87,153.0,-21.0316,55.6265
739,67,Bas-Rhin,Grand Est,Ostwald,ostwald,67540,13310,7,1896.0,48.5469,7.7093
740,62,Pas-de-Calais,Hauts-de-France,Berck,berck,62600,13298,15,906.0,50.4147,1.5809
741,61,Orne,Normandie,Argentan,argentan,61200,13291,18,724.0,48.7263,-0.013
742,06,Alpes-Maritimes,Provence-Alpes-Côte d'Azur,Carros,carros,06510,13277,15,859.0,43.785,7.1798
743,62,Pas-de-Calais,Hauts-de-France,Outreau,outreau,62230,13270,7,1872.0,50.6975,1.5911
744,45,Loiret,Centre-Val de Loire,Amilly,amilly,45200,13267,40,329.0,47.9911,2.7813
745,78,Yvelines,Île-de-France,Andrésy,andresy,78570,13230,7,1912.0,48.9778,2.0496
746,91,Essonne,Île-de-France,Morangis,morangis,91420,13211,5,2752.0,48.7022,2.3361
747,77,Seine-et-Marne,Île-de-France,Nemours,nemours,77140,13189,10,1308.0,48.2633,2.7187
748,68,Haut-Rhin,Grand Est,Kingersheim,kingersheim,68260,13178,7,2000.0,47.7888,7.3117
749,59,Nord,Hauts-de-France,Mouvaux,mouvaux,59420,13173,4,3136.0,50.7044,3.1368
750,81,Tarn,Occitanie,Graulhet,graulhet,81300,13166,58,229.0,43.7592,1.9976
751,71,Saône-et-Loire,Bourgogne-Franche-Comté,Autun,autun,71400,13145,62,213.0,46.9386,4.3038
752,84,Vaucluse,Provence-Alpes-Côte d'Azur,Monteux,monteux,84170,13129,39,333.0,44.033,4.9862
753,01,Ain,Auvergne-Rhône-Alpes,Gex,gex,01170,13078,32,410.0,46.3515,6.0488
754,57,Moselle,Grand Est,Freyming-Merlebach,freyming-merlebach,57800,13027,9,1414.0,49.1537,6.7997
755,971,Guadeloupe,Guadeloupe,Saint-François,saint-francois,97118,13004,61,214.0,16.2784,-61.2539
756,60,Oise,Hauts-de-France,Noyon,noyon,60400,12987,18,719.0,49.578,3.0074
757,59,Nord,Hauts-de-France,Saint-André-lez-Lille,saint-andre-lez-lille,59350,12942,3,4057.0,50.6599,3.0415
758,37,Indre-et-Loire,Centre-Val de Loire,Amboise,amboise,37400,12938,41,315.0,47.3967,0.9989
759,40,Landes,Nouvelle-Aquitaine,Tarnos,tarnos,40220,12920,27,472.0,43.5338,-1.4717
760,03,Allier,Auvergne-Rhône-Alpes,Cusset,cusset,03300,12909,32,407.0,46.1342,3.4774
761,28,Eure-et-Loir,Centre-Val de Loire,Châteaudun,chateaudun,28200,12909,28,454.0,48.0718,1.3207
762,53,Mayenne,Pays de la Loire,Mayenne,mayenne,53100,12900,20,639.0,48.3066,-0.614
763,74,Haute-Savoie,Auvergne-Rhône-Alpes,Bonneville,bonneville,74130,12895,27,473.0,46.0786,6.404
764,33,Gironde,Nouvelle-Aquitaine,Saint-André-de-Cubzac,saint-andre-de-cubzac,33240,12854,23,554.0,44.9945,-0.4378
765,23,Creuse,Nouvelle-Aquitaine,Guéret,gueret,23000,12840,26,493.0,46.1585,1.8705
766,13,Bouches-du-Rhône,Provence-Alpes-Côte d'Azur,Auriol,auriol,13390,12839,45,288.0,43.3594,5.6559
767,59,Nord,Hauts-de-France,Seclin,seclin,59113,12834,17,736.0,50.5453,3.0268
768,34,Hérault,Occitanie,Juvignac,juvignac,34990,12783,11,1166.0,43.6173,3.7908
769,10,Aube,Grand Est,Saint-André-les-Vergers,saint-andre-les-vergers,10120,12775,6,2191.0,48.2771,4.0464
770,14,Calvados,Normandie,Bayeux,bayeux,14400,12775,7,1802.0,49.2772,-0.7016
771,06,Alpes-Maritimes,Provence-Alpes-Côte d'Azur,Valbonne,valbonne,06560,12754,20,637.0,43.6267,7.0291
772,45,Loiret,Centre-Val de Loire,Châlette-sur-Loing,chalette-sur-loing,45120,12728,13,973.0,48.0214,2.7375
773,49,Maine-et-Loire,Pays de la Loire,Les Ponts-de-Cé,les-ponts-de-ce,49130,12725,19,654.0,47.427,-0.511
774,35,Ille-et-Vilaine,Bretagne,Betton,betton,35830,12695,27,475.0,48.1797,-1.6477
775,85,Vendée,Pays de la Loire,Saint-Hilaire-de-Riez,saint-hilaire-de-riez,85270,12682,49,259.0,46.7452,-1.9796
776,06,Alpes-Maritimes,Provence-Alpes-Côte d'Azur,Beausoleil,beausoleil,06240,12674,3,4526.0,43.7471,7.4227
777,59,Nord,Hauts-de-France,Comines,comines,59560,12671,16,789.0,50.7496,3.0136
778,34,Hérault,Occitanie,Mèze,meze,34140,12664,47,269.0,43.4323,3.5843
779,93,Seine-Saint-Denis,Île-de-France,Villetaneuse,villetaneuse,93430,12663,2,5458.0,48.9574,2.3441
780,27,Eure,Normandie,Val-de-Reuil,val-de-reuil,27100,12647,26,488.0,49.264,1.2142
781,30,Gard,Occitanie,Villeneuve-lès-Avignon,villeneuve-les-avignon,30400,12617,18,694.0,43.9776,4.792
782,974,La Réunion,La Réunion,Petite-Île,petite-ile,97429,12617,34,373.0,-21.333,55.5706
783,03,Allier,Auvergne-Rhône-Alpes,Yzeure,yzeure,03400,12598,43,292.0,46.5662,3.3854
784,66,Pyrénées-Orientales,Occitanie,Canet-en-Roussillon,canet-en-roussillon,66140,12598,30,416.0,42.6809,3.002
785,50,Manche,Normandie,Granville,granville,50400,12581,10,1266.0,48.8724,-1.7657
786,77,Seine-et-Marne,Île-de-France,Moret-Loing-et-Orvanne,moret-loing-et-orvanne,77250,12581,5,2531.0,48.3545,2.8233
787,83,Var,Provence-Alpes-Côte d'Azur,Vidauban,vidauban,83550,12573,76,164.0,43.4071,6.4599
788,34,Hérault,Occitanie,Saint-Jean-de-Védas,saint-jean-de-vedas,34430,12570,13,949.0,43.5732,3.8329
789,83,Var,Provence-Alpes-Côte d'Azur,Cuers,cuers,83390,12550,51,245.0,43.2429,6.0654
790,31,Haute-Garonne,Occitanie,Fonsorbes,fonsorbes,31470,12546,19,645.0,43.5332,1.2429
791,57,Moselle,Grand Est,Creutzwald,creutzwald,57150,12514,27,467.0,49.2113,6.6785
792,33,Gironde,Nouvelle-Aquitaine,Andernos-les-Bains,andernos-les-bains,33510,12472,21,601.0,44.7529,-1.082
793,63,Puy-de-Dôme,Auvergne-Rhône-Alpes,Pont-du-Château,pont-du-chateau,63430,12459,22,578.0,45.7972,3.2361
794,28,Eure-et-Loir,Centre-Val de Loire,Vernouillet,vernouillet,28500,12455,12,1018.0,48.7141,1.352
795,11,Aude,Occitanie,Castelnaudary,castelnaudary,11400,12448,48,260.0,43.3201,1.9613
796,67,Bas-Rhin,Grand Est,Bischwiller,bischwiller,67240,12435,17,729.0,48.7587,7.8632
797,69,Rhône,Auvergne-Rhône-Alpes,Brignais,brignais,69530,12388,10,1200.0,45.6751,4.7527
798,78,Yvelines,Île-de-France,Triel-sur-Seine,triel-sur-seine,78510,12388,14,901.0,48.976,2.0055
799,06,Alpes-Maritimes,Provence-Alpes-Côte d'Azur,Roquebrune-Cap-Martin,roquebrune-cap-martin,06190,12371,10,1301.0,43.7638,7.4576
800,76,Seine-Maritime,Normandie,Oissel,oissel,76350,12367,22,557.0,49.3457,1.0751
801,07,Ardèche,Auvergne-Rhône-Alpes,Aubenas,aubenas,07200,12360,15,845.0,44.6107,4.3942
802,57,Moselle,Grand Est,Sarrebourg,sarrebourg,57400,12359,17,741.0,48.7329,7.0476
803,31,Haute-Garonne,Occitanie,L'Union,l-union,31240,12358,7,1799.0,43.6515,1.483
804,62,Pas-de-Calais,Hauts-de-France,Harnes,harnes,62440,12317,11,1138.0,50.4522,2.9036
805,78,Yvelines,Île-de-France,Aubergenville,aubergenville,78410,12317,9,1355.0,48.9609,1.844
806,48,Lozère,Occitanie,Mende,mende,48000,12316,37,334.0,44.5349,3.4909
807,29,Finistère,Bretagne,Quimperlé,quimperle,29300,12313,31,402.0,47.8558,-3.5586
808,10,Aube,Grand Est,La Chapelle-Saint-Luc,la-chapelle-saint-luc,10600,12299,10,1174.0,48.3165,4.0303
809,73,Savoie,Auvergne-Rhône-Alpes,La Motte-Servolex,la-motte-servolex,73290,12299,30,416.0,45.6037,5.854
810,60,Oise,Hauts-de-France,Pont-Sainte-Maxence,pont-sainte-maxence,60700,12291,15,832.0,49.308,2.6151
811,77,Seine-et-Marne,Île-de-France,Claye-Souilly,claye-souilly,77410,12282,15,814.0,48.941,2.68
812,62,Pas-de-Calais,Hauts-de-France,Bully-les-Mines,bully-les-mines,62160,12221,8,1567.0,50.4466,2.7209
813,67,Bas-Rhin,Grand Est,Obernai,obernai,67210,12216,26,475.0,48.4546,7.4817
814,44,Loire-Atlantique,Pays de la Loire,Châteaubriant,chateaubriant,44110,12189,34,363.0,47.7199,-1.3912
815,13,Bouches-du-Rhône,Provence-Alpes-Côte d'Azur,Rognac,rognac,13340,12175,18,691.0,43.4995,5.233
816,68,Haut-Rhin,Grand Est,Riedisheim,riedisheim,68400,12163,7,1753.0,47.7393,7.3636
817,76,Seine-Maritime,Normandie,Barentin,barentin,76360,12154,13,951.0,49.5431,0.9549
818,44,Loire-Atlantique,Pays de la Loire,Pornichet,pornichet,44380,12121,13,957.0,47.2599,-2.3225
819,83,Var,Provence-Alpes-Côte d'Azur,Saint-Cyr-sur-Mer,saint-cyr-sur-mer,83270,12103,22,561.0,43.17,5.7055
820,72,Sarthe,Pays de la Loire,Sablé-sur-Sarthe,sable-sur-sarthe,72300,12096,37,327.0,47.8397,-0.3542
821,95,Val-d'Oise,Île-de-France,Louvres,louvres,95380,12083,11,1065.0,49.0444,2.5011
822,94,Val-de-Marne,Île-de-France,La Queue-en-Brie,la-queue-en-brie,94510,12081,9,1291.0,48.7769,2.5855
823,83,Var,Provence-Alpes-Côte d'Azur,Solliès-Pont,sollies-pont,83210,12080,18,678.0,43.1895,6.0625
824,42,Loire,Auvergne-Rhône-Alpes,Le Chambon-Feugerolles,le-chambon-feugerolles,42500,12066,17,692.0,45.391,4.3375
825,59,Nord,Hauts-de-France,Raismes,raismes,59590,12055,33,362.0,50.4117,3.4886
826,59,Nord,Hauts-de-France,Marly,marly,59770,12024,8,1494.0,50.3464,3.5477
827,14,Calvados,Normandie,Ifs,ifs,14123,11981,9,1319.0,49.1444,-0.3385
828,77,Seine-et-Marne,Île-de-France,Provins,provins,77160,11958,15,812.0,48.5629,3.2845
829,56,Morbihan,Bretagne,Guidel,guidel,56520,11947,52,228.0,47.7938,-3.4906
830,56,Morbihan,Bretagne,Saint-Avé,saint-ave,56890,11927,26,455.0,47.7008,-2.7434
831,27,Eure,Normandie,Gisors,gisors,27140,11919,17,713.0,49.2775,1.7642
832,35,Ille-et-Vilaine,Bretagne,Pacé,pace,35740,11918,35,340.0,48.1535,-1.7744
833,69,Rhône,Auvergne-Rhône-Alpes,Craponne,craponne,69290,11903,5,2543.0,45.7456,4.7294
834,21,Côte-d'Or,Bourgogne-Franche-Comté,Talant,talant,21240,11894,5,2432.0,47.3389,4.9959
835,972,Martinique,Martinique,Rivière-Salée,riviere-salee,97215,11887,43,276.0,14.5262,-60.9623
836,12,Aveyron,Occitanie,Onet-le-Château,onet-le-chateau,12000,11873,40,296.0,44.3824,2.5614
837,57,Moselle,Grand Est,Florange,florange,57190,11869,13,901.0,49.3284,6.1233
838,91,Essonne,Île-de-France,Épinay-sous-Sénart,epinay-sous-senart,91860,11869,4,3279.0,48.6885,2.5152
839,95,Val-d'Oise,Île-de-France,L'Isle-Adam,l-isle-adam,95290,11846,16,753.0,49.1078,2.2352
840,57,Moselle,Grand Est,Maizières-lès-Metz,maizieres-les-metz,57280,11792,9,1335.0,49.21,6.1543
841,29,Finistère,Bretagne,Le Relecq-Kerhuon,le-relecq-kerhuon,29480,11791,7,1806.0,48.4032,-4.4014
842,59,Nord,Hauts-de-France,Somain,somain,59490,11790,12,953.0,50.3595,3.2717
843,30,Gard,Occitanie,Vauvert,vauvert,30600,11774,111,107.0,43.626,4.3103
844,973,Guyane,Guyane,Mana,mana,97318,11764,6708,2.0,4.9955,-53.6784
845,83,Var,Provence-Alpes-Côte d'Azur,Cogolin,cogolin,83310,11762,28,422.0,43.2406,6.5319
846,49,Maine-et-Loire,Pays de la Loire,Baugé-en-Anjou,bauge-en-anjou,49150,11757,9,1372.0,47.5598,-0.1143
847,38,Isère,Auvergne-Rhône-Alpes,Seyssinet-Pariset,seyssinet-pariset,38170,11753,11,1092.0,45.1721,5.6701
848,972,Martinique,Martinique,La Trinité,la-trinite,97220,11747,46,253.0,14.7518,-60.9469
849,68,Haut-Rhin,Grand Est,Cernay,cernay,68700,11745,18,656.0,47.7932,7.1756
850,13,Bouches-du-Rhône,Provence-Alpes-Côte d'Azur,Septèmes-les-Vallons,septemes-les-vallons,13240,11734,18,661.0,43.3931,5.3828
851,12,Aveyron,Occitanie,Villefranche-de-Rouergue,villefranche-de-rouergue,12200,11720,46,256.0,44.3471,2.0296
852,972,Martinique,Martinique,Rivière-Pilote,riviere-pilote,97211,11712,36,327.0,14.5027,-60.897
853,91,Essonne,Île-de-France,Saint-Pierre-du-Perray,saint-pierre-du-perray,91280,11680,12,993.0,48.6075,2.5152
854,38,Isère,Auvergne-Rhône-Alpes,Sassenage,sassenage,38360,11660,13,878.0,45.2141,5.6541
855,94,Val-de-Marne,Île-de-France,Villecresnes,villecresnes,94440,11642,6,2064.0,48.7221,2.5328
856,76,Seine-Maritime,Normandie,Bolbec,bolbec,76210,11635,12,944.0,49.5755,0.483
857,63,Puy-de-Dôme,Auvergne-Rhône-Alpes,Thiers,thiers,63300,11633,45,260.0,45.8653,3.538
858,31,Haute-Garonne,Occitanie,Saint-Gaudens,saint-gaudens,31800,11613,28,417.0,43.1209,0.7254
859,37,Indre-et-Loire,Centre-Val de Loire,Chambray-lès-Tours,chambray-les-tours,37170,11589,19,597.0,47.3329,0.7205
860,33,Gironde,Nouvelle-Aquitaine,Le Haillan,le-haillan,33185,11572,9,1235.0,44.8713,-0.6903
861,66,Pyrénées-Orientales,Occitanie,Saint-Estève,saint-esteve,66240,11550,12,989.0,42.7154,2.8445
862,62,Pas-de-Calais,Hauts-de-France,Nœux-les-Mines,noeux-les-mines,62290,11520,9,1289.0,50.4757,2.6645
863,02,Aisne,Hauts-de-France,Chauny,chauny,02300,11496,13,865.0,49.6185,3.2192
864,33,Gironde,Nouvelle-Aquitaine,Mios,mios,33380,11469,137,84.0,44.6105,-0.8913
865,67,Bas-Rhin,Grand Est,Hœnheim,hoenheim,67800,11469,3,3344.0,48.6274,7.7509
866,84,Vaucluse,Provence-Alpes-Côte d'Azur,Vedène,vedene,84270,11457,11,999.0,43.9736,4.9055
867,59,Nord,Hauts-de-France,Fourmies,fourmies,59610,11456,23,497.0,50.0064,4.0594
868,51,Marne,Grand Est,Vitry-le-François,vitry-le-francois,51300,11454,6,1804.0,48.7292,4.5947
869,83,Var,Provence-Alpes-Côte d'Azur,La Londe-les-Maures,la-londe-les-maures,83250,11442,80,143.0,43.1641,6.2417
870,976,Mayotte,Mayotte,Pamandzi,pamandzi,97615,11442,4,2686.0,-12.801,45.2842
871,95,Val-d'Oise,Île-de-France,Enghien-les-Bains,enghien-les-bains,95880,11440,2,6500.0,48.9706,2.305
872,974,La Réunion,La Réunion,Les Avirons,les-avirons,97425,11434,26,435.0,-21.2019,55.3629
873,62,Pas-de-Calais,Hauts-de-France,Méricourt,mericourt,62680,11431,8,1490.0,50.3994,2.8679
874,66,Pyrénées-Orientales,Occitanie,Saint-Cyprien,saint-cyprien,66750,11398,16,702.0,42.6205,3.0139
875,13,Bouches-du-Rhône,Provence-Alpes-Côte d'Azur,Plan-de-Cuques,plan-de-cuques,13380,11396,9,1339.0,43.3642,5.4639
876,67,Bas-Rhin,Grand Est,Saverne,saverne,67700,11390,26,432.0,48.7439,7.3537
877,87,Haute-Vienne,Nouvelle-Aquitaine,Saint-Junien,saint-junien,87200,11387,59,194.0,45.8965,0.8853
878,76,Seine-Maritime,Normandie,Yvetot,yvetot,76190,11385,7,1522.0,49.6183,0.7685
879,22,Côtes-d'Armor,Bretagne,Ploufragan,ploufragan,22440,11369,27,423.0,48.4915,-2.8001
880,93,Seine-Saint-Denis,Île-de-France,Dugny,dugny,93440,11328,4,2920.0,48.9494,2.4255
881,59,Nord,Hauts-de-France,Bruay-sur-l'Escaut,bruay-sur-l-escaut,59860,11309,7,1696.0,50.3967,3.5382
882,91,Essonne,Île-de-France,Saint-Germain-lès-Arpajon,saint-germain-les-arpajon,91180,11305,6,1794.0,48.5982,2.2644
883,91,Essonne,Île-de-France,Arpajon,arpajon,91290,11281,2,4740.0,48.5894,2.2462
884,91,Essonne,Île-de-France,Dourdan,dourdan,91410,11279,31,367.0,48.532,1.9924
885,77,Seine-et-Marne,Île-de-France,Dammartin-en-Goële,dammartin-en-goele,77230,11272,9,1252.0,49.0504,2.6777
886,74,Haute-Savoie,Auvergne-Rhône-Alpes,La Roche-sur-Foron,la-roche-sur-foron,74800,11263,18,629.0,46.0461,6.3002
887,33,Gironde,Nouvelle-Aquitaine,Arcachon,arcachon,33120,11259,8,1458.0,44.6515,-1.1718
888,31,Haute-Garonne,Occitanie,Saint-Jean,saint-jean,31240,11243,6,1861.0,43.6641,1.5016
889,20,Corse,Corse,Porto-Vecchio,porto-vecchio,20137,11229,169,66.0,41.5849,9.2732
890,49,Maine-et-Loire,Pays de la Loire,Doué-en-Anjou,doue-en-anjou,49700,11228,36,313.0,47.1988,-0.3053
891,50,Manche,Normandie,La Hague,la-hague,50440,11223,8,1415.0,49.6546,-1.8214
892,59,Nord,Hauts-de-France,Gravelines,gravelines,59820,11223,20,570.0,51.0029,2.1385
893,59,Nord,Hauts-de-France,Marquette-lez-Lille,marquette-lez-lille,59520,11213,5,2336.0,50.6746,3.0539
894,07,Ardèche,Auvergne-Rhône-Alpes,Guilherand-Granges,guilherand-granges,07500,11203,7,1716.0,44.9301,4.8655
895,07,Ardèche,Auvergne-Rhône-Alpes,Tournon-sur-Rhône,tournon-sur-rhone,07300,11191,21,523.0,45.0534,4.8156
896,77,Seine-et-Marne,Île-de-France,Vaux-le-Pénil,vaux-le-penil,77000,11174,12,946.0,48.5242,2.6985
897,976,Mayotte,Mayotte,Sada,sada,97640,11156,11,1028.0,-12.8642,45.1135
898,78,Yvelines,Île-de-France,Villepreux,villepreux,78450,11150,10,1071.0,48.8306,2.0127
899,77,Seine-et-Marne,Île-de-France,Cesson,cesson,77240,11140,7,1598.0,48.5693,2.5898
900,68,Haut-Rhin,Grand Est,Guebwiller,guebwiller,68500,11137,10,1165.0,47.9118,7.2097
901,59,Nord,Hauts-de-France,Saint-Saulve,saint-saulve,59880,11117,12,920.0,50.3797,3.5688
902,44,Loire-Atlantique,Pays de la Loire,Ancenis-Saint-Géréon,ancenis-saint-gereon,44150,11099,20,554.0,47.382,-1.1681
903,33,Gironde,Nouvelle-Aquitaine,Biganos,biganos,33380,11095,51,217.0,44.6599,-0.9582
904,69,Rhône,Auvergne-Rhône-Alpes,Chassieu,chassieu,69680,11092,12,961.0,45.7366,4.9638
905,44,Loire-Atlantique,Pays de la Loire,Pontchâteau,pontchateau,44160,11075,56,199.0,47.4365,-2.092
906,74,Haute-Savoie,Auvergne-Rhône-Alpes,Passy,passy,74190,11068,80,138.0,45.9579,6.7507
907,57,Moselle,Grand Est,Stiring-Wendel,stiring-wendel,57350,11067,4,3100.0,49.2016,6.9321
908,87,Haute-Vienne,Nouvelle-Aquitaine,Panazol,panazol,87350,11064,20,552.0,45.8447,1.3227
909,28,Eure-et-Loir,Centre-Val de Loire,Mainvilliers,mainvilliers,28300,11057,12,920.0,48.4651,1.4471
910,83,Var,Provence-Alpes-Côte d'Azur,Le Luc,le-luc,83340,11053,44,249.0,43.3855,6.3107
911,37,Indre-et-Loire,Centre-Val de Loire,Montlouis-sur-Loire,montlouis-sur-loire,37270,11048,25,451.0,47.383,0.8432
912,42,Loire,Auvergne-Rhône-Alpes,Riorges,riorges,42153,11045,16,705.0,46.0421,4.0377
913,76,Seine-Maritime,Normandie,Maromme,maromme,76150,11024,4,2656.0,49.4767,1.0321
914,72,Sarthe,Pays de la Loire,Allonnes,allonnes,72700,11013,18,607.0,47.9588,0.1447
915,62,Pas-de-Calais,Hauts-de-France,Saint-Martin-Boulogne,saint-martin-boulogne,62280,10999,13,853.0,50.7229,1.6468
916,36,Indre,Centre-Val de Loire,Issoudun,issoudun,36100,10992,37,296.0,46.9447,2.0077
917,11,Aude,Occitanie,Lézignan-Corbières,lezignan-corbieres,11200,10952,38,287.0,43.1983,2.7649
918,21,Côte-d'Or,Bourgogne-Franche-Comté,Chevigny-Saint-Sauveur,chevigny-saint-sauveur,21800,10944,12,913.0,47.2986,5.132
919,69,Rhône,Auvergne-Rhône-Alpes,Corbas,corbas,69960,10932,12,920.0,45.6654,4.9104
920,62,Pas-de-Calais,Hauts-de-France,Étaples,etaples,62630,10930,12,889.0,50.5247,1.6462
921,01,Ain,Auvergne-Rhône-Alpes,Ferney-Voltaire,ferney-voltaire,01210,10920,5,2285.0,46.252,6.1061
922,49,Maine-et-Loire,Pays de la Loire,Brissac Loire Aubance,brissac-loire-aubance,49320,10895,10,1097.0,47.3392,-0.4087
923,67,Bas-Rhin,Grand Est,Erstein,erstein,67150,10887,37,298.0,48.4191,7.6869
924,31,Haute-Garonne,Occitanie,Castelginest,castelginest,31780,10876,8,1334.0,43.698,1.4349
925,91,Essonne,Île-de-France,Bondoufle,bondoufle,91070,10862,7,1593.0,48.6155,2.3795
926,81,Tarn,Occitanie,Lavaur,lavaur,81500,10830,63,172.0,43.6915,1.8137
927,57,Moselle,Grand Est,Amnéville,amneville,57360,10828,10,1073.0,49.2469,6.1179
928,38,Isère,Auvergne-Rhône-Alpes,Le Pont-de-Claix,le-pont-de-claix,38800,10805,6,1899.0,45.123,5.7017
929,59,Nord,Hauts-de-France,Wambrechies,wambrechies,59118,10798,16,696.0,50.6983,3.0449
930,66,Pyrénées-Orientales,Occitanie,Argelès-sur-Mer,argeles-sur-mer,66700,10792,59,182.0,42.53,3.0234
931,44,Loire-Atlantique,Pays de la Loire,Thouaré-sur-Loire,thouare-sur-loire,44470,10783,13,861.0,47.2755,-1.4294
932,59,Nord,Hauts-de-France,Annœullin,annoeullin,59112,10780,9,1206.0,50.5275,2.9242
933,25,Doubs,Bourgogne-Franche-Comté,Valentigney,valentigney,25700,10765,10,1105.0,47.464,6.8243
934,91,Essonne,Île-de-France,Épinay-sur-Orge,epinay-sur-orge,91360,10760,4,2457.0,48.6719,2.3194
935,76,Seine-Maritime,Normandie,Déville-lès-Rouen,deville-les-rouen,76250,10745,3,3379.0,49.4673,1.0495
936,37,Indre-et-Loire,Centre-Val de Loire,Fondettes,fondettes,37230,10741,32,337.0,47.4127,0.6032
937,78,Yvelines,Île-de-France,Chanteloup-les-Vignes,chanteloup-les-vignes,78570,10735,3,3148.0,48.9773,2.0336
938,66,Pyrénées-Orientales,Occitanie,Pia,pia,66380,10733,13,800.0,42.7506,2.9172
939,83,Var,Provence-Alpes-Côte d'Azur,Le Pradet,le-pradet,83220,10728,10,1035.0,43.0984,6.0214
940,33,Gironde,Nouvelle-Aquitaine,Le Taillan-Médoc,le-taillan-medoc,33320,10727,15,711.0,44.9123,-0.6785
941,78,Yvelines,Île-de-France,Voisins-le-Bretonneux,voisins-le-bretonneux,78960,10721,4,2962.0,48.7598,2.047
942,33,Gironde,Nouvelle-Aquitaine,Léognan,leognan,33850,10708,42,258.0,44.7236,-0.6172
943,971,Guadeloupe,Guadeloupe,Saint-Claude,saint-claude,97120,10700,34,312.0,16.0406,-61.6953
944,24,Dordogne,Nouvelle-Aquitaine,Boulazac Isle Manoire,boulazac-isle-manoire,24750,10697,15,733.0,45.1385,0.7878
945,92,Hauts-de-Seine,Île-de-France,Ville-d'Avray,ville-d-avray,92410,10694,4,2898.0,48.8215,2.1759
946,64,Pyrénées-Atlantiques,Nouvelle-Aquitaine,Orthez,orthez,64300,10684,47,230.0,43.4945,-0.7777
947,13,Bouches-du-Rhône,Provence-Alpes-Côte d'Azur,Trets,trets,13530,10678,70,152.0,43.4452,5.7137
948,60,Oise,Hauts-de-France,Chantilly,chantilly,60500,10652,16,661.0,49.18,2.4876
949,63,Puy-de-Dôme,Auvergne-Rhône-Alpes,Beaumont,beaumont,63110,10650,4,2676.0,45.75,3.0853
950,84,Vaucluse,Provence-Alpes-Côte d'Azur,Pernes-les-Fontaines,pernes-les-fontaines,84210,10636,51,208.0,43.9966,5.0289
951,64,Pyrénées-Atlantiques,Nouvelle-Aquitaine,Oloron-Sainte-Marie,oloron-sainte-marie,64400,10616,69,155.0,43.1679,-0.5954
952,30,Gard,Occitanie,Pont-Saint-Esprit,pont-saint-esprit,30130,10600,19,568.0,44.2518,4.6422
953,62,Pas-de-Calais,Hauts-de-France,Longuenesse,longuenesse,62219,10568,8,1252.0,50.7348,2.2481
954,05,Hautes-Alpes,Provence-Alpes-Côte d'Azur,Briançon,briancon,05100,10561,28,374.0,44.8995,6.6536
955,13,Bouches-du-Rhône,Provence-Alpes-Côte d'Azur,Pélissanne,pelissanne,13330,10554,19,551.0,43.63,5.1628
956,51,Marne,Grand Est,Tinqueux,tinqueux,51430,10552,4,2489.0,49.2488,3.9895
957,64,Pyrénées-Atlantiques,Nouvelle-Aquitaine,Urrugne,urrugne,64700,10543,52,201.0,43.3507,-1.7018
958,94,Val-de-Marne,Île-de-France,Ormesson-sur-Marne,ormesson-sur-marne,94490,10540,3,3064.0,48.7873,2.5371
959,34,Hérault,Occitanie,Saint-Gély-du-Fesc,saint-gely-du-fesc,34980,10537,17,638.0,43.6897,3.81
960,84,Vaucluse,Provence-Alpes-Côte d'Azur,Apt,apt,84400,10536,45,234.0,43.8815,5.3814
961,06,Alpes-Maritimes,Provence-Alpes-Côte d'Azur,Mouans-Sartoux,mouans-sartoux,06370,10531,13,834.0,43.6192,6.9677
962,35,Ille-et-Vilaine,Bretagne,Châteaugiron,chateaugiron,35410,10518,8,1280.0,48.0481,-1.4751
963,10,Aube,Grand Est,Sainte-Savine,sainte-savine,10300,10515,8,1382.0,48.2982,4.0261
964,62,Pas-de-Calais,Hauts-de-France,Marck,marck,62730,10494,32,329.0,50.9514,1.9516
965,70,Haute-Saône,Bourgogne-Franche-Comté,Héricourt,hericourt,70400,10478,18,581.0,47.5666,6.7594
966,60,Oise,Hauts-de-France,Clermont,clermont,60600,10475,6,1791.0,49.3782,2.4099
967,02,Aisne,Hauts-de-France,Villers-Cotterêts,villers-cotterets,02600,10454,42,247.0,49.2197,3.1025
968,59,Nord,Hauts-de-France,Vieux-Condé,vieux-conde,59690,10446,11,941.0,50.4732,3.5614
969,69,Rhône,Auvergne-Rhône-Alpes,Tarare,tarare,69170,10428,14,741.0,45.9071,4.4302
970,26,Drôme,Auvergne-Rhône-Alpes,Portes-lès-Valence,portes-les-valence,26800,10422,14,731.0,44.8749,4.8843
971,34,Hérault,Occitanie,Villeneuve-lès-Maguelone,villeneuve-les-maguelone,34750,10405,31,331.0,43.5119,3.8589
972,77,Seine-et-Marne,Île-de-France,Thorigny-sur-Marne,thorigny-sur-marne,77400,10405,5,2024.0,48.8928,2.7117
973,78,Yvelines,Île-de-France,Croissy-sur-Seine,croissy-sur-seine,78290,10399,3,3050.0,48.8805,2.1342
974,76,Seine-Maritime,Normandie,Port-Jérôme-sur-Seine,port-jerome-sur-seine,76170,10387,19,555.0,49.5062,0.5834
975,31,Haute-Garonne,Occitanie,Villeneuve-Tolosane,villeneuve-tolosane,31270,10369,5,2025.0,43.5273,1.3447
976,59,Nord,Hauts-de-France,Jeumont,jeumont,59460,10342,10,1007.0,50.29,4.1026
977,66,Pyrénées-Orientales,Occitanie,Cabestany,cabestany,66330,10338,11,977.0,42.6804,2.9507
978,68,Haut-Rhin,Grand Est,Wittelsheim,wittelsheim,68310,10334,24,438.0,47.7978,7.2454
979,37,Indre-et-Loire,Centre-Val de Loire,La Riche,la-riche,37520,10325,8,1253.0,47.3815,0.6371
980,91,Essonne,Île-de-France,Villebon-sur-Yvette,villebon-sur-yvette,91140,10322,7,1378.0,48.6965,2.2366
981,11,Aude,Occitanie,Limoux,limoux,11300,10302,33,317.0,43.0464,2.2452
982,976,Mayotte,Mayotte,Bandrele,bandrele,97660,10282,35,293.0,-12.9392,45.1797
983,38,Isère,Auvergne-Rhône-Alpes,Charvieu-Chavagneux,charvieu-chavagneux,38230,10280,8,1209.0,45.7386,5.1522
984,06,Alpes-Maritimes,Provence-Alpes-Côte d'Azur,La Trinité,la-trinite,06340,10276,15,690.0,43.7415,7.3413
985,972,Martinique,Martinique,Saint-Esprit,saint-esprit,97270,10270,23,443.0,14.5617,-60.9233
986,63,Puy-de-Dôme,Auvergne-Rhône-Alpes,Gerzat,gerzat,63360,10258,16,627.0,45.8277,3.1601
987,50,Manche,Normandie,Avranches,avranches,50300,10240,4,2301.0,48.6759,-1.3452
988,67,Bas-Rhin,Grand Est,Brumath,brumath,67170,10238,31,327.0,48.7199,7.7146
989,68,Haut-Rhin,Grand Est,Pfastatt,pfastatt,68120,10237,5,1950.0,47.7679,7.2881
990,35,Ille-et-Vilaine,Bretagne,Chantepie,chantepie,35135,10232,12,853.0,48.0831,-1.6064
991,44,Loire-Atlantique,Pays de la Loire,Treillières,treillieres,44119,10230,29,351.0,47.3146,-1.6312
992,01,Ain,Auvergne-Rhône-Alpes,Miribel,miribel,01700,10225,24,419.0,45.8444,4.941
993,50,Manche,Normandie,Carentan-les-Marais,carentan-les-marais,50500,10220,16,644.0,49.3061,-1.2118
994,35,Ille-et-Vilaine,Bretagne,Dinard,dinard,35800,10219,8,1354.0,48.629,-2.0602
995,45,Loiret,Centre-Val de Loire,La Chapelle-Saint-Mesmin,la-chapelle-saint-mesmin,45380,10218,9,1148.0,47.8861,1.8324
996,91,Essonne,Île-de-France,Igny,igny,91430,10213,4,2639.0,48.7375,2.2229
997,63,Puy-de-Dôme,Auvergne-Rhône-Alpes,Aubière,aubiere,63170,10211,8,1309.0,45.752,3.1272
998,62,Pas-de-Calais,Hauts-de-France,Oignies,oignies,62590,10210,6,1856.0,50.4636,2.9917
999,59,Nord,Hauts-de-France,Douchy-les-Mines,douchy-les-mines,59282,10207,9,1103.0,50.3005,3.3887
1000,976,Mayotte,Mayotte,Ouangani,ouangani,97670,10203,18,558.0,-12.8393,45.1384
1001,62,Pas-de-Calais,Hauts-de-France,Courrières,courrieres,62710,10199,9,1162.0,50.4538,2.9442
1002,42,Loire,Auvergne-Rhône-Alpes,Andrézieux-Bouthéon,andrezieux-boutheon,42160,10187,16,641.0,45.5353,4.2773
1003,44,Loire-Atlantique,Pays de la Loire,Blain,blain,44130,10187,102,100.0,47.4562,-1.7817
1004,74,Haute-Savoie,Auvergne-Rhône-Alpes,Gaillard,gaillard,74240,10175,4,2609.0,46.1841,6.2051
1005,59,Nord,Hauts-de-France,Neuville-en-Ferrain,neuville-en-ferrain,59960,10160,6,1641.0,50.7559,3.1614
1006,85,Vendée,Pays de la Loire,Aizenay,aizenay,85190,10146,82,124.0,46.7366,-1.6271
1007,33,Gironde,Nouvelle-Aquitaine,Parempuyre,parempuyre,33290,10142,22,465.0,44.9548,-0.5844
1008,01,Ain,Auvergne-Rhône-Alpes,Divonne-les-Bains,divonne-les-bains,01220,10137,34,300.0,46.3754,6.1114
1009,76,Seine-Maritime,Normandie,Caudebec-lès-Elbeuf,caudebec-les-elbeuf,76320,10135,4,2777.0,49.2821,1.0227
1010,31,Haute-Garonne,Occitanie,Auterive,auterive,31190,10126,37,271.0,43.3579,1.4822
1011,13,Bouches-du-Rhône,Provence-Alpes-Côte d'Azur,Fuveau,fuveau,13710,10115,30,336.0,43.4575,5.5537
1012,86,Vienne,Nouvelle-Aquitaine,Buxerolles,buxerolles,86180,10105,9,1110.0,46.6057,0.367
1013,29,Finistère,Bretagne,Fouesnant,fouesnant,29170,10098,32,311.0,47.8444,-4.0403
1014,13,Bouches-du-Rhône,Provence-Alpes-Côte d'Azur,Gignac-la-Nerthe,gignac-la-nerthe,13180,10083,9,1175.0,43.3873,5.2334
1015,14,Calvados,Normandie,Mondeville,mondeville,14120,10075,9,1110.0,49.1707,-0.3097
1016,54,Meurthe-et-Moselle,Grand Est,Saint-Max,saint-max,54130,10073,2,5474.0,48.7061,6.2041
1017,13,Bouches-du-Rhône,Provence-Alpes-Côte d'Azur,Cabriès,cabries,13480,10070,37,275.0,43.453,5.3467
1018,54,Meurthe-et-Moselle,Grand Est,Villerupt,villerupt,54190,10069,6,1556.0,49.466,5.9275
1019,81,Tarn,Occitanie,Mazamet,mazamet,81200,10064,73,138.0,43.4666,2.3863
1020,62,Pas-de-Calais,Hauts-de-France,Auchel,auchel,62260,10062,6,1680.0,50.5108,2.4656
1021,79,Deux-Sèvres,Nouvelle-Aquitaine,Parthenay,parthenay,79200,10058,11,886.0,46.6458,-0.235
1022,95,Val-d'Oise,Île-de-France,Méry-sur-Oise,mery-sur-oise,95540,10046,10,1015.0,49.0518,2.173
1023,78,Yvelines,Île-de-France,Vernouillet,vernouillet,78540,10025,7,1492.0,48.9649,1.9748
1024,66,Pyrénées-Orientales,Occitanie,Saint-Laurent-de-la-Salanque,saint-laurent-de-la-salanque,66250,10010,17,574.0,42.8073,2.9993
1025,83,Var,Provence-Alpes-Côte d'Azur,Le Beausset,le-beausset,83330,10007,36,277.0,43.205,5.8239
1026,33,Gironde,Nouvelle-Aquitaine,Saint-Loubès,saint-loubes,33450,10005,26,389.0,44.9223,-0.4257
1027,95,Val-d'Oise,Île-de-France,Pierrelaye,pierrelaye,95220,9998,9,1116.0,49.0185,2.1629
1028,59,Nord,Hauts-de-France,Aniche,aniche,59580,9997,7,1526.0,50.3301,3.2583
1029,16,Charente,Nouvelle-Aquitaine,Soyaux,soyaux,16800,9995,13,786.0,45.6388,0.2056
1030,13,Bouches-du-Rhône,Provence-Alpes-Côte d'Azur,Lambesc,lambesc,13410,9991,65,153.0,43.6636,5.2493
1031,62,Pas-de-Calais,Hauts-de-France,Lillers,lillers,62190,9988,27,375.0,50.5622,2.4824
1032,60,Oise,Hauts-de-France,Chambly,chambly,60230,9980,13,771.0,49.1743,2.2462
1033,38,Isère,Auvergne-Rhône-Alpes,Eybens,eybens,38320,9974,5,2187.0,45.1526,5.7487
1034,57,Moselle,Grand Est,Marly,marly,57155,9971,11,922.0,49.068,6.154
1035,95,Val-d'Oise,Île-de-France,Fosses,fosses,95470,9929,4,2743.0,49.1003,2.5043
1036,54,Meurthe-et-Moselle,Grand Est,Maxéville,maxeville,54320,9921,6,1759.0,48.7093,6.1432
1037,81,Tarn,Occitanie,Carmaux,carmaux,81400,9898,14,700.0,44.0548,2.1672
1038,06,Alpes-Maritimes,Provence-Alpes-Côte d'Azur,Biot,biot,06410,9880,16,637.0,43.6273,7.0821
1039,56,Morbihan,Bretagne,Ploërmel,ploermel,56800,9879,51,192.0,47.9167,-2.3769
1040,972,Martinique,Martinique,Gros-Morne,gros-morne,97213,9876,46,215.0,14.7084,-61.0303
1041,74,Haute-Savoie,Auvergne-Rhône-Alpes,Vétraz-Monthoux,vetraz-monthoux,74100,9874,7,1391.0,46.1818,6.2597
1042,40,Landes,Nouvelle-Aquitaine,Saint-Pierre-du-Mont,saint-pierre-du-mont,40280,9871,26,376.0,43.8725,-0.52
1043,62,Pas-de-Calais,Hauts-de-France,Montigny-en-Gohelle,montigny-en-gohelle,62640,9870,4,2812.0,50.4265,2.9309
1044,42,Loire,Auvergne-Rhône-Alpes,Roche-la-Molière,roche-la-moliere,42230,9863,17,566.0,45.4271,4.3282
1045,69,Rhône,Auvergne-Rhône-Alpes,Grigny,grigny,69520,9851,6,1716.0,45.6104,4.7858
1046,69,Rhône,Auvergne-Rhône-Alpes,Feyzin,feyzin,69320,9850,10,946.0,45.6736,4.8589
1047,27,Eure,Normandie,Pont-Audemer,pont-audemer,27500,9848,10,1028.0,49.3476,0.5259
1048,35,Ille-et-Vilaine,Bretagne,Saint-Grégoire,saint-gregoire,35760,9837,18,560.0,48.1598,-1.6815
1049,87,Haute-Vienne,Nouvelle-Aquitaine,Couzeix,couzeix,87270,9828,31,321.0,45.8845,1.2103
1050,973,Guyane,Guyane,Apatou,apatou,97317,9818,2154,5.0,4.9019,-54.2171
1051,31,Haute-Garonne,Occitanie,Portet-sur-Garonne,portet-sur-garonne,31120,9805,15,633.0,43.5285,1.3995
1052,31,Haute-Garonne,Occitanie,Seysses,seysses,31600,9789,25,387.0,43.4971,1.2822
1053,80,Somme,Hauts-de-France,Albert,albert,80300,9781,14,709.0,50.0035,2.6515
1054,971,Guadeloupe,Guadeloupe,Basse-Terre,basse-terre,97100,9779,4,2207.0,15.9992,-61.7294
1055,46,Lot,Occitanie,Figeac,figeac,46100,9770,35,277.0,44.6067,2.0231
1056,22,Côtes-d'Armor,Bretagne,Loudéac,loudeac,22600,9762,82,119.0,48.1737,-2.7442
1057,38,Isère,Auvergne-Rhône-Alpes,Voreppe,voreppe,38340,9758,29,336.0,45.2861,5.6417
1058,45,Loiret,Centre-Val de Loire,Ingré,ingre,45140,9755,21,470.0,47.9218,1.8161
1059,76,Seine-Maritime,Normandie,Darnétal,darnetal,76160,9738,5,2000.0,49.4468,1.1534
1060,76,Seine-Maritime,Normandie,Grand-Couronne,grand-couronne,76530,9726,17,575.0,49.3508,1.0097
1061,77,Seine-et-Marne,Île-de-France,La Ferté-sous-Jouarre,la-ferte-sous-jouarre,77260,9714,10,970.0,48.9562,3.1349
1062,59,Nord,Hauts-de-France,Bondues,bondues,59910,9713,13,744.0,50.7062,3.1002
1063,77,Seine-et-Marne,Île-de-France,Serris,serris,77700,9706,6,1706.0,48.8453,2.7873
1064,57,Moselle,Grand Est,Rombas,rombas,57120,9697,12,824.0,49.2442,6.0881
1065,31,Haute-Garonne,Occitanie,Saint-Lys,saint-lys,31470,9686,22,450.0,43.5106,1.2023
1066,20,Corse,Corse,Borgo,borgo,20290,9678,48,200.0,42.5809,9.4546
1067,31,Haute-Garonne,Occitanie,Revel,revel,31250,9665,36,271.0,43.4679,1.9975
1068,83,Var,Provence-Alpes-Côte d'Azur,La Farlède,la-farlede,83210,9658,8,1157.0,43.164,6.0414
1069,62,Pas-de-Calais,Hauts-de-France,Arques,arques,62510,9655,23,428.0,50.7388,2.3177
1070,59,Nord,Hauts-de-France,Merville,merville,59660,9652,27,356.0,50.6458,2.637
1071,62,Pas-de-Calais,Hauts-de-France,Sallaumines,sallaumines,62430,9650,4,2500.0,50.4215,2.8631
1072,83,Var,Provence-Alpes-Côte d'Azur,Le Muy,le-muy,83490,9646,67,144.0,43.468,6.5844
1073,18,Cher,Centre-Val de Loire,Saint-Doulchard,saint-doulchard,18230,9645,24,402.0,47.1116,2.3554
1074,54,Meurthe-et-Moselle,Grand Est,Dombasle-sur-Meurthe,dombasle-sur-meurthe,54110,9633,11,859.0,48.6209,6.3613
1075,76,Seine-Maritime,Normandie,Petit-Caux,petit-caux,76370,9625,7,1373.0,49.9612,1.2343
1076,27,Eure,Normandie,Bernay,bernay,27300,9622,24,399.0,49.0912,0.5978
1077,13,Bouches-du-Rhône,Provence-Alpes-Côte d'Azur,Saint-Rémy-de-Provence,saint-remy-de-provence,13210,9619,90,107.0,43.7815,4.8455
1078,95,Val-d'Oise,Île-de-France,Beaumont-sur-Oise,beaumont-sur-oise,95260,9590,6,1716.0,49.1372,2.2953
1079,59,Nord,Hauts-de-France,Leers,leers,59115,9588,5,1746.0,50.6794,3.2398
1080,62,Pas-de-Calais,Hauts-de-France,Aire-sur-la-Lys,aire-sur-la-lys,62120,9585,33,288.0,50.6457,2.3962
1081,14,Calvados,Normandie,Mézidon Vallée d'Auge,mezidon-vallee-d-auge,14140,9579,11,878.0,49.086,-0.0169
1082,17,Charente-Maritime,Nouvelle-Aquitaine,Aytré,aytre,17440,9578,12,784.0,46.1312,-1.1146
1083,26,Drôme,Auvergne-Rhône-Alpes,Bourg-de-Péage,bourg-de-peage,26300,9578,14,687.0,45.0189,5.0492
1084,81,Tarn,Occitanie,Saint-Sulpice-la-Pointe,saint-sulpice-la-pointe,81370,9576,24,398.0,43.7567,1.6906
1085,95,Val-d'Oise,Île-de-France,Ézanville,ezanville,95460,9573,5,1855.0,49.0382,2.3617
1086,34,Hérault,Occitanie,Pérols,perols,34470,9561,9,1104.0,43.5609,3.9512
1087,44,Loire-Atlantique,Pays de la Loire,Basse-Goulaine,basse-goulaine,44115,9555,14,692.0,47.2134,-1.4628
1088,74,Haute-Savoie,Auvergne-Rhône-Alpes,Fillière,filliere,74370,9547,63,152.0,46.0057,6.2275
1089,83,Var,Provence-Alpes-Côte d'Azur,Lorgues,lorgues,83510,9542,65,148.0,43.4734,6.3588
1090,35,Ille-et-Vilaine,Bretagne,Le Rheu,le-rheu,35650,9535,19,497.0,48.0971,-1.7882
1091,91,Essonne,Île-de-France,Crosne,crosne,91560,9532,2,3859.0,48.7202,2.4621
1092,64,Pyrénées-Atlantiques,Nouvelle-Aquitaine,Lescar,lescar,64230,9524,27,359.0,43.3412,-0.4303
1093,85,Vendée,Pays de la Loire,Luçon,lucon,85400,9483,31,302.0,46.452,-1.1616
1094,91,Essonne,Île-de-France,Quincy-sous-Sénart,quincy-sous-senart,91480,9477,5,1816.0,48.6722,2.5259
1095,31,Haute-Garonne,Occitanie,Léguevin,leguevin,31490,9474,25,383.0,43.5928,1.2353
1096,09,Ariège,Occitanie,Foix,foix,09000,9472,20,485.0,42.9701,1.609
1097,44,Loire-Atlantique,Pays de la Loire,Vallet,vallet,44330,9468,58,162.0,47.1763,-1.2645
1098,49,Maine-et-Loire,Pays de la Loire,Saint-Barthélemy-d'Anjou,saint-barthelemy-d-anjou,49124,9460,15,644.0,47.4741,-0.4826
1099,18,Cher,Centre-Val de Loire,Saint-Amand-Montrond,saint-amand-montrond,18200,9459,20,468.0,46.7236,2.5167
1100,31,Haute-Garonne,Occitanie,Frouzins,frouzins,31270,9457,8,1203.0,43.5218,1.3125
1101,58,Nièvre,Bourgogne-Franche-Comté,Cosne-Cours-sur-Loire,cosne-cours-sur-loire,58200,9437,54,176.0,47.414,2.9419
1102,66,Pyrénées-Orientales,Occitanie,Elne,elne,66200,9428,22,428.0,42.6083,2.978
1103,83,Var,Provence-Alpes-Côte d'Azur,Carqueiranne,carqueiranne,83320,9417,15,634.0,43.0975,6.0714
1104,85,Vendée,Pays de la Loire,Essarts-en-Bocage,essarts-en-bocage,85140,9399,57,166.0,46.7861,-1.2458
1105,59,Nord,Hauts-de-France,Condé-sur-l'Escaut,conde-sur-l-escaut,59163,9396,18,508.0,50.4662,3.6113
1106,44,Loire-Atlantique,Pays de la Loire,Saint-Philbert-de-Grand-Lieu,saint-philbert-de-grand-lieu,44310,9388,98,96.0,47.0689,-1.6443
1107,78,Yvelines,Île-de-France,Magny-les-Hameaux,magny-les-hameaux,78114,9385,17,562.0,48.7379,2.0494
1108,45,Loiret,Centre-Val de Loire,Saint-Jean-le-Blanc,saint-jean-le-blanc,45650,9379,8,1228.0,47.8825,1.9345
1109,54,Meurthe-et-Moselle,Grand Est,Jarville-la-Malgrange,jarville-la-malgrange,54140,9374,2,3906.0,48.6676,6.2057
1110,47,Lot-et-Garonne,Nouvelle-Aquitaine,Le Passage,le-passage,47520,9373,13,729.0,44.1898,0.5873
1111,33,Gironde,Nouvelle-Aquitaine,Audenge,audenge,33980,9371,82,115.0,44.7133,-0.9533
1112,67,Bas-Rhin,Grand Est,Molsheim,molsheim,67120,9359,11,876.0,48.5456,7.4988
1113,44,Loire-Atlantique,Pays de la Loire,Savenay,savenay,44260,9350,26,360.0,47.3542,-1.9203
1114,972,Martinique,Martinique,Sainte-Luce,sainte-luce,97228,9350,29,326.0,14.4904,-60.9467
1115,31,Haute-Garonne,Occitanie,Aucamville,aucamville,31140,9349,4,2349.0,43.6714,1.4243
1116,84,Vaucluse,Provence-Alpes-Côte d'Azur,Valréas,valreas,84600,9346,59,159.0,44.379,4.9973
1117,28,Eure-et-Loir,Centre-Val de Loire,Nogent-le-Rotrou,nogent-le-rotrou,28400,9341,23,400.0,48.3197,0.8071
1118,13,Bouches-du-Rhône,Provence-Alpes-Côte d'Azur,Lançon-Provence,lancon-provence,13680,9340,69,135.0,43.5728,5.1725
1119,47,Lot-et-Garonne,Nouvelle-Aquitaine,Tonneins,tonneins,47400,9337,35,268.0,44.3842,0.3296
1120,14,Calvados,Normandie,Ouistreham,ouistreham,14150,9331,11,828.0,49.2709,-0.2564
1121,44,Loire-Atlantique,Pays de la Loire,Nort-sur-Erdre,nort-sur-erdre,44390,9327,67,139.0,47.4454,-1.5239
1122,32,Gers,Occitanie,L'Isle-Jourdain,l-isle-jourdain,32600,9324,71,132.0,43.6159,1.0826
1123,57,Moselle,Grand Est,Hagondange,hagondange,57300,9321,6,1686.0,49.242,6.161
1124,35,Ille-et-Vilaine,Bretagne,Redon,redon,35600,9312,15,608.0,47.6557,-2.0787
1125,33,Gironde,Nouvelle-Aquitaine,Saint-Jean-d'Illac,saint-jean-d-illac,33127,9304,121,77.0,44.7973,-0.8156
1126,26,Drôme,Auvergne-Rhône-Alpes,Livron-sur-Drôme,livron-sur-drome,26250,9298,41,224.0,44.7912,4.8257
1127,34,Hérault,Occitanie,Le Crès,le-cres,34920,9295,6,1611.0,43.6513,3.9343
1128,34,Hérault,Occitanie,Clermont-l'Hérault,clermont-l-herault,34800,9269,33,282.0,43.6323,3.4017
1129,31,Haute-Garonne,Occitanie,Launaguet,launaguet,31140,9260,7,1306.0,43.6668,1.4579
1130,91,Essonne,Île-de-France,Bures-sur-Yvette,bures-sur-yvette,91440,9254,4,2118.0,48.6913,2.1589
1131,59,Nord,Hauts-de-France,Escaudain,escaudain,59124,9253,10,901.0,50.333,3.3388
1132,59,Nord,Hauts-de-France,Lesquin,lesquin,59810,9241,9,1086.0,50.5904,3.1132
1133,01,Ain,Auvergne-Rhône-Alpes,Belley,belley,01300,9239,23,409.0,45.743,5.6927
1134,71,Saône-et-Loire,Bourgogne-Franche-Comté,Paray-le-Monial,paray-le-monial,71600,9239,25,366.0,46.4429,4.1115
1135,89,Yonne,Bourgogne-Franche-Comté,Joigny,joigny,89300,9218,47,195.0,48.0093,3.4092
1136,74,Haute-Savoie,Auvergne-Rhône-Alpes,Évian-les-Bains,evian-les-bains,74500,9214,4,2075.0,46.3911,6.5911
1137,54,Meurthe-et-Moselle,Grand Est,Mont-Saint-Martin,mont-saint-martin,54350,9202,9,1049.0,49.5469,5.7872
1138,29,Finistère,Bretagne,Landivisiau,landivisiau,29400,9192,19,481.0,48.5163,-4.0615
1139,40,Landes,Nouvelle-Aquitaine,Capbreton,capbreton,40130,9185,21,430.0,43.6311,-1.4289
1140,58,Nièvre,Bourgogne-Franche-Comté,Varennes-Vauzelles,varennes-vauzelles,58640,9180,34,271.0,47.0381,3.1447
1141,973,Guyane,Guyane,Maripasoula,maripasoula,97370,9177,18718,0.0,3.049,-53.8276
1142,74,Haute-Savoie,Auvergne-Rhône-Alpes,Ville-la-Grand,ville-la-grand,74100,9169,4,2060.0,46.2061,6.2579
1143,19,Corrèze,Nouvelle-Aquitaine,Ussel,ussel,19200,9159,51,180.0,45.5537,2.294
1144,95,Val-d'Oise,Île-de-France,Beauchamp,beauchamp,95250,9158,3,3003.0,49.0136,2.194
1145,973,Guyane,Guyane,Grand-Santi,grand-santi,97340,9120,2233,4.0,4.3756,-54.1149
1146,62,Pas-de-Calais,Hauts-de-France,Beuvry,beuvry,62660,9111,17,538.0,50.5347,2.6913
1147,66,Pyrénées-Orientales,Occitanie,Rivesaltes,rivesaltes,66600,9099,29,316.0,42.7761,2.8769
1148,45,Loiret,Centre-Val de Loire,Pithiviers,pithiviers,45300,9094,7,1308.0,48.1805,2.2501
1149,77,Seine-et-Marne,Île-de-France,Magny-le-Hongre,magny-le-hongre,77700,9064,5,1953.0,48.8675,2.8171
1150,01,Ain,Auvergne-Rhône-Alpes,Prévessin-Moëns,prevessin-moens,01280,9063,12,751.0,46.2594,6.0722
1151,74,Haute-Savoie,Auvergne-Rhône-Alpes,Scionzier,scionzier,74950,9059,11,860.0,46.0497,6.545
1152,69,Rhône,Auvergne-Rhône-Alpes,Chaponost,chaponost,69630,9052,16,561.0,45.7089,4.7452
1153,73,Savoie,Auvergne-Rhône-Alpes,La Ravoire,la-ravoire,73490,9042,7,1370.0,45.5552,5.9579
1154,78,Yvelines,Île-de-France,Meulan-en-Yvelines,meulan-en-yvelines,78250,9041,3,2628.0,49.0051,1.909
1155,44,Loire-Atlantique,Pays de la Loire,Les Sorinières,les-sorinieres,44840,9031,13,688.0,47.142,-1.5195
1156,78,Yvelines,Île-de-France,Bougival,bougival,78380,9031,3,3260.0,48.8627,2.1394
1157,54,Meurthe-et-Moselle,Grand Est,Tomblaine,tomblaine,54510,9019,6,1631.0,48.6851,6.2212
1158,33,Gironde,Nouvelle-Aquitaine,Le Teich,le-teich,33470,9004,86,104.0,44.5805,-1.0234
1159,35,Ille-et-Vilaine,Bretagne,Guichen,guichen,35580,8995,43,209.0,47.9623,-1.7969
1160,60,Oise,Hauts-de-France,Lamorlaye,lamorlaye,60260,8993,15,593.0,49.1604,2.4262
1161,42,Loire,Auvergne-Rhône-Alpes,Veauche,veauche,42340,8992,11,829.0,45.5616,4.29
1162,56,Morbihan,Bretagne,Sarzeau,sarzeau,56370,8977,60,150.0,47.5253,-2.7584
1163,34,Hérault,Occitanie,Grabels,grabels,34790,8973,17,541.0,43.6503,3.7894
1164,31,Haute-Garonne,Occitanie,Grenade,grenade,31330,8961,38,235.0,43.7702,1.2791
1165,76,Seine-Maritime,Normandie,Gonfreville-l'Orcher,gonfreville-l-orcher,76700,8961,26,346.0,49.487,0.2223
1166,63,Puy-de-Dôme,Auvergne-Rhône-Alpes,Cébazat,cebazat,63118,8946,10,884.0,45.8314,3.1094
1167,56,Morbihan,Bretagne,Séné,sene,56860,8944,22,412.0,47.6227,-2.7394
1168,43,Haute-Loire,Auvergne-Rhône-Alpes,Monistrol-sur-Loire,monistrol-sur-loire,43120,8925,48,186.0,45.2857,4.1856
1169,60,Oise,Hauts-de-France,Gouvieux,gouvieux,60270,8924,23,383.0,49.19,2.4161
1170,84,Vaucluse,Provence-Alpes-Côte d'Azur,Morières-lès-Avignon,morieres-les-avignon,84310,8922,10,856.0,43.9298,4.9078
1171,976,Mayotte,Mayotte,Chirongui,chirongui,97620,8920,26,344.0,-12.9179,45.1428
1172,07,Ardèche,Auvergne-Rhône-Alpes,Le Teil,le-teil,07400,8901,27,334.0,44.5476,4.6664
1173,77,Seine-et-Marne,Île-de-France,Nangis,nangis,77370,8898,24,368.0,48.5575,3.0079
1174,62,Pas-de-Calais,Hauts-de-France,Le Portel,le-portel,62480,8897,4,2305.0,50.7159,1.5758
1175,91,Essonne,Île-de-France,Breuillet,breuillet,91650,8873,7,1320.0,48.5716,2.1644
1176,21,Côte-d'Or,Bourgogne-Franche-Comté,Quetigny,quetigny,21800,8869,8,1069.0,47.3209,5.1123
1177,13,Bouches-du-Rhône,Provence-Alpes-Côte d'Azur,La Fare-les-Oliviers,la-fare-les-oliviers,13580,8867,14,624.0,43.5541,5.2051
1178,69,Rhône,Auvergne-Rhône-Alpes,Irigny,irigny,69540,8867,9,997.0,45.6747,4.8143
1179,49,Maine-et-Loire,Pays de la Loire,Ombrée d'Anjou,ombree-d-anjou,49420,8859,50,179.0,47.7232,-1.1086
1180,84,Vaucluse,Provence-Alpes-Côte d'Azur,Le Thor,le-thor,84250,8858,36,249.0,43.9236,4.9939
1181,03,Allier,Auvergne-Rhône-Alpes,Bellerive-sur-Allier,bellerive-sur-allier,03700,8855,19,473.0,46.1202,3.4025
1182,88,Vosges,Grand Est,Golbey,golbey,88190,8849,9,933.0,48.1987,6.4258
1183,21,Côte-d'Or,Bourgogne-Franche-Comté,Fontaine-lès-Dijon,fontaine-les-dijon,21121,8847,4,1988.0,47.3477,5.025
1184,69,Rhône,Auvergne-Rhône-Alpes,Dardilly,dardilly,69570,8828,14,631.0,45.8133,4.7466
1185,77,Seine-et-Marne,Île-de-France,Vert-Saint-Denis,vert-saint-denis,77240,8822,16,545.0,48.5654,2.6266
1186,24,Dordogne,Nouvelle-Aquitaine,Sarlat-la-Canéda,sarlat-la-caneda,24200,8812,49,181.0,44.906,1.1994
1187,64,Pyrénées-Atlantiques,Nouvelle-Aquitaine,Boucau,boucau,64340,8809,6,1527.0,43.5259,-1.4814
1188,45,Loiret,Centre-Val de Loire,Chécy,checy,45430,8808,16,568.0,47.9019,2.0223
1189,72,Sarthe,Pays de la Loire,La Ferté-Bernard,la-ferte-bernard,72400,8799,16,563.0,48.1847,0.6366
1190,62,Pas-de-Calais,Hauts-de-France,Rouvroy,rouvroy,62320,8797,6,1353.0,50.3982,2.9059
1191,84,Vaucluse,Provence-Alpes-Côte d'Azur,Entraigues-sur-la-Sorgue,entraigues-sur-la-sorgue,84320,8793,17,526.0,43.9959,4.9347
1192,56,Morbihan,Bretagne,Quéven,queven,56530,8790,24,369.0,47.7871,-3.4172
1193,54,Meurthe-et-Moselle,Grand Est,Essey-lès-Nancy,essey-les-nancy,54270,8782,6,1533.0,48.7077,6.2326
1194,74,Haute-Savoie,Auvergne-Rhône-Alpes,Poisy,poisy,74330,8773,11,768.0,45.9191,6.0623
1195,26,Drôme,Auvergne-Rhône-Alpes,Saint-Paul-Trois-Châteaux,saint-paul-trois-chateaux,26130,8758,22,397.0,44.3489,4.7617
1196,26,Drôme,Auvergne-Rhône-Alpes,Crest,crest,26400,8756,24,370.0,44.7311,5.0211
1197,59,Nord,Hauts-de-France,Aulnoye-Aymeries,aulnoye-aymeries,59620,8756,9,1015.0,50.2036,3.8312
1198,14,Calvados,Normandie,Souleuvre en Bocage,souleuvre-en-bocage,14350,8745,9,962.0,48.9616,-0.84
1199,62,Pas-de-Calais,Hauts-de-France,Wingles,wingles,62410,8742,6,1443.0,50.4946,2.8575
1200,17,Charente-Maritime,Nouvelle-Aquitaine,Périgny,perigny,17180,8741,11,800.0,46.1559,-1.0798
1201,85,Vendée,Pays de la Loire,Saint-Jean-de-Monts,saint-jean-de-monts,85160,8741,62,140.0,46.8009,-2.0527
1202,76,Seine-Maritime,Normandie,Lillebonne,lillebonne,76170,8729,15,596.0,49.505,0.5393
1203,39,Jura,Bourgogne-Franche-Comté,Saint-Claude,saint-claude,39200,8727,70,124.0,46.4098,5.8802
1204,49,Maine-et-Loire,Pays de la Loire,Les Hauts-d'Anjou,les-hauts-d-anjou,49330,8727,15,598.0,47.697,-0.5499
1205,59,Nord,Hauts-de-France,La Chapelle-d'Armentières,la-chapelle-d-armentieres,59930,8719,11,812.0,50.6641,2.8944
1206,59,Nord,Hauts-de-France,Onnaing,onnaing,59264,8719,13,671.0,50.3857,3.5972
1207,60,Oise,Hauts-de-France,Margny-lès-Compiègne,margny-les-compiegne,60280,8716,7,1295.0,49.4315,2.8046
1208,13,Bouches-du-Rhône,Provence-Alpes-Côte d'Azur,Velaux,velaux,13880,8713,25,346.0,43.5215,5.246
1209,76,Seine-Maritime,Normandie,Petit-Couronne,petit-couronne,76650,8688,13,679.0,49.3817,1.0342
1210,30,Gard,Occitanie,Aigues-Mortes,aigues-mortes,30220,8685,58,150.0,43.5482,4.1606
1211,31,Haute-Garonne,Occitanie,Pibrac,pibrac,31820,8678,26,332.0,43.6245,1.2584
1212,21,Côte-d'Or,Bourgogne-Franche-Comté,Longvic,longvic,21600,8676,10,834.0,47.2855,5.0585
1213,13,Bouches-du-Rhône,Provence-Alpes-Côte d'Azur,Roquevaire,roquevaire,13360,8673,24,362.0,43.3452,5.598
1214,91,Essonne,Île-de-France,Montlhéry,montlhery,91310,8670,3,2619.0,48.6392,2.266
1215,33,Gironde,Nouvelle-Aquitaine,Coutras,coutras,33230,8669,34,256.0,45.0408,-0.1003
1216,03,Allier,Auvergne-Rhône-Alpes,Domérat,domerat,03410,8667,35,246.0,46.3706,2.5462
1217,93,Seine-Saint-Denis,Île-de-France,L'Île-Saint-Denis,l-ile-saint-denis,93450,8664,2,4979.0,48.9465,2.3204
1218,63,Puy-de-Dôme,Auvergne-Rhône-Alpes,Lempdes,lempdes,63370,8663,12,706.0,45.7719,3.192
1219,02,Aisne,Hauts-de-France,Hirson,hirson,02500,8662,34,255.0,49.938,4.1132
1220,44,Loire-Atlantique,Pays de la Loire,Le Loroux-Bottereau,le-loroux-bottereau,44430,8649,45,193.0,47.2325,-1.3272
1221,62,Pas-de-Calais,Hauts-de-France,Isbergues,isbergues,62330,8649,14,598.0,50.6147,2.4561
1222,33,Gironde,Nouvelle-Aquitaine,Artigues-près-Bordeaux,artigues-pres-bordeaux,33370,8645,7,1186.0,44.8592,-0.4878
1223,13,Bouches-du-Rhône,Provence-Alpes-Côte d'Azur,Saint-Chamas,saint-chamas,13250,8643,27,322.0,43.5414,5.072
1224,74,Haute-Savoie,Auvergne-Rhône-Alpes,Chamonix-Mont-Blanc,chamonix-mont-blanc,74400,8642,245,35.0,45.9296,6.9291
1225,85,Vendée,Pays de la Loire,Le Poiré-sur-Vie,le-poire-sur-vie,85170,8626,72,120.0,46.7681,-1.5016
1226,79,Deux-Sèvres,Nouvelle-Aquitaine,Mauléon,mauleon,79700,8597,122,70.0,46.943,-0.7565
1227,29,Finistère,Bretagne,Plabennec,plabennec,29860,8589,50,170.0,48.5012,-4.4254
1228,38,Isère,Auvergne-Rhône-Alpes,Roussillon,roussillon,38150,8589,12,728.0,45.3818,4.8133
1229,972,Martinique,Martinique,Le Marin,le-marin,97290,8586,32,268.0,14.4822,-60.8589
1230,38,Isère,Auvergne-Rhône-Alpes,Vif,vif,38450,8584,27,314.0,45.043,5.6712
1231,35,Ille-et-Vilaine,Bretagne,Thorigné-Fouillard,thorigne-fouillard,35235,8582,14,634.0,48.1524,-1.5866
1232,34,Hérault,Occitanie,La Grande-Motte,la-grande-motte,34280,8573,14,616.0,43.571,4.072
1233,35,Ille-et-Vilaine,Bretagne,Janzé,janze,35150,8570,42,206.0,47.9439,-1.4979
1234,92,Hauts-de-Seine,Île-de-France,Vaucresson,vaucresson,92420,8566,3,2772.0,48.8377,2.1628
1235,77,Seine-et-Marne,Île-de-France,Gretz-Armainvilliers,gretz-armainvilliers,77220,8556,14,631.0,48.7536,2.7272
1236,29,Finistère,Bretagne,Ergué-Gabéric,ergue-gaberic,29500,8553,40,216.0,48.0115,-4.0111
1237,07,Ardèche,Auvergne-Rhône-Alpes,Privas,privas,07000,8541,12,709.0,44.7214,4.5949
1238,31,Haute-Garonne,Occitanie,La Salvetat-Saint-Gilles,la-salvetat-saint-gilles,31880,8524,6,1482.0,43.5768,1.2655
1239,59,Nord,Hauts-de-France,Pérenchies,perenchies,59840,8519,3,2802.0,50.6708,2.9682
1240,88,Vosges,Grand Est,Thaon-les-Vosges,thaon-les-vosges,88150,8513,12,724.0,48.2498,6.4244
1241,44,Loire-Atlantique,Pays de la Loire,Sautron,sautron,44880,8512,18,481.0,47.275,-1.6839
1242,53,Mayenne,Pays de la Loire,Évron,evron,53600,8508,36,237.0,48.1423,-0.4328
1243,35,Ille-et-Vilaine,Bretagne,Liffré,liffre,35340,8507,67,127.0,48.2025,-1.5064
1244,71,Saône-et-Loire,Bourgogne-Franche-Comté,Saint-Vallier,saint-vallier,71230,8503,24,350.0,46.6457,4.3569
1245,30,Gard,Occitanie,Les Angles,les-angles,30133,8480,17,501.0,43.9414,4.7563
1246,42,Loire,Auvergne-Rhône-Alpes,Unieux,unieux,42240,8479,9,991.0,45.4054,4.2691
1247,972,Martinique,Martinique,Le Vauclin,le-vauclin,97280,8474,40,210.0,14.542,-60.8595
1248,30,Gard,Occitanie,Marguerittes,marguerittes,30320,8467,25,333.0,43.8661,4.4594
1249,49,Maine-et-Loire,Pays de la Loire,Gennes-Val-de-Loire,gennes-val-de-loire,49350,8464,26,325.0,47.3424,-0.2352
1250,59,Nord,Hauts-de-France,Orchies,orchies,59310,8455,11,774.0,50.4684,3.2398
1251,74,Haute-Savoie,Auvergne-Rhône-Alpes,Epagny Metz-Tessy,epagny-metz-tessy,74370,8454,7,1267.0,45.943,6.0934
1252,22,Côtes-d'Armor,Bretagne,Trégueux,tregueux,22950,8450,14,585.0,48.4769,-2.7454
1253,85,Vendée,Pays de la Loire,Chantonnay,chantonnay,85110,8447,84,101.0,46.6699,-1.045
1254,13,Bouches-du-Rhône,Provence-Alpes-Côte d'Azur,Port-Saint-Louis-du-Rhône,port-saint-louis-du-rhone,13230,8446,83,101.0,43.4066,4.826
1255,30,Gard,Occitanie,Le Grau-du-Roi,le-grau-du-roi,30240,8438,58,146.0,43.5149,4.1704
1256,91,Essonne,Île-de-France,Marcoussis,marcoussis,91460,8430,17,504.0,48.6491,2.2078
1257,76,Seine-Maritime,Normandie,Saint-Aubin-lès-Elbeuf,saint-aubin-les-elbeuf,76410,8428,6,1448.0,49.3058,1.0211
1258,13,Bouches-du-Rhône,Provence-Alpes-Côte d'Azur,Venelles,venelles,13770,8426,21,411.0,43.5951,5.4991
1259,40,Landes,Nouvelle-Aquitaine,Soustons,soustons,40140,8421,108,78.0,43.754,-1.3305
1260,45,Loiret,Centre-Val de Loire,Châteauneuf-sur-Loire,chateauneuf-sur-loire,45110,8416,40,211.0,47.8829,2.2415
1261,95,Val-d'Oise,Île-de-France,Groslay,groslay,95410,8416,3,2724.0,48.9852,2.3514
1262,56,Morbihan,Bretagne,Theix-Noyalo,theix-noyalo,56450,8403,48,177.0,47.6304,-2.6472
1263,29,Finistère,Bretagne,Pont-l'Abbé,pont-l-abbe,29120,8395,18,462.0,47.8674,-4.2174
1264,95,Val-d'Oise,Île-de-France,Le Plessis-Bouchard,le-plessis-bouchard,95130,8393,3,3216.0,49.003,2.2339
1265,59,Nord,Hauts-de-France,Téteghem-Coudekerque-Village,teteghem-coudekerque-village,59380,8384,19,442.0,51.0092,2.4453
1266,62,Pas-de-Calais,Hauts-de-France,Vendin-le-Vieil,vendin-le-vieil,62880,8381,11,788.0,50.4723,2.8492
1267,30,Gard,Occitanie,Uzès,uzes,30700,8379,25,329.0,44.0289,4.416
1268,29,Finistère,Bretagne,Saint-Renan,saint-renan,29290,8358,13,628.0,48.4288,-4.6212
1269,50,Manche,Normandie,Coutances,coutances,50200,8353,13,659.0,49.0552,-1.4451
1270,77,Seine-et-Marne,Île-de-France,Tournan-en-Brie,tournan-en-brie,77220,8340,16,538.0,48.741,2.7769
1271,42,Loire,Auvergne-Rhône-Alpes,Feurs,feurs,42110,8338,24,349.0,45.732,4.2313
1272,56,Morbihan,Bretagne,Larmor-Plage,larmor-plage,56260,8318,8,994.0,47.7161,-3.3913
1273,38,Isère,Auvergne-Rhône-Alpes,Crolles,crolles,38920,8317,15,573.0,45.2816,5.8853
1274,76,Seine-Maritime,Normandie,Harfleur,harfleur,76700,8315,4,1980.0,49.5137,0.1964
1275,83,Var,Provence-Alpes-Côte d'Azur,Bandol,bandol,83150,8311,9,915.0,43.147,5.7488
1276,33,Gironde,Nouvelle-Aquitaine,Carbon-Blanc,carbon-blanc,33560,8300,4,2173.0,44.9019,-0.5008
1277,976,Mayotte,Mayotte,Chiconi,chiconi,97670,8295,8,1005.0,-12.8209,45.1125
1278,38,Isère,Auvergne-Rhône-Alpes,Varces-Allières-et-Risset,varces-allieres-et-risset,38760,8287,21,398.0,45.0884,5.6699
1279,76,Seine-Maritime,Normandie,Saint-Pierre-lès-Elbeuf,saint-pierre-les-elbeuf,76320,8285,6,1303.0,49.2778,1.0497
1280,06,Alpes-Maritimes,Provence-Alpes-Côte d'Azur,Peymeinade,peymeinade,06530,8256,10,831.0,43.6289,6.8807
1281,35,Ille-et-Vilaine,Bretagne,Chartres-de-Bretagne,chartres-de-bretagne,35131,8237,10,821.0,48.0451,-1.7039
1282,35,Ille-et-Vilaine,Bretagne,Vern-sur-Seiche,vern-sur-seiche,35770,8233,20,415.0,48.0458,-1.6082
1283,34,Hérault,Occitanie,Pignan,pignan,34570,8221,21,400.0,43.5819,3.742
1284,13,Bouches-du-Rhône,Provence-Alpes-Côte d'Azur,Éguilles,eguilles,13510,8220,34,241.0,43.5662,5.3177
1285,37,Indre-et-Loire,Centre-Val de Loire,Ballan-Miré,ballan-mire,37510,8217,26,313.0,47.3393,0.5997
1286,62,Pas-de-Calais,Hauts-de-France,Courcelles-lès-Lens,courcelles-les-lens,62970,8213,6,1464.0,50.4149,3.0151
1287,971,Guadeloupe,Guadeloupe,Petit-Canal,petit-canal,97131,8201,74,111.0,16.3921,-61.4547
1288,76,Seine-Maritime,Normandie,Bihorel,bihorel,76420,8199,3,3271.0,49.4634,1.1288
1289,17,Charente-Maritime,Nouvelle-Aquitaine,Tonnay-Charente,tonnay-charente,17430,8195,35,234.0,45.9646,-0.8777
1290,83,Var,Provence-Alpes-Côte d'Azur,Puget-sur-Argens,puget-sur-argens,83480,8195,27,304.0,43.4712,6.6861
1291,33,Gironde,Nouvelle-Aquitaine,Lège-Cap-Ferret,lege-cap-ferret,33950,8193,97,85.0,44.7452,-1.174
1292,59,Nord,Hauts-de-France,Linselles,linselles,59126,8192,12,691.0,50.7367,3.0724
1293,66,Pyrénées-Orientales,Occitanie,Thuir,thuir,66300,8173,20,409.0,42.6384,2.7618
1294,83,Var,Provence-Alpes-Côte d'Azur,Bormes-les-Mimosas,bormes-les-mimosas,83230,8173,97,84.0,43.1575,6.3615
1295,68,Haut-Rhin,Grand Est,Brunstatt-Didenheim,brunstatt-didenheim,68350,8172,10,851.0,47.7165,7.3148
1296,95,Val-d'Oise,Île-de-France,Bessancourt,bessancourt,95550,8172,6,1283.0,49.0364,2.1998
1297,29,Finistère,Bretagne,Guilers,guilers,29820,8170,19,432.0,48.4188,-4.5625
1298,74,Haute-Savoie,Auvergne-Rhône-Alpes,Reignier-Ésery,reignier-esery,74930,8170,25,327.0,46.1367,6.2646
1299,31,Haute-Garonne,Occitanie,Cornebarrieu,cornebarrieu,31700,8164,19,434.0,43.649,1.3197
1300,85,Vendée,Pays de la Loire,Talmont-Saint-Hilaire,talmont-saint-hilaire,85440,8161,90,90.0,46.4775,-1.6299
1301,44,Loire-Atlantique,Pays de la Loire,Bouaye,bouaye,44830,8144,14,579.0,47.1478,-1.6687
1302,38,Isère,Auvergne-Rhône-Alpes,La Tour-du-Pin,la-tour-du-pin,38110,8138,5,1710.0,45.5743,5.4459
1303,62,Pas-de-Calais,Hauts-de-France,Libercourt,libercourt,62820,8138,7,1235.0,50.4835,3.0031
1304,54,Meurthe-et-Moselle,Grand Est,Jarny,jarny,54800,8130,16,519.0,49.1491,5.8739
1305,34,Hérault,Occitanie,Sérignan,serignan,34410,8123,27,296.0,43.271,3.3011
1306,67,Bas-Rhin,Grand Est,Souffelweyersheim,souffelweyersheim,67460,8120,5,1758.0,48.6323,7.7492
1307,62,Pas-de-Calais,Hauts-de-France,Billy-Montigny,billy-montigny,62420,8117,3,2952.0,50.4152,2.9068
1308,44,Loire-Atlantique,Pays de la Loire,Donges,donges,44480,8113,50,164.0,47.3398,-2.0731
1309,44,Loire-Atlantique,Pays de la Loire,Trignac,trignac,44570,8106,14,569.0,47.3116,-2.2052
1310,01,Ain,Auvergne-Rhône-Alpes,Meximieux,meximieux,01800,8085,14,597.0,45.9047,5.2116
1311,06,Alpes-Maritimes,Provence-Alpes-Côte d'Azur,La Colle-sur-Loup,la-colle-sur-loup,06480,8084,10,823.0,43.6869,7.0975
1312,91,Essonne,Île-de-France,La Ville-du-Bois,la-ville-du-bois,91620,8080,4,2276.0,48.6601,2.2644
1313,62,Pas-de-Calais,Hauts-de-France,Mazingarbe,mazingarbe,62670,8068,10,780.0,50.4698,2.7263
1314,41,Loir-et-Cher,Centre-Val de Loire,Vineuil,vineuil,41350,8067,22,362.0,47.5855,1.3886
1315,37,Indre-et-Loire,Centre-Val de Loire,Chinon,chinon,37500,8052,39,207.0,47.1692,0.2433
1316,56,Morbihan,Bretagne,Languidic,languidic,56440,8047,105,76.0,47.8295,-3.1485
1317,42,Loire,Auvergne-Rhône-Alpes,La Ricamarie,la-ricamarie,42150,8046,7,1166.0,45.4045,4.3723
1318,06,Alpes-Maritimes,Provence-Alpes-Côte d'Azur,Pégomas,pegomas,06580,8045,11,722.0,43.5886,6.9213
1319,42,Loire,Auvergne-Rhône-Alpes,Sorbiers,sorbiers,42290,8042,12,668.0,45.4995,4.4357
1320,19,Corrèze,Nouvelle-Aquitaine,Malemort,malemort,19360,8027,16,489.0,45.1797,1.5936
1321,45,Loiret,Centre-Val de Loire,Le Malesherbois,le-malesherbois,45330,8005,18,455.0,48.2745,2.3392
1322,72,Sarthe,Pays de la Loire,Coulaines,coulaines,72190,8003,4,2042.0,48.0348,0.2111
1323,56,Morbihan,Bretagne,Questembert,questembert,56230,8001,66,122.0,47.6643,-2.4348
1324,39,Jura,Bourgogne-Franche-Comté,Champagnole,champagnole,39300,8000,20,398.0,46.7423,5.8938
1325,38,Isère,Auvergne-Rhône-Alpes,Seyssins,seyssins,38180,7997,8,1002.0,45.1578,5.6697
1326,54,Meurthe-et-Moselle,Grand Est,Val de Briey,val-de-briey,54150,7996,27,295.0,49.2663,5.9546
1327,12,Aveyron,Occitanie,Saint-Affrique,saint-affrique,12400,7992,111,72.0,43.9571,2.8533
1328,68,Haut-Rhin,Grand Est,Wintzenheim,wintzenheim,68920,7989,19,421.0,48.0626,7.2755
1329,65,Hautes-Pyrénées,Occitanie,Aureilhan,aureilhan,65800,7982,10,836.0,43.2488,0.1065
1330,76,Seine-Maritime,Normandie,Le Mesnil-Esnard,le-mesnil-esnard,76240,7980,5,1529.0,49.4123,1.1462
1331,91,Essonne,Île-de-France,Boussy-Saint-Antoine,boussy-saint-antoine,91800,7980,3,2733.0,48.6893,2.5354
1332,85,Vendée,Pays de la Loire,Saint-Gilles-Croix-de-Vie,saint-gilles-croix-de-vie,85800,7974,10,763.0,46.688,-1.9207
1333,71,Saône-et-Loire,Bourgogne-Franche-Comté,Charnay-lès-Mâcon,charnay-les-macon,71850,7969,12,649.0,46.3054,4.7887
1334,40,Landes,Nouvelle-Aquitaine,Saint-Vincent-de-Tyrosse,saint-vincent-de-tyrosse,40230,7956,21,380.0,43.663,-1.3013
1335,69,Rhône,Auvergne-Rhône-Alpes,Anse,anse,69480,7947,15,517.0,45.9451,4.7049
1336,57,Moselle,Grand Est,Talange,talange,57525,7938,4,2128.0,49.2348,6.1684
1337,62,Pas-de-Calais,Hauts-de-France,Achicourt,achicourt,62217,7938,6,1364.0,50.2723,2.7572
1338,27,Eure,Normandie,Les Andelys,les-andelys,27700,7937,40,200.0,49.2391,1.4241
1339,78,Yvelines,Île-de-France,Jouy-en-Josas,jouy-en-josas,78350,7928,10,774.0,48.7652,2.161
1340,54,Meurthe-et-Moselle,Grand Est,Malzéville,malzeville,54220,7927,8,1042.0,48.7223,6.1927
1341,30,Gard,Occitanie,Rochefort-du-Gard,rochefort-du-gard,30650,7921,34,232.0,43.9841,4.682
1342,70,Haute-Saône,Bourgogne-Franche-Comté,Lure,lure,70200,7918,25,321.0,47.6817,6.4933
1343,37,Indre-et-Loire,Centre-Val de Loire,Monts,monts,37260,7914,28,285.0,47.2723,0.6429
1344,59,Nord,Hauts-de-France,Cappelle-la-Grande,cappelle-la-grande,59180,7899,5,1441.0,50.9953,2.3716
1345,59,Nord,Hauts-de-France,Houplines,houplines,59116,7897,11,692.0,50.6832,2.9271
1346,33,Gironde,Nouvelle-Aquitaine,Salles,salles,33770,7887,138,57.0,44.536,-0.8899
1347,22,Côtes-d'Armor,Bretagne,Langueux,langueux,22360,7886,9,856.0,48.502,-2.7087
1348,63,Puy-de-Dôme,Auvergne-Rhône-Alpes,Romagnat,romagnat,63540,7869,17,465.0,45.7215,3.08
1349,91,Essonne,Île-de-France,Paray-Vieille-Poste,paray-vieille-poste,91550,7868,6,1298.0,48.7239,2.3577
1350,78,Yvelines,Île-de-France,Gargenville,gargenville,78440,7863,9,909.0,48.9938,1.8112
1351,38,Isère,Auvergne-Rhône-Alpes,Claix,claix,38640,7859,23,335.0,45.1187,5.659
1352,87,Haute-Vienne,Nouvelle-Aquitaine,Isle,isle,87170,7853,20,391.0,45.8053,1.1987
1353,33,Gironde,Nouvelle-Aquitaine,Martignas-sur-Jalle,martignas-sur-jalle,33127,7850,26,297.0,44.8451,-0.8006
1354,66,Pyrénées-Orientales,Occitanie,Le Soler,le-soler,66270,7846,10,754.0,42.6756,2.7999
1355,33,Gironde,Nouvelle-Aquitaine,Bassens,bassens,33530,7842,10,761.0,44.9068,-0.526
1356,49,Maine-et-Loire,Pays de la Loire,Montreuil-Juigné,montreuil-juigne,49460,7842,14,543.0,47.5451,-0.6178
1357,88,Vosges,Grand Est,Gérardmer,gerardmer,88400,7833,56,141.0,48.0658,6.8531
1358,61,Orne,Normandie,L'Aigle,l-aigle,61300,7824,18,424.0,48.7566,0.6118
1359,38,Isère,Auvergne-Rhône-Alpes,Tignieu-Jameyzieu,tignieu-jameyzieu,38230,7815,13,585.0,45.7321,5.183
1360,34,Hérault,Occitanie,Pézenas,pezenas,34120,7788,30,261.0,43.4616,3.418
1361,42,Loire,Auvergne-Rhône-Alpes,Villars,villars,42390,7783,6,1354.0,45.4679,4.3517
1362,14,Calvados,Normandie,Falaise,falaise,14700,7782,12,663.0,48.8986,-0.1924
1363,49,Maine-et-Loire,Pays de la Loire,Verrières-en-Anjou,verrieres-en-anjou,49480,7775,22,353.0,47.5182,-0.4746
1364,59,Nord,Hauts-de-France,Wavrin,wavrin,59136,7773,14,573.0,50.5735,2.9356
1365,68,Haut-Rhin,Grand Est,Thann,thann,68800,7766,12,625.0,47.8163,7.0867
1366,57,Moselle,Grand Est,Hettange-Grande,hettange-grande,57330,7765,16,478.0,49.4196,6.154
1367,57,Moselle,Grand Est,Guénange,guenange,57310,7761,8,917.0,49.2985,6.2029
1368,91,Essonne,Île-de-France,Ballancourt-sur-Essonne,ballancourt-sur-essonne,91610,7757,11,682.0,48.5246,2.3882
1369,16,Charente,Nouvelle-Aquitaine,La Couronne,la-couronne,16400,7753,29,269.0,45.6095,0.108
1370,78,Yvelines,Île-de-France,Saint-Rémy-lès-Chevreuse,saint-remy-les-chevreuse,78470,7747,10,786.0,48.7037,2.082
1371,30,Gard,Occitanie,Bellegarde,bellegarde,30127,7740,45,172.0,43.7483,4.4967
1372,38,Isère,Auvergne-Rhône-Alpes,Les Avenières Veyrins-Thuellin,les-avenieres-veyrins-thuellin,38630,7740,30,259.0,45.6413,5.5567
1373,34,Hérault,Occitanie,Baillargues,baillargues,34670,7735,8,1006.0,43.6565,4.0102
1374,49,Maine-et-Loire,Pays de la Loire,Lys-Haut-Layon,lys-haut-layon,49310,7724,60,129.0,47.1504,-0.4618
1375,69,Rhône,Auvergne-Rhône-Alpes,Neuville-sur-Saône,neuville-sur-saone,69250,7721,5,1425.0,45.8821,4.8404
1376,38,Isère,Auvergne-Rhône-Alpes,Saint-Marcellin,saint-marcellin,38160,7708,8,991.0,45.1526,5.3166
1377,38,Isère,Auvergne-Rhône-Alpes,Tullins,tullins,38210,7706,29,263.0,45.2924,5.4874
1378,976,Mayotte,Mayotte,Mtsamboro,mtsamboro,97630,7705,16,485.0,-12.6754,45.0601
1379,04,Alpes-de-Haute-Provence,Provence-Alpes-Côte d'Azur,Sisteron,sisteron,04200,7699,51,152.0,44.1993,5.9276
1380,52,Haute-Marne,Grand Est,Langres,langres,52200,7697,23,332.0,47.8597,5.3364
1381,86,Vienne,Nouvelle-Aquitaine,Jaunay-Marigny,jaunay-marigny,86380,7687,27,280.0,46.7274,0.3642
1382,83,Var,Provence-Alpes-Côte d'Azur,Cavalaire-sur-Mer,cavalaire-sur-mer,83240,7678,17,454.0,43.1797,6.5215
1383,35,Ille-et-Vilaine,Bretagne,Mordelles,mordelles,35310,7658,30,253.0,48.0853,-1.8515
1384,44,Loire-Atlantique,Pays de la Loire,Saint-Étienne-de-Montluc,saint-etienne-de-montluc,44360,7658,57,133.0,47.2694,-1.7902
1385,31,Haute-Garonne,Occitanie,Beauzelle,beauzelle,31700,7656,5,1650.0,43.668,1.3753
1386,20,Corse,Corse,Biguglia,biguglia,20620,7654,27,285.0,42.6133,9.4401
1387,20,Corse,Corse,Corte,corte,20250,7654,149,51.0,42.2737,9.0691
1388,45,Loiret,Centre-Val de Loire,Saint-Denis-en-Val,saint-denis-en-val,45560,7654,17,442.0,47.8791,1.9714
1389,44,Loire-Atlantique,Pays de la Loire,Saint-Julien-de-Concelles,saint-julien-de-concelles,44450,7653,33,230.0,47.2469,-1.4036
1390,56,Morbihan,Bretagne,Pluvigner,pluvigner,56330,7651,83,92.0,47.7821,-3.0204
1391,66,Pyrénées-Orientales,Occitanie,Céret,ceret,66400,7648,38,201.0,42.473,2.7565
1392,74,Haute-Savoie,Auvergne-Rhône-Alpes,Publier,publier,74500,7646,9,847.0,46.3914,6.5428
1393,34,Hérault,Occitanie,Marseillan,marseillan,34340,7643,53,144.0,43.3543,3.556
1394,44,Loire-Atlantique,Pays de la Loire,Machecoul-Saint-Même,machecoul-saint-meme,44270,7642,67,113.0,47.0057,-1.8063
1395,971,Guadeloupe,Guadeloupe,Goyave,goyave,97128,7638,60,127.0,16.1231,-61.615
1396,35,Ille-et-Vilaine,Bretagne,Noyal-Châtillon-sur-Seiche,noyal-chatillon-sur-seiche,35230,7631,26,289.0,48.053,-1.661
1397,78,Yvelines,Île-de-France,Noisy-le-Roi,noisy-le-roi,78590,7631,6,1365.0,48.8466,2.0542
1398,36,Indre,Centre-Val de Loire,Déols,deols,36130,7625,32,239.0,46.8397,1.7018
1399,971,Guadeloupe,Guadeloupe,Trois-Rivières,trois-rivieres,97114,7625,31,244.0,15.9931,-61.6493
1400,66,Pyrénées-Orientales,Occitanie,Bompas,bompas,66430,7619,6,1330.0,42.7271,2.9426
1401,78,Yvelines,Île-de-France,Beynes,beynes,78650,7617,19,409.0,48.8528,1.8748
1402,69,Rhône,Auvergne-Rhône-Alpes,Gleizé,gleize,69400,7614,10,731.0,45.9915,4.6883
1403,88,Vosges,Grand Est,Remiremont,remiremont,88200,7611,17,442.0,48.0037,6.581
1404,29,Finistère,Bretagne,Rosporden,rosporden,29140,7609,57,132.0,47.9504,-3.8226
1405,59,Nord,Hauts-de-France,Nieppe,nieppe,59850,7606,17,443.0,50.697,2.8325
1406,67,Bas-Rhin,Grand Est,Geispolsheim,geispolsheim,67118,7603,22,343.0,48.5117,7.6586
1407,21,Côte-d'Or,Bourgogne-Franche-Comté,Auxonne,auxonne,21130,7602,40,188.0,47.1887,5.407
1408,77,Seine-et-Marne,Île-de-France,Émerainville,emerainville,77184,7601,5,1423.0,48.8186,2.608
1409,45,Loiret,Centre-Val de Loire,Beaugency,beaugency,45190,7598,17,460.0,47.777,1.6376
1410,74,Haute-Savoie,Auvergne-Rhône-Alpes,Saint-Pierre-en-Faucigny,saint-pierre-en-faucigny,74800,7591,15,510.0,46.0591,6.3735
1411,07,Ardèche,Auvergne-Rhône-Alpes,Saint-Péray,saint-peray,07130,7588,24,319.0,44.9394,4.8314
1412,33,Gironde,Nouvelle-Aquitaine,Saint-Aubin-de-Médoc,saint-aubin-de-medoc,33160,7583,35,218.0,44.9343,-0.7478
1413,74,Haute-Savoie,Auvergne-Rhône-Alpes,Faverges-Seythenex,faverges-seythenex,74210,7581,26,293.0,45.7342,6.2896
1414,83,Var,Provence-Alpes-Côte d'Azur,Les Arcs,les-arcs,83460,7580,54,139.0,43.4533,6.4862
1415,64,Pyrénées-Atlantiques,Nouvelle-Aquitaine,Hasparren,hasparren,64240,7577,77,98.0,43.3951,-1.3196
1416,35,Ille-et-Vilaine,Bretagne,Bain-de-Bretagne,bain-de-bretagne,35470,7570,66,115.0,47.8324,-1.6806
1417,38,Isère,Auvergne-Rhône-Alpes,Moirans,moirans,38430,7565,20,378.0,45.3227,5.5676
1418,13,Bouches-du-Rhône,Provence-Alpes-Côte d'Azur,Sausset-les-Pins,sausset-les-pins,13960,7563,12,615.0,43.3469,5.1158
1419,78,Yvelines,Île-de-France,Louveciennes,louveciennes,78430,7563,5,1388.0,48.8595,2.1132
1420,06,Alpes-Maritimes,Provence-Alpes-Côte d'Azur,Contes,contes,06390,7544,20,387.0,43.8133,7.3263
1421,73,Savoie,Auvergne-Rhône-Alpes,Saint-Jean-de-Maurienne,saint-jean-de-maurienne,73300,7536,11,656.0,45.2731,6.3465
1422,16,Charente,Nouvelle-Aquitaine,Saint-Yrieix-sur-Charente,saint-yrieix-sur-charente,16710,7525,15,509.0,45.6816,0.126
1423,44,Loire-Atlantique,Pays de la Loire,Loireauxence,loireauxence,44370,7517,45,166.0,47.4352,-1.0319
1424,67,Bas-Rhin,Grand Est,Wissembourg,wissembourg,67160,7516,48,157.0,49.0184,7.9629
1425,35,Ille-et-Vilaine,Bretagne,Châteaubourg,chateaubourg,35220,7512,29,260.0,48.1203,-1.4034
1426,971,Guadeloupe,Guadeloupe,Gourbeyre,gourbeyre,97113,7508,23,330.0,16.0057,-61.689
1427,38,Isère,Auvergne-Rhône-Alpes,La Verpillière,la-verpilliere,38290,7500,7,1121.0,45.6376,5.1494
1428,71,Saône-et-Loire,Bourgogne-Franche-Comté,Digoin,digoin,71160,7498,35,213.0,46.4863,4.0225
1429,21,Côte-d'Or,Bourgogne-Franche-Comté,Saint-Apollinaire,saint-apollinaire,21850,7490,10,732.0,47.3367,5.0939
1430,59,Nord,Hauts-de-France,Fresnes-sur-Escaut,fresnes-sur-escaut,59970,7486,12,638.0,50.4321,3.58
1431,93,Seine-Saint-Denis,Île-de-France,Vaujours,vaujours,93410,7478,4,2032.0,48.9338,2.5799
1432,64,Pyrénées-Atlantiques,Nouvelle-Aquitaine,Ustaritz,ustaritz,64480,7476,33,229.0,43.4019,-1.4704
1433,91,Essonne,Île-de-France,Saint-Germain-lès-Corbeil,saint-germain-les-corbeil,91250,7472,4,1845.0,48.6275,2.4919
1434,31,Haute-Garonne,Occitanie,Aussonne,aussonne,31840,7465,14,535.0,43.6841,1.3278
1435,44,Loire-Atlantique,Pays de la Loire,Clisson,clisson,44190,7465,11,658.0,47.0936,-1.2654
1436,57,Moselle,Grand Est,Terville,terville,57180,7456,4,1962.0,49.3454,6.1334
1437,64,Pyrénées-Atlantiques,Nouvelle-Aquitaine,Bidart,bidart,64210,7449,13,568.0,43.4385,-1.5754
1438,08,Ardennes,Grand Est,Rethel,rethel,08300,7425,19,401.0,49.5147,4.3814
1439,68,Haut-Rhin,Grand Est,Ensisheim,ensisheim,68190,7418,37,202.0,47.8533,7.3779
1440,95,Val-d'Oise,Île-de-France,Saint-Prix,saint-prix,95390,7404,8,931.0,49.0191,2.2748
1441,17,Charente-Maritime,Nouvelle-Aquitaine,Lagord,lagord,17140,7387,8,923.0,46.1851,-1.1522
1442,42,Loire,Auvergne-Rhône-Alpes,Mably,mably,42300,7382,33,222.0,46.0916,4.0657
1443,29,Finistère,Bretagne,Lesneven,lesneven,29260,7377,10,727.0,48.5814,-4.3104
1444,44,Loire-Atlantique,Pays de la Loire,Sucé-sur-Erdre,suce-sur-erdre,44240,7366,41,178.0,47.35,-1.5237
1445,62,Pas-de-Calais,Hauts-de-France,Barlin,barlin,62620,7366,6,1171.0,50.4551,2.6148
1446,40,Landes,Nouvelle-Aquitaine,Mimizan,mimizan,40200,7364,115,64.0,44.1996,-1.2323
1447,54,Meurthe-et-Moselle,Grand Est,Saint-Nicolas-de-Port,saint-nicolas-de-port,54210,7364,8,883.0,48.62,6.2953
1448,38,Isère,Auvergne-Rhône-Alpes,Pontcharra,pontcharra,38530,7361,16,459.0,45.4225,6.0228
1449,16,Charente,Nouvelle-Aquitaine,Ruelle-sur-Touvre,ruelle-sur-touvre,16600,7356,11,694.0,45.6865,0.2252
1450,59,Nord,Hauts-de-France,Waziers,waziers,59119,7354,4,1691.0,50.3841,3.1121
1451,53,Mayenne,Pays de la Loire,Saint-Berthevin,saint-berthevin,53940,7353,32,229.0,48.0739,-0.8462
1452,07,Ardèche,Auvergne-Rhône-Alpes,Bourg-Saint-Andéol,bourg-saint-andeol,07700,7352,43,172.0,44.3742,4.6117
1453,31,Haute-Garonne,Occitanie,Saint-Jory,saint-jory,31790,7346,19,381.0,43.7398,1.3539
1454,33,Gironde,Nouvelle-Aquitaine,Langon,langon,33210,7345,14,534.0,44.5355,-0.2422
1455,43,Haute-Loire,Auvergne-Rhône-Alpes,Yssingeaux,yssingeaux,43200,7345,81,91.0,45.1342,4.1246
1456,68,Haut-Rhin,Grand Est,Huningue,huningue,68330,7339,3,2575.0,47.5882,7.5798
1457,66,Pyrénées-Orientales,Occitanie,Toulouges,toulouges,66350,7334,8,914.0,42.6723,2.8234
1458,38,Isère,Auvergne-Rhône-Alpes,Villard-Bonnot,villard-bonnot,38190,7331,6,1224.0,45.2455,5.8837
1459,57,Moselle,Grand Est,Moyeuvre-Grande,moyeuvre-grande,57250,7330,10,761.0,49.2507,6.0333
1460,91,Essonne,Île-de-France,Soisy-sur-Seine,soisy-sur-seine,91450,7322,9,843.0,48.6593,2.4666
1461,29,Finistère,Bretagne,Crozon,crozon,29160,7321,81,91.0,48.2396,-4.4679
1462,45,Loiret,Centre-Val de Loire,La Ferté-Saint-Aubin,la-ferte-saint-aubin,45240,7318,86,85.0,47.7122,1.9129
1463,22,Côtes-d'Armor,Bretagne,Pordic,pordic,22590,7316,29,253.0,48.5695,-2.825
1464,86,Vienne,Nouvelle-Aquitaine,Saint-Benoît,saint-benoit,86280,7307,14,538.0,46.5484,0.3561
1465,27,Eure,Normandie,Verneuil d'Avre et d'Iton,verneuil-d-avre-et-d-iton,27160,7305,32,229.0,48.7649,0.8893
1466,38,Isère,Auvergne-Rhône-Alpes,Vizille,vizille,38220,7293,11,676.0,45.0728,5.7813
1467,91,Essonne,Île-de-France,Lisses,lisses,91090,7292,10,698.0,48.5935,2.4259
1468,80,Somme,Hauts-de-France,Péronne,peronne,80200,7291,14,514.0,49.9262,2.926
1469,34,Hérault,Occitanie,Lodève,lodeve,34700,7289,23,313.0,43.7296,3.2949
1470,14,Calvados,Normandie,Saint-Pierre-en-Auge,saint-pierre-en-auge,14140,7288,10,753.0,48.9873,0.0252
1471,06,Alpes-Maritimes,Provence-Alpes-Côte d'Azur,Roquefort-les-Pins,roquefort-les-pins,06330,7276,22,336.0,43.6723,7.0565
1472,33,Gironde,Nouvelle-Aquitaine,Lanton,lanton,33138,7276,138,53.0,44.7719,-0.9799
1473,01,Ain,Auvergne-Rhône-Alpes,Lagnieu,lagnieu,01150,7268,27,266.0,45.8863,5.3396
1474,24,Dordogne,Nouvelle-Aquitaine,Trélissac,trelissac,24750,7268,24,302.0,45.2114,0.7738
1475,69,Rhône,Auvergne-Rhône-Alpes,Saint-Didier-au-Mont-d'Or,saint-didier-au-mont-d-or,69370,7265,8,874.0,45.8159,4.8003
1476,35,Ille-et-Vilaine,Bretagne,Melesse,melesse,35520,7260,33,223.0,48.2192,-1.6887
1477,79,Deux-Sèvres,Nouvelle-Aquitaine,Saint-Maixent-l'École,saint-maixent-l-ecole,79400,7254,5,1398.0,46.4145,-0.2122
1478,44,Loire-Atlantique,Pays de la Loire,Montoir-de-Bretagne,montoir-de-bretagne,44550,7252,30,244.0,47.3238,-2.1539
1479,24,Dordogne,Nouvelle-Aquitaine,Coulounieix-Chamiers,coulounieix-chamiers,24660,7245,21,337.0,45.1712,0.6861
1480,974,La Réunion,La Réunion,Salazie,salazie,97433,7243,104,70.0,-21.0524,55.5145
1481,29,Finistère,Bretagne,Carhaix-Plouguer,carhaix-plouguer,29270,7240,26,280.0,48.2708,-3.5654
1482,44,Loire-Atlantique,Pays de la Loire,Sainte-Pazanne,sainte-pazanne,44680,7218,42,173.0,47.0864,-1.8184
1483,35,Ille-et-Vilaine,Bretagne,Guipry-Messac,guipry-messac,35480,7202,42,173.0,47.8257,-1.8318
1484,67,Bas-Rhin,Grand Est,Eckbolsheim,eckbolsheim,67201,7199,5,1343.0,48.58,7.6829
1485,34,Hérault,Occitanie,Fabrègues,fabregues,34690,7197,32,226.0,43.5312,3.7737
1486,40,Landes,Nouvelle-Aquitaine,Parentis-en-Born,parentis-en-born,40160,7195,124,58.0,44.3527,-1.0879
1487,22,Côtes-d'Armor,Bretagne,Paimpol,paimpol,22500,7191,24,299.0,48.7789,-3.0472
1488,59,Nord,Hauts-de-France,Auby,auby,59950,7188,7,1003.0,50.4143,3.0612
1489,73,Savoie,Auvergne-Rhône-Alpes,Bourg-Saint-Maurice,bourg-saint-maurice,73700,7187,182,40.0,45.6638,6.7614
1490,44,Loire-Atlantique,Pays de la Loire,Chaumes-en-Retz,chaumes-en-retz,44320,7184,40,180.0,47.1561,-1.9153
1491,17,Charente-Maritime,Nouvelle-Aquitaine,Saujon,saujon,17600,7183,19,385.0,45.6718,-0.9365
1492,59,Nord,Hauts-de-France,Aulnoy-lez-Valenciennes,aulnoy-lez-valenciennes,59300,7183,6,1183.0,50.3246,3.5362
1493,74,Haute-Savoie,Auvergne-Rhône-Alpes,Cranves-Sales,cranves-sales,74380,7182,14,530.0,46.1979,6.3145
1494,57,Moselle,Grand Est,Audun-le-Tiche,audun-le-tiche,57390,7180,15,464.0,49.4619,5.9593
1495,62,Pas-de-Calais,Hauts-de-France,Leforest,leforest,62790,7179,6,1156.0,50.4406,3.0588
1496,22,Côtes-d'Armor,Bretagne,Perros-Guirec,perros-guirec,22700,7175,15,480.0,48.8376,-3.476
1497,64,Pyrénées-Atlantiques,Nouvelle-Aquitaine,Saint-Pée-sur-Nivelle,saint-pee-sur-nivelle,64310,7170,66,109.0,43.3469,-1.5605
1498,77,Seine-et-Marne,Île-de-France,Bailly-Romainvilliers,bailly-romainvilliers,77700,7169,8,920.0,48.845,2.8191
1499,38,Isère,Auvergne-Rhône-Alpes,Gières,gieres,38610,7161,7,999.0,45.1828,5.7902
1500,67,Bas-Rhin,Grand Est,Barr,barr,67140,7152,21,338.0,48.4136,7.3988
1501,79,Deux-Sèvres,Nouvelle-Aquitaine,Chauray,chauray,79180,7151,15,491.0,46.3537,-0.3862
1502,73,Savoie,Auvergne-Rhône-Alpes,Ugine,ugine,73400,7148,58,124.0,45.7796,6.425
1503,95,Val-d'Oise,Île-de-France,Écouen,ecouen,95440,7145,8,936.0,49.0258,2.3858
1504,06,Alpes-Maritimes,Provence-Alpes-Côte d'Azur,La Gaude,la-gaude,06610,7133,13,532.0,43.7177,7.1605
1505,44,Loire-Atlantique,Pays de la Loire,Herbignac,herbignac,44410,7133,71,100.0,47.451,-2.3149
1506,91,Essonne,Île-de-France,Villemoisson-sur-Orge,villemoisson-sur-orge,91360,7120,2,3069.0,48.6599,2.3298
1507,76,Seine-Maritime,Normandie,Sainte-Adresse,sainte-adresse,76310,7116,2,3094.0,49.5099,0.0789
1508,30,Gard,Occitanie,Saint-Christol-lez-Alès,saint-christol-lez-ales,30380,7115,20,353.0,44.083,4.0682
1509,30,Gard,Occitanie,Manduel,manduel,30129,7109,26,269.0,43.8084,4.4962
1510,22,Côtes-d'Armor,Bretagne,Guingamp,guingamp,22200,7105,3,2042.0,48.5608,-3.1533
1511,33,Gironde,Nouvelle-Aquitaine,Le Pian-Médoc,le-pian-medoc,33290,7105,30,236.0,44.9555,-0.6737
1512,974,La Réunion,La Réunion,Entre-Deux,entre-deux,97414,7105,51,138.0,-21.2108,55.4937
1513,77,Seine-et-Marne,Île-de-France,Lésigny,lesigny,77150,7102,10,709.0,48.748,2.6182
1514,86,Vienne,Nouvelle-Aquitaine,Chauvigny,chauvigny,86300,7099,96,74.0,46.5528,0.6714
1515,51,Marne,Grand Est,Bétheny,betheny,51450,7086,20,354.0,49.2979,4.0623
1516,56,Morbihan,Bretagne,Caudan,caudan,56850,7074,42,167.0,47.8099,-3.3383
1517,34,Hérault,Occitanie,Balaruc-les-Bains,balaruc-les-bains,34540,7073,9,815.0,43.4476,3.6922
1518,42,Loire,Auvergne-Rhône-Alpes,La Talaudière,la-talaudiere,42350,7073,8,921.0,45.4775,4.4257
1519,85,Vendée,Pays de la Loire,Aubigny-Les Clouzeaux,aubigny-les-clouzeaux,85430,7069,26,272.0,46.6123,-1.4794
1520,89,Yonne,Bourgogne-Franche-Comté,Migennes,migennes,89400,7068,17,425.0,47.9715,3.5337
1521,64,Pyrénées-Atlantiques,Nouvelle-Aquitaine,Jurançon,jurancon,64110,7064,19,376.0,43.2716,-0.4117
1522,44,Loire-Atlantique,Pays de la Loire,Divatte-sur-Loire,divatte-sur-loire,44450,7057,23,301.0,47.2789,-1.3386
1523,29,Finistère,Bretagne,Trégunc,tregunc,29910,7050,51,139.0,47.8372,-3.8463
1524,38,Isère,Auvergne-Rhône-Alpes,Saint-Ismier,saint-ismier,38330,7048,15,475.0,45.2503,5.8274
1525,69,Rhône,Auvergne-Rhône-Alpes,Fontaines-sur-Saône,fontaines-sur-saone,69270,7047,2,3012.0,45.8268,4.8537
1526,34,Hérault,Occitanie,Vendargues,vendargues,34740,7044,9,765.0,43.6624,3.9657
1527,91,Essonne,Île-de-France,Linas,linas,91310,7032,8,925.0,48.6261,2.2525
1528,62,Pas-de-Calais,Hauts-de-France,Houdain,houdain,62150,7030,6,1119.0,50.4541,2.5354
1529,68,Haut-Rhin,Grand Est,Soultz-Haut-Rhin,soultz-haut-rhin,68360,7027,29,238.0,47.8835,7.181
1530,59,Nord,Hauts-de-France,Bourbourg,bourbourg,59630,7023,39,182.0,50.9422,2.2034
1531,14,Calvados,Normandie,Colombelles,colombelles,14460,7022,7,999.0,49.1998,-0.2918
1532,971,Guadeloupe,Guadeloupe,Vieux-Habitants,vieux-habitants,97119,7014,60,118.0,16.0847,-61.717
1533,40,Landes,Nouvelle-Aquitaine,Labenne,labenne,40530,7007,25,285.0,43.5982,-1.4371
1534,65,Hautes-Pyrénées,Occitanie,Bagnères-de-Bigorre,bagneres-de-bigorre,65200,7000,126,56.0,42.9686,0.1298
1535,49,Maine-et-Loire,Pays de la Loire,Beaufort-en-Anjou,beaufort-en-anjou,49250,6994,36,195.0,47.4374,-0.2063
1536,91,Essonne,Île-de-France,Wissous,wissous,91320,6991,9,767.0,48.7308,2.3278
1537,31,Haute-Garonne,Occitanie,Escalquens,escalquens,31750,6986,9,821.0,43.5201,1.5528
1538,60,Oise,Hauts-de-France,Liancourt,liancourt,60140,6983,5,1461.0,49.3296,2.4656
1539,57,Moselle,Grand Est,Uckange,uckange,57270,6976,5,1275.0,49.3069,6.1489
1540,56,Morbihan,Bretagne,Kervignac,kervignac,56700,6966,39,177.0,47.7722,-3.2573
1541,972,Martinique,Martinique,Les Trois-Îlets,les-trois-ilets,97229,6964,28,245.0,14.5329,-61.0376
1542,76,Seine-Maritime,Normandie,Notre-Dame-de-Bondeville,notre-dame-de-bondeville,76960,6957,6,1096.0,49.4876,1.0559
1543,35,Ille-et-Vilaine,Bretagne,Pleurtuit,pleurtuit,35730,6953,29,241.0,48.5791,-2.0696
1544,78,Yvelines,Île-de-France,Orgeval,orgeval,78630,6948,15,449.0,48.9185,1.9698
1545,01,Ain,Auvergne-Rhône-Alpes,Trévoux,trevoux,01600,6947,6,1232.0,45.9398,4.771
1546,59,Nord,Hauts-de-France,Le Cateau-Cambrésis,le-cateau-cambresis,59360,6929,27,254.0,50.0873,3.5354
1547,78,Yvelines,Île-de-France,Le Mesnil-Saint-Denis,le-mesnil-saint-denis,78320,6929,9,764.0,48.7389,1.9619
1548,78,Yvelines,Île-de-France,Rosny-sur-Seine,rosny-sur-seine,78710,6929,19,360.0,48.9978,1.6054
1549,56,Morbihan,Bretagne,Brech,brech,56400,6924,40,174.0,47.7069,-3.0264
1550,59,Nord,Hauts-de-France,Quesnoy-sur-Deûle,quesnoy-sur-deule,59890,6920,14,478.0,50.713,3.0063
1551,69,Rhône,Auvergne-Rhône-Alpes,Saint-Bonnet-de-Mure,saint-bonnet-de-mure,69720,6920,17,416.0,45.6975,5.0241
1552,26,Drôme,Auvergne-Rhône-Alpes,Saint-Rambert-d'Albon,saint-rambert-d-albon,26140,6913,13,515.0,45.2883,4.8299
1553,22,Côtes-d'Armor,Bretagne,Plédran,pledran,22960,6910,35,199.0,48.4426,-2.7381
1554,974,La Réunion,La Réunion,Les Trois-Bassins,les-trois-bassins,97426,6899,42,162.0,-21.1138,55.3378
1555,62,Pas-de-Calais,Hauts-de-France,Loos-en-Gohelle,loos-en-gohelle,62750,6896,13,543.0,50.4584,2.7865
1556,62,Pas-de-Calais,Hauts-de-France,Divion,divion,62460,6893,11,620.0,50.4696,2.5083
1557,42,Loire,Auvergne-Rhône-Alpes,Le Coteau,le-coteau,42120,6889,5,1409.0,46.0217,4.0925
1558,35,Ille-et-Vilaine,Bretagne,Acigné,acigne,35690,6888,30,228.0,48.1461,-1.5189
1559,13,Bouches-du-Rhône,Provence-Alpes-Côte d'Azur,Eyguières,eyguieres,13430,6887,69,100.0,43.7005,5.0132
1560,77,Seine-et-Marne,Île-de-France,Courtry,courtry,77181,6885,4,1663.0,48.9169,2.6029
1561,93,Seine-Saint-Denis,Île-de-France,Gournay-sur-Marne,gournay-sur-marne,93460,6882,2,4146.0,48.8607,2.5761
1562,22,Côtes-d'Armor,Bretagne,Binic-Étables-sur-Mer,binic-etables-sur-mer,22520,6881,9,739.0,48.6167,-2.8372
1563,44,Loire-Atlantique,Pays de la Loire,Saint-André-des-Eaux,saint-andre-des-eaux,44117,6881,25,273.0,47.3272,-2.3116
1564,47,Lot-et-Garonne,Nouvelle-Aquitaine,Nérac,nerac,47600,6881,63,110.0,44.1339,0.347
1565,77,Seine-et-Marne,Île-de-France,Chessy,chessy,77700,6875,6,1189.0,48.8718,2.7697
1566,26,Drôme,Auvergne-Rhône-Alpes,Chabeuil,chabeuil,26120,6873,40,172.0,44.9088,5.0038
1567,25,Doubs,Bourgogne-Franche-Comté,Morteau,morteau,25500,6867,14,482.0,47.0643,6.5891
1568,91,Essonne,Île-de-France,Étréchy,etrechy,91580,6866,14,483.0,48.4956,2.177
1569,69,Rhône,Auvergne-Rhône-Alpes,Sathonay-Camp,sathonay-camp,69580,6858,2,3591.0,45.8255,4.8792
1570,45,Loiret,Centre-Val de Loire,Villemandeur,villemandeur,45700,6846,11,604.0,47.9811,2.7011
1571,01,Ain,Auvergne-Rhône-Alpes,Montluel,montluel,01120,6838,40,171.0,45.8868,5.0185
1572,13,Bouches-du-Rhône,Provence-Alpes-Côte d'Azur,Sénas,senas,13560,6838,31,223.0,43.7402,5.073
1573,17,Charente-Maritime,Nouvelle-Aquitaine,Surgères,surgeres,17700,6825,29,239.0,46.0985,-0.7514
1574,87,Haute-Vienne,Nouvelle-Aquitaine,Saint-Yrieix-la-Perche,saint-yrieix-la-perche,87500,6825,101,67.0,45.5274,1.2026
1575,34,Hérault,Occitanie,Jacou,jacou,34830,6823,3,2013.0,43.6648,3.9138
1576,974,La Réunion,La Réunion,La Plaine-des-Palmistes,la-plaine-des-palmistes,97431,6821,83,82.0,-21.153,55.6442
1577,95,Val-d'Oise,Île-de-France,Courdimanche,courdimanche,95800,6816,6,1209.0,49.0421,1.9999
1578,31,Haute-Garonne,Occitanie,Castelnau-d'Estrétefonds,castelnau-d-estretefonds,31620,6814,29,238.0,43.7956,1.3516
1579,01,Ain,Auvergne-Rhône-Alpes,Viriat,viriat,01440,6808,45,150.0,46.2522,5.2257
1580,82,Tarn-et-Garonne,Occitanie,Caussade,caussade,82300,6804,46,148.0,44.1582,1.5426
1581,27,Eure,Normandie,Gaillon,gaillon,27600,6801,10,656.0,49.1602,1.3405
1582,77,Seine-et-Marne,Île-de-France,Nanteuil-lès-Meaux,nanteuil-les-meaux,77100,6800,8,892.0,48.9317,2.9019
1583,13,Bouches-du-Rhône,Provence-Alpes-Côte d'Azur,Gémenos,gemenos,13420,6794,33,206.0,43.2969,5.6518
1584,50,Manche,Normandie,Valognes,valognes,50700,6791,16,431.0,49.5122,-1.4758
1585,59,Nord,Hauts-de-France,Beuvrages,beuvrages,59192,6784,3,2246.0,50.3887,3.5043
1586,44,Loire-Atlantique,Pays de la Loire,Pont-Saint-Martin,pont-saint-martin,44860,6780,22,311.0,47.1266,-1.5683
1587,78,Yvelines,Île-de-France,Les Essarts-le-Roi,les-essarts-le-roi,78690,6775,20,346.0,48.713,1.8905
1588,26,Drôme,Auvergne-Rhône-Alpes,Nyons,nyons,26110,6771,24,288.0,44.3585,5.1243
1589,95,Val-d'Oise,Île-de-France,Auvers-sur-Oise,auvers-sur-oise,95430,6763,13,528.0,49.0847,2.1569
1590,14,Calvados,Normandie,Honfleur,honfleur,14600,6761,14,494.0,49.4086,0.2297
1591,44,Loire-Atlantique,Pays de la Loire,Grandchamp-des-Fontaines,grandchamp-des-fontaines,44119,6759,34,199.0,47.3629,-1.6234
1592,29,Finistère,Bretagne,Moëlan-sur-Mer,moelan-sur-mer,29350,6756,47,143.0,47.8075,-3.6522
1593,91,Essonne,Île-de-France,Égly,egly,91520,6756,4,1697.0,48.5778,2.2183
1594,59,Nord,Hauts-de-France,Feignies,feignies,59750,6752,19,360.0,50.291,3.9119
1595,13,Bouches-du-Rhône,Provence-Alpes-Côte d'Azur,Carnoux-en-Provence,carnoux-en-provence,13470,6747,4,1819.0,43.259,5.5655
1596,10,Aube,Grand Est,Saint-Julien-les-Villas,saint-julien-les-villas,10800,6745,5,1292.0,48.2745,4.1028
1597,86,Vienne,Nouvelle-Aquitaine,Loudun,loudun,86200,6743,44,154.0,47.0116,0.1048
1598,35,Ille-et-Vilaine,Bretagne,Montfort-sur-Meu,montfort-sur-meu,35160,6742,14,481.0,48.1273,-1.9582
1599,29,Finistère,Bretagne,Saint-Pol-de-Léon,saint-pol-de-leon,29250,6741,24,285.0,48.6743,-3.989
1600,77,Seine-et-Marne,Île-de-France,Othis,othis,77280,6739,13,517.0,49.086,2.6572
1601,74,Haute-Savoie,Auvergne-Rhône-Alpes,Douvaine,douvaine,74140,6738,11,639.0,46.3076,6.3008
1602,13,Bouches-du-Rhône,Provence-Alpes-Côte d'Azur,Cassis,cassis,13260,6720,26,257.0,43.2185,5.5503
1603,38,Isère,Auvergne-Rhône-Alpes,Domène,domene,38420,6720,5,1244.0,45.2053,5.8367
1604,41,Loir-et-Cher,Centre-Val de Loire,Le Controis-en-Sologne,le-controis-en-sologne,41120,6719,36,187.0,47.4327,1.3851
1605,17,Charente-Maritime,Nouvelle-Aquitaine,Saint-Jean-d'Angély,saint-jean-d-angely,17400,6705,19,354.0,45.9432,-0.5188
1606,59,Nord,Hauts-de-France,Templeuve-en-Pévèle,templeuve-en-pevele,59242,6705,16,422.0,50.5322,3.1716
1607,62,Pas-de-Calais,Hauts-de-France,Grenay,grenay,62160,6704,3,2076.0,50.4494,2.7437
1608,56,Morbihan,Bretagne,Ploeren,ploeren,56880,6699,20,327.0,47.6585,-2.8394
1609,49,Maine-et-Loire,Pays de la Loire,Bouchemaine,bouchemaine,49080,6690,21,326.0,47.4288,-0.6241
1610,72,Sarthe,Pays de la Loire,Changé,change,72560,6686,35,189.0,47.9797,0.2966
1611,83,Var,Provence-Alpes-Côte d'Azur,Montauroux,montauroux,83440,6685,37,180.0,43.5936,6.7993
1612,28,Eure-et-Loir,Centre-Val de Loire,Luisant,luisant,28600,6682,4,1522.0,48.4239,1.4668
1613,29,Finistère,Bretagne,Plouguerneau,plouguerneau,29880,6682,44,154.0,48.6046,-4.5104
1614,42,Loire,Auvergne-Rhône-Alpes,Sury-le-Comtal,sury-le-comtal,42450,6681,24,277.0,45.5426,4.1784
1615,33,Gironde,Nouvelle-Aquitaine,Cadaujac,cadaujac,33140,6671,15,433.0,44.7468,-0.5316
1616,49,Maine-et-Loire,Pays de la Loire,Longué-Jumelles,longue-jumelles,49160,6671,97,69.0,47.3961,-0.1092
1617,64,Pyrénées-Atlantiques,Nouvelle-Aquitaine,Cambo-les-Bains,cambo-les-bains,64250,6669,23,293.0,43.3622,-1.3886
1618,69,Rhône,Auvergne-Rhône-Alpes,Brindas,brindas,69126,6661,11,585.0,45.7183,4.703
1619,62,Pas-de-Calais,Hauts-de-France,Noyelles-sous-Lens,noyelles-sous-lens,62221,6659,4,1790.0,50.4295,2.8764
1620,70,Haute-Saône,Bourgogne-Franche-Comté,Luxeuil-les-Bains,luxeuil-les-bains,70300,6659,22,302.0,47.8252,6.3578
1621,34,Hérault,Occitanie,Cournonterral,cournonterral,34660,6654,29,231.0,43.5712,3.7072
1622,34,Hérault,Occitanie,Gignac,gignac,34150,6650,30,223.0,43.6416,3.5661
1623,82,Tarn-et-Garonne,Occitanie,Montech,montech,82700,6650,50,133.0,43.9623,1.2363
1624,13,Bouches-du-Rhône,Provence-Alpes-Côte d'Azur,Saint-Victoret,saint-victoret,13730,6648,5,1417.0,43.4121,5.2508
1625,972,Martinique,Martinique,Le Lorrain,le-lorrain,97214,6648,50,132.0,14.7995,-61.074
1626,17,Charente-Maritime,Nouvelle-Aquitaine,Puilboreau,puilboreau,17138,6635,8,835.0,46.1849,-1.1146
1627,971,Guadeloupe,Guadeloupe,Bouillante,bouillante,97125,6634,43,153.0,16.1387,-61.7578
1628,17,Charente-Maritime,Nouvelle-Aquitaine,Saint-Pierre-d'Oléron,saint-pierre-d-oleron,17310,6627,41,163.0,45.9354,-1.3008
1629,38,Isère,Auvergne-Rhône-Alpes,Rives,rives,38140,6622,11,590.0,45.3606,5.4848
1630,59,Nord,Hauts-de-France,La Bassée,la-bassee,59480,6622,4,1865.0,50.5393,2.8103
1631,26,Drôme,Auvergne-Rhône-Alpes,Loriol-sur-Drôme,loriol-sur-drome,26270,6619,29,230.0,44.7495,4.8141
1632,54,Meurthe-et-Moselle,Grand Est,Neuves-Maisons,neuves-maisons,54230,6619,4,1471.0,48.6164,6.1083
1633,63,Puy-de-Dôme,Auvergne-Rhône-Alpes,Ambert,ambert,63600,6616,61,109.0,45.5516,3.7556
1634,71,Saône-et-Loire,Bourgogne-Franche-Comté,Gueugnon,gueugnon,71130,6616,29,231.0,46.5923,4.0508
1635,42,Loire,Auvergne-Rhône-Alpes,Saint-Jean-Bonnefonds,saint-jean-bonnefonds,42650,6611,12,565.0,45.4585,4.4467
1636,91,Essonne,Île-de-France,Itteville,itteville,91760,6603,12,537.0,48.5144,2.3398
1637,74,Haute-Savoie,Auvergne-Rhône-Alpes,Thônes,thones,74230,6600,52,126.0,45.8834,6.3329
1638,81,Tarn,Occitanie,Saint-Juéry,saint-juery,81160,6600,9,711.0,43.9362,2.2293
1639,69,Rhône,Auvergne-Rhône-Alpes,La Mulatière,la-mulatiere,69350,6595,2,3565.0,45.7338,4.8118
1640,54,Meurthe-et-Moselle,Grand Est,Champigneulles,champigneulles,54250,6594,24,275.0,48.7199,6.1268
1641,76,Seine-Maritime,Normandie,Eu,eu,76260,6591,18,367.0,50.042,1.4303
1642,34,Hérault,Occitanie,Marsillargues,marsillargues,34590,6587,42,155.0,43.6376,4.1346
1643,78,Yvelines,Île-de-France,Épône,epone,78680,6585,13,493.0,48.9459,1.8119
1644,95,Val-d'Oise,Île-de-France,Bouffémont,bouffemont,95570,6584,5,1441.0,49.0406,2.2995
1645,91,Essonne,Île-de-France,Saulx-les-Chartreux,saulx-les-chartreux,91160,6583,8,854.0,48.6869,2.2648
1646,88,Vosges,Grand Est,Neufchâteau,neufchateau,88300,6580,24,276.0,48.3568,5.7026
1647,38,Isère,Auvergne-Rhône-Alpes,Les Abrets en Dauphiné,les-abrets-en-dauphine,38490,6576,7,954.0,45.5314,5.5852
1648,56,Morbihan,Bretagne,Inzinzac-Lochrist,inzinzac-lochrist,56650,6571,45,146.0,47.8599,-3.2568
1649,13,Bouches-du-Rhône,Provence-Alpes-Côte d'Azur,La Penne-sur-Huveaune,la-penne-sur-huveaune,13821,6569,4,1805.0,43.2778,5.5185
1650,37,Indre-et-Loire,Centre-Val de Loire,Veigné,veigne,37250,6568,27,244.0,47.286,0.7243
1651,45,Loiret,Centre-Val de Loire,Meung-sur-Loire,meung-sur-loire,45130,6567,20,320.0,47.8396,1.6918
1652,34,Hérault,Occitanie,Gigean,gigean,34770,6565,16,402.0,43.4953,3.7242
1653,54,Meurthe-et-Moselle,Grand Est,Jœuf,joeuf,54240,6560,3,2069.0,49.2322,6.0142
1654,44,Loire-Atlantique,Pays de la Loire,Vallons-de-l'Erdre,vallons-de-l-erdre,44540,6559,20,326.0,47.5349,-1.1414
1655,38,Isère,Auvergne-Rhône-Alpes,Saint-Maurice-l'Exil,saint-maurice-l-exil,38550,6555,13,488.0,45.3911,4.7774
1656,54,Meurthe-et-Moselle,Grand Est,Laneuveville-devant-Nancy,laneuveville-devant-nancy,54410,6551,13,522.0,48.6503,6.2471
1657,78,Yvelines,Île-de-France,Le Perray-en-Yvelines,le-perray-en-yvelines,78610,6543,14,485.0,48.6988,1.8424
1658,71,Saône-et-Loire,Bourgogne-Franche-Comté,Saint-Rémy,saint-remy,71100,6541,10,636.0,46.7583,4.8234
1659,31,Haute-Garonne,Occitanie,Fronton,fronton,31620,6538,46,142.0,43.8529,1.3714
1660,81,Tarn,Occitanie,Labruguière,labruguiere,81290,6538,61,107.0,43.5026,2.2591
1661,66,Pyrénées-Orientales,Occitanie,Canohès,canohes,66680,6534,9,751.0,42.6514,2.8294
1662,57,Moselle,Grand Est,Marange-Silvange,marange-silvange,57535,6527,15,429.0,49.2187,6.106
1663,34,Hérault,Occitanie,Castries,castries,34160,6523,24,271.0,43.6905,3.9853
1664,60,Oise,Hauts-de-France,Villers-Saint-Paul,villers-saint-paul,60870,6521,5,1296.0,49.2889,2.492
1665,73,Savoie,Auvergne-Rhône-Alpes,Cognin,cognin,73160,6520,4,1468.0,45.5602,5.8915
1666,49,Maine-et-Loire,Pays de la Loire,Chalonnes-sur-Loire,chalonnes-sur-loire,49290,6519,39,168.0,47.3496,-0.7729
1667,43,Haute-Loire,Auvergne-Rhône-Alpes,Brioude,brioude,43100,6518,13,485.0,45.2968,3.3847
1668,30,Gard,Occitanie,Laudun-l'Ardoise,laudun-l-ardoise,30290,6511,34,191.0,44.1051,4.6615
1669,54,Meurthe-et-Moselle,Grand Est,Frouard,frouard,54390,6511,13,493.0,48.757,6.1231
1670,31,Haute-Garonne,Occitanie,Eaunes,eaunes,31600,6510,15,436.0,43.4324,1.3543
1671,38,Isère,Auvergne-Rhône-Alpes,Le Péage-de-Roussillon,le-peage-de-roussillon,38550,6508,7,883.0,45.3723,4.7825
1672,69,Rhône,Auvergne-Rhône-Alpes,Lentilly,lentilly,69210,6508,19,349.0,45.8166,4.6691
1673,62,Pas-de-Calais,Hauts-de-France,Saint-Laurent-Blangy,saint-laurent-blangy,62223,6507,10,659.0,50.3098,2.8079
1674,47,Lot-et-Garonne,Nouvelle-Aquitaine,Sainte-Livrade-sur-Lot,sainte-livrade-sur-lot,47110,6496,31,209.0,44.4064,0.6005
1675,59,Nord,Hauts-de-France,Estaires,estaires,59940,6496,14,481.0,50.6576,2.7221
1676,44,Loire-Atlantique,Pays de la Loire,La Montagne,la-montagne,44620,6488,4,1797.0,47.1858,-1.6826
1677,44,Loire-Atlantique,Pays de la Loire,Vigneux-de-Bretagne,vigneux-de-bretagne,44360,6480,53,123.0,47.317,-1.7198
1678,44,Loire-Atlantique,Pays de la Loire,Héric,heric,44810,6472,75,87.0,47.4208,-1.6404
1679,59,Nord,Hauts-de-France,Cuincy,cuincy,59553,6472,7,922.0,50.3746,3.0313
1680,38,Isère,Auvergne-Rhône-Alpes,La Tronche,la-tronche,38700,6470,6,1003.0,45.2117,5.7443
1681,35,Ille-et-Vilaine,Bretagne,Bréal-sous-Montfort,breal-sous-montfort,35310,6469,34,191.0,48.0444,-1.8733
1682,32,Gers,Occitanie,Condom,condom,32100,6466,98,66.0,43.9653,0.3782
1683,51,Marne,Grand Est,Cormontreuil,cormontreuil,51350,6456,5,1377.0,49.2165,4.0522
1684,76,Seine-Maritime,Normandie,Bonsecours,bonsecours,76240,6455,4,1740.0,49.4251,1.1353
1685,31,Haute-Garonne,Occitanie,Saint-Alban,saint-alban,31140,6454,4,1463.0,43.6955,1.4133
1686,71,Saône-et-Loire,Bourgogne-Franche-Comté,Louhans,louhans,71500,6454,23,284.0,46.6043,5.1259
1687,69,Rhône,Auvergne-Rhône-Alpes,L'Arbresle,l-arbresle,69210,6453,3,1950.0,45.8347,4.6102
1688,01,Ain,Auvergne-Rhône-Alpes,Péronnas,peronnas,01960,6448,18,361.0,46.1693,5.2195
1689,18,Cher,Centre-Val de Loire,Mehun-sur-Yèvre,mehun-sur-yevre,18500,6448,24,263.0,47.1316,2.225
1690,33,Gironde,Nouvelle-Aquitaine,Arès,ares,33740,6441,49,131.0,44.7997,-1.0837
1691,31,Haute-Garonne,Occitanie,Merville,merville,31330,6440,31,208.0,43.7227,1.2916
1692,56,Morbihan,Bretagne,Elven,elven,56250,6436,64,100.0,47.7319,-2.5955
1693,57,Moselle,Grand Est,Behren-lès-Forbach,behren-les-forbach,57460,6433,6,1153.0,49.1671,6.9451
1694,976,Mayotte,Mayotte,M'Tsangamouji,m-tsangamouji,97650,6432,22,298.0,-12.755,45.0845
1695,91,Essonne,Île-de-France,Limours,limours,91470,6431,14,457.0,48.6463,2.0823
1696,73,Savoie,Auvergne-Rhône-Alpes,Saint-Alban-Leysse,saint-alban-leysse,73230,6429,8,765.0,45.59,5.9585
1697,15,Cantal,Auvergne-Rhône-Alpes,Saint-Flour,saint-flour,15100,6423,27,237.0,45.0251,3.073
1698,18,Cher,Centre-Val de Loire,Saint-Florent-sur-Cher,saint-florent-sur-cher,18400,6419,22,286.0,46.9921,2.2537
1699,91,Essonne,Île-de-France,Longpont-sur-Orge,longpont-sur-orge,91310,6417,5,1268.0,48.639,2.2859
1700,31,Haute-Garonne,Occitanie,Labarthe-sur-Lèze,labarthe-sur-leze,31860,6415,10,619.0,43.4589,1.3995
1701,22,Côtes-d'Armor,Bretagne,Le Mené,le-mene,22330,6413,7,917.0,48.2837,-2.5144
1702,35,Ille-et-Vilaine,Bretagne,Montauban-de-Bretagne,montauban-de-bretagne,35360,6410,44,147.0,48.2075,-2.0618
1703,05,Hautes-Alpes,Provence-Alpes-Côte d'Azur,Embrun,embrun,05200,6404,36,180.0,44.5806,6.475
1704,77,Seine-et-Marne,Île-de-France,Esbly,esbly,77450,6402,3,2072.0,48.9011,2.8123
1705,74,Haute-Savoie,Auvergne-Rhône-Alpes,Marignier,marignier,74970,6401,21,310.0,46.0977,6.4936
1706,53,Mayenne,Pays de la Loire,Changé,change,53810,6397,36,179.0,48.1131,-0.7961
1707,85,Vendée,Pays de la Loire,Sèvremont,sevremont,85700,6391,29,218.0,46.8405,-0.8511
1708,89,Yonne,Bourgogne-Franche-Comté,Avallon,avallon,89200,6387,27,240.0,47.4808,3.9197
1709,74,Haute-Savoie,Auvergne-Rhône-Alpes,Thyez,thyez,74300,6379,10,658.0,46.0899,6.536
1710,63,Puy-de-Dôme,Auvergne-Rhône-Alpes,Ceyrat,ceyrat,63122,6373,9,675.0,45.7403,3.0651
1711,38,Isère,Auvergne-Rhône-Alpes,Chasse-sur-Rhône,chasse-sur-rhone,38670,6372,8,817.0,45.578,4.8129
1712,29,Finistère,Bretagne,Ploudalmézeau,ploudalmezeau,29830,6358,24,264.0,48.5407,-4.6686
1713,62,Pas-de-Calais,Hauts-de-France,Wimereux,wimereux,62930,6358,8,770.0,50.7736,1.6146
1714,77,Seine-et-Marne,Île-de-France,Saint-Pathus,saint-pathus,77178,6358,5,1188.0,49.074,2.7848
1715,59,Nord,Hauts-de-France,Louvroil,louvroil,59720,6357,6,1065.0,50.2597,3.9517
1716,63,Puy-de-Dôme,Auvergne-Rhône-Alpes,Lezoux,lezoux,63190,6357,35,183.0,45.8328,3.3888
1717,77,Seine-et-Marne,Île-de-France,Champagne-sur-Seine,champagne-sur-seine,77430,6356,7,869.0,48.4072,2.8101
1718,01,Ain,Auvergne-Rhône-Alpes,Jassans-Riottier,jassans-riottier,01480,6355,5,1266.0,45.9771,4.7626
1719,74,Haute-Savoie,Auvergne-Rhône-Alpes,Sciez,sciez,74140,6351,20,312.0,46.3243,6.3748
1720,08,Ardennes,Grand Est,Givet,givet,08600,6347,19,341.0,50.1473,4.8374
1721,29,Finistère,Bretagne,Gouesnou,gouesnou,29850,6347,12,521.0,48.4471,-4.4614
1722,29,Finistère,Bretagne,Plonéour-Lanvern,ploneour-lanvern,29720,6347,49,130.0,47.9066,-4.2678
1723,34,Hérault,Occitanie,Saint-André-de-Sangonis,saint-andre-de-sangonis,34725,6344,20,323.0,43.6492,3.5056
1724,974,La Réunion,La Réunion,Sainte-Rose,sainte-rose,97439,6343,178,36.0,-21.1778,55.7418
1725,13,Bouches-du-Rhône,Provence-Alpes-Côte d'Azur,La Bouilladisse,la-bouilladisse,13720,6341,13,498.0,43.3942,5.626
1726,35,Ille-et-Vilaine,Bretagne,Vezin-le-Coquet,vezin-le-coquet,35132,6337,8,799.0,48.116,-1.7528
1727,49,Maine-et-Loire,Pays de la Loire,Longuenée-en-Anjou,longuenee-en-anjou,49770,6334,10,658.0,47.5523,-0.6797
1728,73,Savoie,Auvergne-Rhône-Alpes,Entrelacs,entrelacs,73410,6329,15,412.0,45.7865,5.9149
1729,78,Yvelines,Île-de-France,Le Mesnil-le-Roi,le-mesnil-le-roi,78600,6322,4,1686.0,48.9249,2.1234
1730,33,Gironde,Nouvelle-Aquitaine,Izon,izon,33450,6320,16,399.0,44.9188,-0.3561
1731,15,Cantal,Auvergne-Rhône-Alpes,Arpajon-sur-Cère,arpajon-sur-cere,15130,6315,48,132.0,44.879,2.4631
1732,68,Haut-Rhin,Grand Est,Horbourg-Wihr,horbourg-wihr,68180,6301,9,669.0,48.0827,7.407
1733,63,Puy-de-Dôme,Auvergne-Rhône-Alpes,Châtel-Guyon,chatel-guyon,63140,6294,14,447.0,45.9212,3.0634
1734,77,Seine-et-Marne,Île-de-France,Nandy,nandy,77176,6294,9,734.0,48.5816,2.5476
1735,28,Eure-et-Loir,Centre-Val de Loire,Auneau-Bleury-Saint-Symphorien,auneau-bleury-saint-symphorien,28700,6288,17,367.0,48.5,1.7642
1736,74,Haute-Savoie,Auvergne-Rhône-Alpes,Saint-Jorioz,saint-jorioz,74410,6287,23,276.0,45.8247,6.1496
1737,83,Var,Provence-Alpes-Côte d'Azur,Trans-en-Provence,trans-en-provence,83720,6285,17,369.0,43.5025,6.4869
1738,34,Hérault,Occitanie,Poussan,poussan,34560,6283,30,209.0,43.4976,3.6623
1739,69,Rhône,Auvergne-Rhône-Alpes,Mornant,mornant,69440,6274,16,399.0,45.6162,4.6747
1740,84,Vaucluse,Provence-Alpes-Côte d'Azur,Mazan,mazan,84380,6269,38,165.0,44.0528,5.1333
1741,57,Moselle,Grand Est,Hombourg-Haut,hombourg-haut,57470,6267,12,512.0,49.1262,6.7703
1742,77,Seine-et-Marne,Île-de-France,Saint-Thibault-des-Vignes,saint-thibault-des-vignes,77400,6266,5,1368.0,48.8628,2.6792
1743,24,Dordogne,Nouvelle-Aquitaine,Terrasson-Lavilledieu,terrasson-lavilledieu,24120,6261,39,160.0,45.118,1.3022
1744,68,Haut-Rhin,Grand Est,Lutterbach,lutterbach,68460,6261,9,735.0,47.7596,7.2682
1745,26,Drôme,Auvergne-Rhône-Alpes,Saint-Marcel-lès-Valence,saint-marcel-les-valence,26320,6252,15,419.0,44.9724,4.9506
1746,09,Ariège,Occitanie,Saint-Girons,saint-girons,09200,6250,19,328.0,42.9681,1.1591
1747,59,Nord,Hauts-de-France,Lallaing,lallaing,59167,6250,6,1042.0,50.3868,3.1719
1748,54,Meurthe-et-Moselle,Grand Est,Homécourt,homecourt,54310,6247,4,1388.0,49.2246,5.9932
1749,41,Loir-et-Cher,Centre-Val de Loire,Mer,mer,41500,6235,26,236.0,47.7123,1.5051
1750,85,Vendée,Pays de la Loire,Bellevigny,bellevigny,85170,6235,15,409.0,46.7876,-1.4073
1751,47,Lot-et-Garonne,Nouvelle-Aquitaine,Bon-Encontre,bon-encontre,47240,6233,20,305.0,44.2089,0.6906
1752,62,Pas-de-Calais,Hauts-de-France,Fouquières-lès-Lens,fouquieres-les-lens,62740,6233,4,1509.0,50.4284,2.9067
1753,59,Nord,Hauts-de-France,Pecquencourt,pecquencourt,59146,6232,10,653.0,50.3755,3.2197
1754,56,Morbihan,Bretagne,Baud,baud,56150,6228,49,128.0,47.8693,-3.0287
1755,17,Charente-Maritime,Nouvelle-Aquitaine,Châtelaillon-Plage,chatelaillon-plage,17340,6227,7,951.0,46.0738,-1.0804
1756,26,Drôme,Auvergne-Rhône-Alpes,Chatuzange-le-Goubet,chatuzange-le-goubet,26300,6227,28,221.0,45.0068,5.0973
1757,56,Morbihan,Bretagne,Plescop,plescop,56890,6225,23,266.0,47.6972,-2.8318
1758,40,Landes,Nouvelle-Aquitaine,Aire-sur-l'Adour,aire-sur-l-adour,40800,6220,58,107.0,43.6932,-0.2561
1759,57,Moselle,Grand Est,Petite-Rosselle,petite-rosselle,57540,6216,5,1224.0,49.2079,6.8606
1760,83,Var,Provence-Alpes-Côte d'Azur,Le Lavandou,le-lavandou,83980,6216,30,205.0,43.1669,6.4015
1761,53,Mayenne,Pays de la Loire,Bonchamp-lès-Laval,bonchamp-les-laval,53960,6211,28,226.0,48.0715,-0.6996
1762,86,Vienne,Nouvelle-Aquitaine,Vouneuil-sous-Biard,vouneuil-sous-biard,86580,6210,26,237.0,46.5843,0.2694
1763,37,Indre-et-Loire,Centre-Val de Loire,Esvres,esvres,37320,6208,36,173.0,47.2905,0.7902
1764,59,Nord,Hauts-de-France,Quiévrechain,quievrechain,59920,6208,5,1332.0,50.3945,3.6583
1765,36,Indre,Centre-Val de Loire,Le Blanc,le-blanc,36300,6204,57,108.0,46.6351,1.0955
1766,35,Ille-et-Vilaine,Bretagne,Combourg,combourg,35270,6203,64,97.0,48.4111,-1.7333
1767,71,Saône-et-Loire,Bourgogne-Franche-Comté,Saint-Marcel,saint-marcel,71380,6199,10,613.0,46.7739,4.8882
1768,86,Vienne,Nouvelle-Aquitaine,Migné-Auxances,migne-auxances,86440,6197,29,214.0,46.6307,0.3008
1769,30,Gard,Occitanie,Bouillargues,bouillargues,30230,6192,16,388.0,43.7989,4.4345
1770,976,Mayotte,Mayotte,Bouéni,boueni,97620,6189,14,448.0,-12.9279,45.1021
1771,45,Loiret,Centre-Val de Loire,Saint-Pryvé-Saint-Mesmin,saint-pryve-saint-mesmin,45750,6185,9,690.0,47.8796,1.8448
1772,42,Loire,Auvergne-Rhône-Alpes,Saint-Genest-Lerpt,saint-genest-lerpt,42530,6183,13,487.0,45.4529,4.3307
1773,78,Yvelines,Île-de-France,La Verrière,la-verriere,78320,6183,2,2944.0,48.7545,1.9505
1774,37,Indre-et-Loire,Centre-Val de Loire,Loches,loches,37600,6180,27,226.0,47.1223,0.9745
1775,80,Somme,Hauts-de-France,Corbie,corbie,80800,6177,16,378.0,49.9216,2.4975
1776,17,Charente-Maritime,Nouvelle-Aquitaine,Marennes-Hiers-Brouage,marennes-hiers-brouage,17320,6175,20,301.0,45.8328,-1.0702
1777,13,Bouches-du-Rhône,Provence-Alpes-Côte d'Azur,Mallemort,mallemort,13370,6172,29,216.0,43.728,5.1849
1778,43,Haute-Loire,Auvergne-Rhône-Alpes,Aurec-sur-Loire,aurec-sur-loire,43110,6171,23,270.0,45.3668,4.2034
1779,31,Haute-Garonne,Occitanie,Villemur-sur-Tarn,villemur-sur-tarn,31340,6170,47,132.0,43.8582,1.4947
1780,14,Calvados,Normandie,Thue et Mue,thue-et-mue,14250,6169,6,970.0,49.1963,-0.5398
1781,74,Haute-Savoie,Auvergne-Rhône-Alpes,Ambilly,ambilly,74100,6166,1,5096.0,46.1957,6.2239
1782,42,Loire,Auvergne-Rhône-Alpes,Saint-Priest-en-Jarez,saint-priest-en-jarez,42270,6164,3,2001.0,45.474,4.3708
1783,69,Rhône,Auvergne-Rhône-Alpes,Jonage,jonage,69330,6160,12,511.0,45.7886,5.0377
1784,14,Calvados,Normandie,Livarot-Pays-d'Auge,livarot-pays-d-auge,14140,6158,12,502.0,49.0014,0.2231
1785,14,Calvados,Normandie,Condé-en-Normandie,conde-en-normandie,14110,6157,12,494.0,48.8852,-0.5779
1786,78,Yvelines,Île-de-France,Magnanville,magnanville,78200,6155,4,1441.0,48.9685,1.6842
1787,62,Pas-de-Calais,Hauts-de-France,Hersin-Coupigny,hersin-coupigny,62530,6147,13,484.0,50.4449,2.6433
1788,27,Eure,Normandie,Mesnils-sur-Iton,mesnils-sur-iton,27160,6145,12,523.0,48.8606,1.0481
1789,71,Saône-et-Loire,Bourgogne-Franche-Comté,Châtenoy-le-Royal,chatenoy-le-royal,71880,6145,12,493.0,46.7892,4.8074
1790,44,Loire-Atlantique,Pays de la Loire,La Chevrolière,la-chevroliere,44118,6144,33,188.0,47.0908,-1.5965
1791,76,Seine-Maritime,Normandie,Malaunay,malaunay,76770,6143,9,663.0,49.5253,1.048
1792,56,Morbihan,Bretagne,Pluneret,pluneret,56400,6140,27,226.0,47.6756,-2.9373
1793,01,Ain,Auvergne-Rhône-Alpes,Thoiry,thoiry,01710,6136,29,213.0,46.2448,5.9685
1794,38,Isère,Auvergne-Rhône-Alpes,Saint-Quentin-Fallavier,saint-quentin-fallavier,38070,6129,24,260.0,45.6392,5.1128
1795,59,Nord,Hauts-de-France,Trith-Saint-Léger,trith-saint-leger,59125,6124,7,885.0,50.3295,3.4879
1796,66,Pyrénées-Orientales,Occitanie,Prades,prades,66500,6124,11,554.0,42.6107,2.4276
1797,76,Seine-Maritime,Normandie,Octeville-sur-Mer,octeville-sur-mer,76930,6122,21,293.0,49.5593,0.1232
1798,76,Seine-Maritime,Normandie,Pavilly,pavilly,76570,6121,14,427.0,49.5783,0.9491
1799,35,Ille-et-Vilaine,Bretagne,Noyal-sur-Vilaine,noyal-sur-vilaine,35530,6116,31,196.0,48.0949,-1.5026
1800,34,Hérault,Occitanie,Prades-le-Lez,prades-le-lez,34730,6107,9,692.0,43.7079,3.8648
1801,30,Gard,Occitanie,Calvisson,calvisson,30420,6105,29,211.0,43.7853,4.189
1802,38,Isère,Auvergne-Rhône-Alpes,Pont-de-Chéruy,pont-de-cheruy,38230,6096,3,2429.0,45.7494,5.1728
1803,67,Bas-Rhin,Grand Est,Mutzig,mutzig,67190,6094,8,724.0,48.5374,7.458
1804,69,Rhône,Auvergne-Rhône-Alpes,Grézieu-la-Varenne,grezieu-la-varenne,69290,6094,7,814.0,45.7469,4.6799
1805,95,Val-d'Oise,Île-de-France,Menucourt,menucourt,95180,6093,4,1651.0,49.0273,1.974
1806,20,Corse,Corse,Lucciana,lucciana,20290,6091,29,208.0,42.5393,9.465
1807,69,Rhône,Auvergne-Rhône-Alpes,Vaugneray,vaugneray,69670,6091,22,271.0,45.73,4.6502
1808,57,Moselle,Grand Est,Algrange,algrange,57440,6087,7,886.0,49.3653,6.0493
1809,83,Var,Provence-Alpes-Côte d'Azur,Pierrefeu-du-Var,pierrefeu-du-var,83390,6083,59,103.0,43.2351,6.1798
1810,54,Meurthe-et-Moselle,Grand Est,Ludres,ludres,54710,6081,8,734.0,48.6213,6.1751
1811,87,Haute-Vienne,Nouvelle-Aquitaine,Feytiat,feytiat,87220,6080,24,251.0,45.8093,1.3265
1812,83,Var,Provence-Alpes-Côte d'Azur,Saint-Mandrier-sur-Mer,saint-mandrier-sur-mer,83430,6079,5,1147.0,43.0762,5.9272
1813,40,Landes,Nouvelle-Aquitaine,Saint-Martin-de-Seignanx,saint-martin-de-seignanx,40390,6076,46,133.0,43.5378,-1.3829
1814,56,Morbihan,Bretagne,Guer,guer,56380,6068,52,117.0,47.905,-2.1281
1815,76,Seine-Maritime,Normandie,Franqueville-Saint-Pierre,franqueville-saint-pierre,76520,6067,9,705.0,49.4038,1.1861
1816,84,Vaucluse,Provence-Alpes-Côte d'Azur,Courthézon,courthezon,84350,6064,33,186.0,44.0876,4.8868
1817,85,Vendée,Pays de la Loire,Mortagne-sur-Sèvre,mortagne-sur-sevre,85290,6064,22,275.0,46.993,-0.9542
1818,01,Ain,Auvergne-Rhône-Alpes,Saint-Denis-lès-Bourg,saint-denis-les-bourg,01000,6063,13,481.0,46.2097,5.1825
1819,88,Vosges,Grand Est,Raon-l'Étape,raon-l-etape,88110,6061,24,256.0,48.4039,6.8679
1820,60,Oise,Hauts-de-France,Saint-Just-en-Chaussée,saint-just-en-chaussee,60130,6060,15,412.0,49.5132,2.4145
1821,03,Allier,Auvergne-Rhône-Alpes,Commentry,commentry,03600,6059,21,290.0,46.2734,2.7509
1822,66,Pyrénées-Orientales,Occitanie,Le Barcarès,le-barcares,66420,6049,15,393.0,42.8118,3.028
1823,67,Bas-Rhin,Grand Est,Vendenheim,vendenheim,67550,6042,16,370.0,48.6692,7.7417
1824,33,Gironde,Nouvelle-Aquitaine,Belin-Béliet,belin-beliet,33830,6039,156,39.0,44.4959,-0.7989
1825,59,Nord,Hauts-de-France,Loon-Plage,loon-plage,59279,6039,36,167.0,51.0018,2.2183
1826,09,Ariège,Occitanie,Lavelanet,lavelanet,09300,6035,13,472.0,42.934,1.8466
1827,64,Pyrénées-Atlantiques,Nouvelle-Aquitaine,Ciboure,ciboure,64500,6033,7,810.0,43.3764,-1.6661
1828,20,Corse,Corse,Furiani,furiani,20600,6032,19,318.0,42.6548,9.4213
1829,78,Yvelines,Île-de-France,Maule,maule,78580,6024,17,347.0,48.9058,1.8409
1830,43,Haute-Loire,Auvergne-Rhône-Alpes,Sainte-Sigolène,sainte-sigolene,43600,6023,31,196.0,45.2436,4.2265
1831,32,Gers,Occitanie,Fleurance,fleurance,32500,6012,44,138.0,43.8432,0.6405
1832,71,Saône-et-Loire,Bourgogne-Franche-Comté,Blanzy,blanzy,71450,6012,40,150.0,46.7028,4.3907
1833,80,Somme,Hauts-de-France,Montdidier,montdidier,80500,6009,13,475.0,49.6475,2.5662
1834,31,Haute-Garonne,Occitanie,Quint-Fonsegrives,quint-fonsegrives,31130,6005,7,808.0,43.5806,1.5372
1835,12,Aveyron,Occitanie,Luc-la-Primaube,luc-la-primaube,12450,6000,27,223.0,44.3046,2.5379
1836,62,Pas-de-Calais,Hauts-de-France,Dourges,dourges,62119,5997,10,572.0,50.4378,2.9851
1837,62,Pas-de-Calais,Hauts-de-France,Sains-en-Gohelle,sains-en-gohelle,62114,5995,6,1043.0,50.4523,2.6832
1838,27,Eure,Normandie,Vexin-sur-Epte,vexin-sur-epte,27510,5990,15,392.0,49.1751,1.5708
1839,30,Gard,Occitanie,Milhaud,milhaud,30540,5987,18,325.0,43.7831,4.3081
1840,44,Loire-Atlantique,Pays de la Loire,Saint-Jean-de-Boiseau,saint-jean-de-boiseau,44640,5982,12,519.0,47.1919,-1.7198
1841,04,Alpes-de-Haute-Provence,Provence-Alpes-Côte d'Azur,Oraison,oraison,04700,5981,39,155.0,43.9116,5.9232
1842,77,Seine-et-Marne,Île-de-France,Bois-le-Roi,bois-le-roi,77590,5979,7,862.0,48.4735,2.7091
1843,59,Nord,Hauts-de-France,Roost-Warendin,roost-warendin,59286,5976,7,835.0,50.4127,3.0981
1844,69,Rhône,Auvergne-Rhône-Alpes,Saint-Symphorien-d'Ozon,saint-symphorien-d-ozon,69360,5965,13,444.0,45.6386,4.8666
1845,17,Charente-Maritime,Nouvelle-Aquitaine,Dompierre-sur-Mer,dompierre-sur-mer,17139,5961,18,323.0,46.188,-1.0654
1846,26,Drôme,Auvergne-Rhône-Alpes,Tain-l'Hermitage,tain-l-hermitage,26600,5958,5,1268.0,45.068,4.8488
1847,44,Loire-Atlantique,Pays de la Loire,Haute-Goulaine,haute-goulaine,44115,5958,21,285.0,47.1951,-1.4097
1848,31,Haute-Garonne,Occitanie,Bruguières,bruguieres,31150,5957,9,655.0,43.7258,1.4105
1849,26,Drôme,Auvergne-Rhône-Alpes,Donzère,donzere,26290,5952,32,183.0,44.4347,4.71
1850,16,Charente,Nouvelle-Aquitaine,Gond-Pontouvre,gond-pontouvre,16160,5950,7,798.0,45.6795,0.1664
1851,87,Haute-Vienne,Nouvelle-Aquitaine,Le Palais-sur-Vienne,le-palais-sur-vienne,87410,5947,10,574.0,45.8703,1.3288
1852,94,Val-de-Marne,Île-de-France,Ablon-sur-Seine,ablon-sur-seine,94480,5946,1,5216.0,48.7236,2.4229
1853,76,Seine-Maritime,Normandie,Gournay-en-Bray,gournay-en-bray,76220,5944,10,574.0,49.4763,1.7168
1854,86,Vienne,Nouvelle-Aquitaine,Naintré,naintre,86530,5944,25,240.0,46.7738,0.4947
1855,69,Rhône,Auvergne-Rhône-Alpes,Champagne-au-Mont-d'Or,champagne-au-mont-d-or,69410,5936,3,2292.0,45.8006,4.7864
1856,13,Bouches-du-Rhône,Provence-Alpes-Côte d'Azur,Meyreuil,meyreuil,13590,5935,20,295.0,43.488,5.5002
1857,49,Maine-et-Loire,Pays de la Loire,Mûrs-Erigné,murs-erigne,49610,5935,17,341.0,47.3948,-0.5529
1858,84,Vaucluse,Provence-Alpes-Côte d'Azur,Sarrians,sarrians,84260,5932,38,157.0,44.1018,4.9541
1859,83,Var,Provence-Alpes-Côte d'Azur,Saint-Zacharie,saint-zacharie,83640,5931,27,218.0,43.3749,5.7164
1860,84,Vaucluse,Provence-Alpes-Côte d'Azur,Vaison-la-Romaine,vaison-la-romaine,84110,5929,27,219.0,44.2395,5.0586
1861,77,Seine-et-Marne,Île-de-France,Mouroux,mouroux,77120,5928,17,355.0,48.825,3.0486
1862,78,Yvelines,Île-de-France,Buc,buc,78530,5920,8,736.0,48.7736,2.125
1863,86,Vienne,Nouvelle-Aquitaine,Montmorillon,montmorillon,86500,5919,57,104.0,46.4291,0.8939
1864,33,Gironde,Nouvelle-Aquitaine,Canéjan,canejan,33610,5916,12,490.0,44.7572,-0.659
1865,62,Pas-de-Calais,Hauts-de-France,Saint-Martin-lez-Tatinghem,saint-martin-lez-tatinghem,62500,5916,5,1227.0,50.7497,2.2175
1866,83,Var,Provence-Alpes-Côte d'Azur,Solliès-Toucas,sollies-toucas,83210,5912,30,196.0,43.2097,5.9836
1867,74,Haute-Savoie,Auvergne-Rhône-Alpes,Bons-en-Chablais,bons-en-chablais,74890,5907,19,311.0,46.2644,6.3579
1868,62,Pas-de-Calais,Hauts-de-France,Noyelles-Godault,noyelles-godault,62950,5906,5,1078.0,50.4177,2.9963
1869,11,Aude,Occitanie,Port-la-Nouvelle,port-la-nouvelle,11210,5905,37,158.0,43.0225,3.0363
1870,79,Deux-Sèvres,Nouvelle-Aquitaine,Melle,melle,79500,5904,10,607.0,46.2082,-0.144
1871,69,Rhône,Auvergne-Rhône-Alpes,Saint-Cyr-au-Mont-d'Or,saint-cyr-au-mont-d-or,69450,5900,7,817.0,45.8216,4.8162
1872,67,Bas-Rhin,Grand Est,La Wantzenau,la-wantzenau,67610,5894,25,233.0,48.6598,7.84
1873,84,Vaucluse,Provence-Alpes-Côte d'Azur,Aubignan,aubignan,84810,5894,16,376.0,44.0962,5.0331
1874,35,Ille-et-Vilaine,Bretagne,Gévezé,geveze,35850,5890,28,213.0,48.2075,-1.7918
1875,83,Var,Provence-Alpes-Côte d'Azur,Fayence,fayence,83440,5890,28,212.0,43.6118,6.6762
1876,971,Guadeloupe,Guadeloupe,Pointe-Noire,pointe-noire,97116,5888,60,99.0,16.227,-61.7651
1877,34,Hérault,Occitanie,Vias,vias,34450,5882,33,179.0,43.3091,3.3948
1878,34,Hérault,Occitanie,Palavas-les-Flots,palavas-les-flots,34250,5881,9,639.0,43.5323,3.9346
1879,14,Calvados,Normandie,Blainville-sur-Orne,blainville-sur-orne,14550,5876,7,825.0,49.2287,-0.3043
1880,67,Bas-Rhin,Grand Est,Benfeld,benfeld,67230,5870,8,744.0,48.3625,7.5991
1881,78,Yvelines,Île-de-France,Saint-Arnoult-en-Yvelines,saint-arnoult-en-yvelines,78730,5870,13,463.0,48.5752,1.9293
1882,69,Rhône,Auvergne-Rhône-Alpes,Thizy-les-Bourgs,thizy-les-bourgs,69240,5869,2,3041.0,46.0505,4.3109
1883,50,Manche,Normandie,Bricquebec-en-Cotentin,bricquebec-en-cotentin,50260,5867,33,178.0,49.4621,-1.6628
1884,13,Bouches-du-Rhône,Provence-Alpes-Côte d'Azur,Roquefort-la-Bédoule,roquefort-la-bedoule,13830,5861,31,189.0,43.2518,5.6297
1885,25,Doubs,Bourgogne-Franche-Comté,Grand-Charmont,grand-charmont,25200,5857,4,1302.0,47.5332,6.823
1886,40,Landes,Nouvelle-Aquitaine,Ondres,ondres,40440,5855,15,383.0,43.5624,-1.4581
1887,13,Bouches-du-Rhône,Provence-Alpes-Côte d'Azur,Noves,noves,13550,5853,26,221.0,43.86,4.9018
1888,13,Bouches-du-Rhône,Provence-Alpes-Côte d'Azur,Simiane-Collongue,simiane-collongue,13109,5849,30,194.0,43.4154,5.4359
1889,31,Haute-Garonne,Occitanie,Fontenilles,fontenilles,31470,5849,20,290.0,43.5524,1.2048
1890,64,Pyrénées-Atlantiques,Nouvelle-Aquitaine,Mourenx,mourenx,64150,5846,6,906.0,43.374,-0.6156
1891,33,Gironde,Nouvelle-Aquitaine,Lesparre-Médoc,lesparre-medoc,33340,5844,37,159.0,45.2796,-0.9235
1892,42,Loire,Auvergne-Rhône-Alpes,Saint-Galmier,saint-galmier,42330,5842,20,299.0,45.6038,4.314
1893,36,Indre,Centre-Val de Loire,Le Poinçonnet,le-poinconnet,36330,5840,46,128.0,46.7544,1.7257
1894,87,Haute-Vienne,Nouvelle-Aquitaine,Aixe-sur-Vienne,aixe-sur-vienne,87700,5839,23,257.0,45.799,1.1245
1895,80,Somme,Hauts-de-France,Doullens,doullens,80600,5835,33,176.0,50.1515,2.3516
1896,24,Dordogne,Nouvelle-Aquitaine,Montpon-Ménestérol,montpon-menesterol,24700,5834,47,125.0,45.0163,0.147
1897,13,Bouches-du-Rhône,Provence-Alpes-Côte d'Azur,Le Puy-Sainte-Réparade,le-puy-sainte-reparade,13610,5830,45,130.0,43.6533,5.4401
1898,59,Nord,Hauts-de-France,Ostricourt,ostricourt,59162,5829,8,765.0,50.4572,3.033
1899,91,Essonne,Île-de-France,Saintry-sur-Seine,saintry-sur-seine,91250,5829,3,1761.0,48.5946,2.4955
1900,74,Haute-Savoie,Auvergne-Rhône-Alpes,Marnaz,marnaz,74460,5827,9,644.0,46.0488,6.5239
1901,49,Maine-et-Loire,Pays de la Loire,Bellevigne-en-Layon,bellevigne-en-layon,49380,5826,19,305.0,47.2719,-0.5395
1902,38,Isère,Auvergne-Rhône-Alpes,Saint-Martin-le-Vinoux,saint-martin-le-vinoux,38950,5825,10,587.0,45.2184,5.7104
1903,64,Pyrénées-Atlantiques,Nouvelle-Aquitaine,Saint-Pierre-d'Irube,saint-pierre-d-irube,64990,5822,8,753.0,43.4628,-1.4447
1904,13,Bouches-du-Rhône,Provence-Alpes-Côte d'Azur,Saint-Mitre-les-Remparts,saint-mitre-les-remparts,13920,5816,21,275.0,43.4565,5.0152
1905,33,Gironde,Nouvelle-Aquitaine,Saint-Denis-de-Pile,saint-denis-de-pile,33910,5816,28,209.0,44.9893,-0.1833
1906,08,Ardennes,Grand Est,Revin,revin,08500,5815,39,150.0,49.9339,4.6931
1907,49,Maine-et-Loire,Pays de la Loire,Mazé-Milon,maze-milon,49140,5815,33,174.0,47.4713,-0.2785
1908,78,Yvelines,Île-de-France,Jouars-Pontchartrain,jouars-pontchartrain,78760,5814,10,595.0,48.7874,1.913
1909,62,Pas-de-Calais,Hauts-de-France,Annezin,annezin,62232,5813,6,958.0,50.5422,2.6166
1910,34,Hérault,Occitanie,Clapiers,clapiers,34830,5811,8,759.0,43.666,3.8848
1911,65,Hautes-Pyrénées,Occitanie,Lannemezan,lannemezan,65300,5810,19,304.0,43.1248,0.3966
1912,10,Aube,Grand Est,Nogent-sur-Seine,nogent-sur-seine,10400,5809,20,292.0,48.4978,3.4943
1913,29,Finistère,Bretagne,Briec,briec,29510,5808,68,86.0,48.0964,-4.0011
1914,72,Sarthe,Pays de la Loire,Montval-sur-Loir,montval-sur-loir,72500,5805,12,494.0,47.6955,0.4213
1915,51,Marne,Grand Est,Fismes,fismes,51170,5803,17,347.0,49.308,3.6794
1916,17,Charente-Maritime,Nouvelle-Aquitaine,Nieul-sur-Mer,nieul-sur-mer,17137,5798,11,526.0,46.2097,-1.1631
1917,62,Pas-de-Calais,Hauts-de-France,Douvrin,douvrin,62138,5795,10,600.0,50.5103,2.8321
1918,95,Val-d'Oise,Île-de-France,Magny-en-Vexin,magny-en-vexin,95420,5788,14,400.0,49.162,1.8058
1919,25,Doubs,Bourgogne-Franche-Comté,Seloncourt,seloncourt,25230,5784,8,734.0,47.4558,6.865
1920,56,Morbihan,Bretagne,Plouay,plouay,56240,5784,67,86.0,47.9296,-3.3455
1921,06,Alpes-Maritimes,Provence-Alpes-Côte d'Azur,Saint-André-de-la-Roche,saint-andre-de-la-roche,06730,5782,3,2050.0,43.7455,7.2875
1922,56,Morbihan,Bretagne,Grand-Champ,grand-champ,56390,5782,67,86.0,47.762,-2.8509
1923,49,Maine-et-Loire,Pays de la Loire,Erdre-en-Anjou,erdre-en-anjou,49220,5780,37,155.0,47.589,-0.8178
1924,34,Hérault,Occitanie,Bédarieux,bedarieux,34600,5778,28,205.0,43.6113,3.1637
1925,67,Bas-Rhin,Grand Est,Fegersheim,fegersheim,67640,5777,6,918.0,48.4972,7.6864
1926,81,Tarn,Occitanie,Rabastens,rabastens,81800,5775,67,87.0,43.8397,1.7279
1927,67,Bas-Rhin,Grand Est,Wasselonne,wasselonne,67310,5774,15,386.0,48.6375,7.4445
1928,56,Morbihan,Bretagne,Riantec,riantec,56670,5772,14,400.0,47.7208,-3.3029
1929,13,Bouches-du-Rhône,Provence-Alpes-Côte d'Azur,Ensuès-la-Redonne,ensues-la-redonne,13820,5768,26,221.0,43.3554,5.188
1930,35,Ille-et-Vilaine,Bretagne,Dol-de-Bretagne,dol-de-bretagne,35120,5767,16,372.0,48.5338,-1.7467
1931,80,Somme,Hauts-de-France,Longueau,longueau,80330,5767,3,1681.0,49.8727,2.3588
1932,03,Allier,Auvergne-Rhône-Alpes,Gannat,gannat,03800,5759,37,157.0,46.0991,3.1708
1933,77,Seine-et-Marne,Île-de-France,Fontenay-Trésigny,fontenay-tresigny,77610,5757,22,260.0,48.6989,2.8667
1934,11,Aude,Occitanie,Coursan,coursan,11110,5751,25,234.0,43.2458,3.062
1935,30,Gard,Occitanie,Aimargues,aimargues,30470,5749,27,217.0,43.6667,4.201
1936,50,Manche,Normandie,Saint-Hilaire-du-Harcouët,saint-hilaire-du-harcouet,50600,5747,10,572.0,48.568,-1.1387
1937,20,Corse,Corse,Calvi,calvi,20260,5746,32,182.0,42.5498,8.7611
1938,67,Bas-Rhin,Grand Est,Eschau,eschau,67114,5746,12,494.0,48.4787,7.7315
1939,82,Tarn-et-Garonne,Occitanie,Nègrepelisse,negrepelisse,82800,5743,49,117.0,44.0629,1.5373
1940,31,Haute-Garonne,Occitanie,Carbonne,carbonne,31390,5737,27,214.0,43.3063,1.2321
1941,78,Yvelines,Île-de-France,Chambourcy,chambourcy,78240,5736,8,720.0,48.8973,2.0267
1942,79,Deux-Sèvres,Nouvelle-Aquitaine,La Crèche,la-creche,79260,5732,35,166.0,46.3678,-0.3037
1943,25,Doubs,Bourgogne-Franche-Comté,Valdahon,valdahon,25800,5724,25,226.0,47.1643,6.3332
1944,47,Lot-et-Garonne,Nouvelle-Aquitaine,Boé,boe,47550,5723,17,342.0,44.1695,0.6494
1945,02,Aisne,Hauts-de-France,Bohain-en-Vermandois,bohain-en-vermandois,02110,5721,32,179.0,49.9887,3.464
1946,57,Moselle,Grand Est,Mondelange,mondelange,57300,5720,4,1399.0,49.2649,6.1731
1947,29,Finistère,Bretagne,Bannalec,bannalec,29380,5713,78,73.0,47.9362,-3.6883
1948,13,Bouches-du-Rhône,Provence-Alpes-Côte d'Azur,Carry-le-Rouet,carry-le-rouet,13620,5708,10,570.0,43.3462,5.1587
1949,29,Finistère,Bretagne,Lannilis,lannilis,29870,5708,25,230.0,48.5719,-4.5244
1950,81,Tarn,Occitanie,Aussillon,aussillon,81200,5706,10,557.0,43.4927,2.3529
1951,59,Nord,Hauts-de-France,Wormhout,wormhout,59470,5705,27,208.0,50.8749,2.4813
1952,62,Pas-de-Calais,Hauts-de-France,Dainville,dainville,62000,5703,11,506.0,50.2765,2.7129
1953,14,Calvados,Normandie,Valdallière,valdalliere,14410,5699,31,184.0,48.8619,-0.7173
1954,54,Meurthe-et-Moselle,Grand Est,Liverdun,liverdun,54460,5694,25,225.0,48.75,6.0524
1955,972,Martinique,Martinique,Le Diamant,le-diamant,97223,5687,28,204.0,14.4787,-61.0165
1956,56,Morbihan,Bretagne,Arradon,arradon,56610,5685,19,297.0,47.6331,-2.8239
1957,95,Val-d'Oise,Île-de-France,Marly-la-Ville,marly-la-ville,95670,5681,9,653.0,49.0805,2.5069
1958,31,Haute-Garonne,Occitanie,Mondonville,mondonville,31700,5680,12,477.0,43.6691,1.2735
1959,90,Territoire de Belfort,Bourgogne-Franche-Comté,Delle,delle,90100,5680,9,614.0,47.509,6.996
1960,66,Pyrénées-Orientales,Occitanie,Saleilles,saleilles,66280,5671,6,918.0,42.6553,2.947
1961,91,Essonne,Île-de-France,Marolles-en-Hurepoix,marolles-en-hurepoix,91630,5667,7,865.0,48.5641,2.2992
1962,13,Bouches-du-Rhône,Provence-Alpes-Côte d'Azur,Cuges-les-Pins,cuges-les-pins,13780,5662,40,143.0,43.2822,5.7099
1963,16,Charente,Nouvelle-Aquitaine,L'Isle-d'Espagnac,l-isle-d-espagnac,16340,5662,6,939.0,45.6623,0.199
1964,80,Somme,Hauts-de-France,Roye,roye,80700,5662,16,363.0,49.6907,2.7869
1965,59,Nord,Hauts-de-France,Santes,santes,59211,5660,8,754.0,50.588,2.9561
1966,62,Pas-de-Calais,Hauts-de-France,Oye-Plage,oye-plage,62215,5656,34,166.0,50.9821,2.0414
1967,33,Gironde,Nouvelle-Aquitaine,Le Barp,le-barp,33114,5654,107,53.0,44.6297,-0.7437
1968,13,Bouches-du-Rhône,Provence-Alpes-Côte d'Azur,Saint-Cannat,saint-cannat,13760,5653,37,154.0,43.6155,5.3108
1969,94,Val-de-Marne,Île-de-France,Rungis,rungis,94150,5647,4,1348.0,48.7493,2.3499
1970,68,Haut-Rhin,Grand Est,Kembs,kembs,68680,5643,16,343.0,47.6742,7.4977
1971,59,Nord,Hauts-de-France,Flers-en-Escrebieux,flers-en-escrebieux,59128,5642,7,801.0,50.4025,3.0497
1972,49,Maine-et-Loire,Pays de la Loire,Rives-du-Loir-en-Anjou,rives-du-loir-en-anjou,49140,5641,29,197.0,47.5572,-0.4448
1973,59,Nord,Hauts-de-France,Sainghin-en-Weppes,sainghin-en-weppes,59184,5641,8,722.0,50.5564,2.8972
1974,74,Haute-Savoie,Auvergne-Rhône-Alpes,Viry,viry,74580,5635,26,218.0,46.115,6.0229
1975,78,Yvelines,Île-de-France,Villennes-sur-Seine,villennes-sur-seine,78670,5628,5,1121.0,48.9372,1.9975
1976,71,Saône-et-Loire,Bourgogne-Franche-Comté,Tournus,tournus,71700,5627,15,385.0,46.568,4.9025
1977,28,Eure-et-Loir,Centre-Val de Loire,Lèves,leves,28300,5623,8,748.0,48.4801,1.4692
1978,64,Pyrénées-Atlantiques,Nouvelle-Aquitaine,Gan,gan,64290,5622,39,142.0,43.2074,-0.4096
1979,30,Gard,Occitanie,Vergèze,vergeze,30310,5621,10,557.0,43.7341,4.2332
1980,69,Rhône,Auvergne-Rhône-Alpes,Saint-Laurent-de-Mure,saint-laurent-de-mure,69720,5621,19,299.0,45.6842,5.0597
1981,86,Vienne,Nouvelle-Aquitaine,Saint-Martin-la-Pallu,saint-martin-la-pallu,86170,5620,42,135.0,46.7297,0.2634
1982,73,Savoie,Auvergne-Rhône-Alpes,Challes-les-Eaux,challes-les-eaux,73190,5617,6,1001.0,45.5498,5.9829
1983,13,Bouches-du-Rhône,Provence-Alpes-Côte d'Azur,Peypin,peypin,13124,5613,13,422.0,43.3834,5.57
1984,59,Nord,Hauts-de-France,Flines-lez-Raches,flines-lez-raches,59148,5610,19,293.0,50.4158,3.1833
1985,95,Val-d'Oise,Île-de-France,Parmain,parmain,95620,5610,9,634.0,49.125,2.1991
1986,28,Eure-et-Loir,Centre-Val de Loire,Cloyes-les-Trois-Rivières,cloyes-les-trois-rivieres,28220,5609,20,279.0,48.0069,1.2997
1987,68,Haut-Rhin,Grand Est,Altkirch,altkirch,68130,5608,10,586.0,47.6206,7.2445
1988,78,Yvelines,Île-de-France,Le Port-Marly,le-port-marly,78560,5608,1,3894.0,48.8808,2.1104
1989,973,Guyane,Guyane,Papaichton,papaichton,97316,5606,2582,2.0,4.0165,-54.0463
1990,74,Haute-Savoie,Auvergne-Rhône-Alpes,Saint-Gervais-les-Bains,saint-gervais-les-bains,74170,5602,86,65.0,45.8554,6.7637
1991,83,Var,Provence-Alpes-Côte d'Azur,La Cadière-d'Azur,la-cadiere-d-azur,83740,5602,38,149.0,43.2026,5.7231
1992,34,Hérault,Occitanie,Saint-Georges-d'Orques,saint-georges-d-orques,34680,5600,9,602.0,43.6167,3.775
1993,59,Nord,Hauts-de-France,La Gorgue,la-gorgue,59253,5599,15,372.0,50.6278,2.7371
1994,59,Nord,Hauts-de-France,Wallers,wallers,59135,5598,21,266.0,50.3745,3.3944
1995,85,Vendée,Pays de la Loire,Pouzauges,pouzauges,85700,5597,37,153.0,46.7767,-0.8228
1996,31,Haute-Garonne,Occitanie,Fenouillet,fenouillet,31150,5595,10,573.0,43.6864,1.3897
1997,08,Ardennes,Grand Est,Nouzonville,nouzonville,08700,5592,11,507.0,49.8174,4.7538
1998,37,Indre-et-Loire,Centre-Val de Loire,La Ville-aux-Dames,la-ville-aux-dames,37700,5584,8,697.0,47.3894,0.7739
1999,11,Aude,Occitanie,Sigean,sigean,11130,5583,41,138.0,43.0344,2.9793
2000,30,Gard,Occitanie,Beauvoisin,beauvoisin,30640,5581,28,199.0,43.6896,4.3222
2001,53,Mayenne,Pays de la Loire,Ernée,ernee,53500,5576,36,153.0,48.2954,-0.9316
2002,971,Guadeloupe,Guadeloupe,Port-Louis,port-louis,97117,5576,44,126.0,16.4201,-61.488
2003,34,Hérault,Occitanie,Bessan,bessan,34550,5572,28,200.0,43.3566,3.4141
2004,79,Deux-Sèvres,Nouvelle-Aquitaine,Nueil-les-Aubiers,nueil-les-aubiers,79250,5566,101,55.0,46.9391,-0.6114
2005,87,Haute-Vienne,Nouvelle-Aquitaine,Ambazac,ambazac,87240,5558,58,95.0,45.9609,1.3956
2006,49,Maine-et-Loire,Pays de la Loire,Beaucouzé,beaucouze,49070,5557,18,310.0,47.4742,-0.6358
2007,67,Bas-Rhin,Grand Est,Oberhausbergen,oberhausbergen,67205,5556,4,1470.0,48.6092,7.6874
2008,70,Haute-Saône,Bourgogne-Franche-Comté,Gray,gray,70100,5551,20,273.0,47.431,5.6153
2009,42,Loire,Auvergne-Rhône-Alpes,Montrond-les-Bains,montrond-les-bains,42210,5550,10,547.0,45.638,4.2429
2010,28,Eure-et-Loir,Centre-Val de Loire,Épernon,epernon,28230,5549,7,842.0,48.5947,1.6859
2011,62,Pas-de-Calais,Hauts-de-France,Guînes,guines,62340,5545,26,210.0,50.855,1.8726
2012,66,Pyrénées-Orientales,Occitanie,Ille-sur-Têt,ille-sur-tet,66130,5538,32,175.0,42.6746,2.6167
2013,78,Yvelines,Île-de-France,Chevreuse,chevreuse,78460,5536,14,407.0,48.7035,2.0343
2014,84,Vaucluse,Provence-Alpes-Côte d'Azur,Piolenc,piolenc,84420,5536,25,225.0,44.1784,4.7587
2015,27,Eure,Normandie,Saint-Sébastien-de-Morsent,saint-sebastien-de-morsent,27180,5530,10,552.0,49.0144,1.0743
2016,44,Loire-Atlantique,Pays de la Loire,Missillac,missillac,44780,5529,60,93.0,47.489,-2.1765
2017,59,Nord,Hauts-de-France,Fenain,fenain,59179,5529,6,960.0,50.3656,3.2998
2018,68,Haut-Rhin,Grand Est,Sausheim,sausheim,68390,5528,17,326.0,47.7841,7.4041
2019,26,Drôme,Auvergne-Rhône-Alpes,Étoile-sur-Rhône,etoile-sur-rhone,26800,5526,40,138.0,44.8353,4.8747
2020,30,Gard,Occitanie,Roquemaure,roquemaure,30150,5526,26,210.0,44.0443,4.7598
2021,57,Moselle,Grand Est,Boulay-Moselle,boulay-moselle,57220,5524,20,282.0,49.1749,6.4965
2022,69,Rhône,Auvergne-Rhône-Alpes,Genay,genay,69730,5520,9,640.0,45.8989,4.8389
2023,62,Pas-de-Calais,Hauts-de-France,Beaurains,beaurains,62217,5515,6,925.0,50.2595,2.7907
2024,91,Essonne,Île-de-France,Lardy,lardy,91510,5509,8,715.0,48.5284,2.2707
2025,976,Mayotte,Mayotte,Kani-Kéli,kani-keli,97625,5507,20,275.0,-12.9746,45.1207
2026,85,Vendée,Pays de la Loire,Chanverrie,chanverrie,85130,5506,43,128.0,46.9468,-0.9857
2027,69,Rhône,Auvergne-Rhône-Alpes,Ternay,ternay,69360,5503,8,694.0,45.6083,4.803
2028,49,Maine-et-Loire,Pays de la Loire,Noyant-Villages,noyant-villages,49490,5501,27,200.0,47.5111,0.1027
2029,38,Isère,Auvergne-Rhône-Alpes,Montbonnot-Saint-Martin,montbonnot-saint-martin,38330,5495,7,833.0,45.2213,5.8148
2030,63,Puy-de-Dôme,Auvergne-Rhône-Alpes,Le Cendre,le-cendre,63670,5494,4,1281.0,45.7164,3.1947
2031,62,Pas-de-Calais,Hauts-de-France,Marles-les-Mines,marles-les-mines,62540,5493,4,1232.0,50.5026,2.5074
2032,13,Bouches-du-Rhône,Provence-Alpes-Côte d'Azur,Ventabren,ventabren,13122,5484,26,208.0,43.5446,5.3045
2033,47,Lot-et-Garonne,Nouvelle-Aquitaine,Foulayronnes,foulayronnes,47510,5484,29,190.0,44.2562,0.6426
2034,38,Isère,Auvergne-Rhône-Alpes,Saint-Martin-d'Uriage,saint-martin-d-uriage,38410,5483,35,155.0,45.1568,5.8592
2035,30,Gard,Occitanie,Saint-Privat-des-Vieux,saint-privat-des-vieux,30340,5482,16,348.0,44.1411,4.1297
2036,72,Sarthe,Pays de la Loire,Arnage,arnage,72230,5482,11,505.0,47.9306,0.1917
2037,18,Cher,Centre-Val de Loire,Aubigny-sur-Nère,aubigny-sur-nere,18700,5476,62,89.0,47.4857,2.4209
2038,83,Var,Provence-Alpes-Côte d'Azur,Pourrières,pourrieres,83910,5474,57,96.0,43.487,5.7432
2039,42,Loire,Auvergne-Rhône-Alpes,Chazelles-sur-Lyon,chazelles-sur-lyon,42140,5472,21,260.0,45.6293,4.3717
2040,35,Ille-et-Vilaine,Bretagne,Orgères,orgeres,35230,5471,17,326.0,47.9861,-1.6625
2041,38,Isère,Auvergne-Rhône-Alpes,Pont-Évêque,pont-eveque,38780,5466,9,628.0,45.5335,4.9278
2042,62,Pas-de-Calais,Hauts-de-France,Calonne-Ricouart,calonne-ricouart,62470,5463,5,1180.0,50.4888,2.4861
2043,34,Hérault,Occitanie,Sauvian,sauvian,34410,5459,13,416.0,43.2885,3.2541
2044,91,Essonne,Île-de-France,Villabé,villabe,91100,5457,5,1166.0,48.5864,2.4516
2045,71,Saône-et-Loire,Bourgogne-Franche-Comté,Chagny,chagny,71150,5454,19,290.0,46.8995,4.7764
2046,74,Haute-Savoie,Auvergne-Rhône-Alpes,Sillingy,sillingy,74330,5453,15,369.0,45.9517,6.035
2047,44,Loire-Atlantique,Pays de la Loire,Ligné,ligne,44850,5451,46,120.0,47.4035,-1.3792
2048,06,Alpes-Maritimes,Provence-Alpes-Côte d'Azur,La Roquette-sur-Siagne,la-roquette-sur-siagne,06550,5436,6,870.0,43.5853,6.9475
2049,35,Ille-et-Vilaine,Bretagne,Cancale,cancale,35260,5435,13,430.0,48.6895,-1.8598
2050,77,Seine-et-Marne,Île-de-France,Quincy-Voisins,quincy-voisins,77860,5435,10,527.0,48.8982,2.8765
2051,51,Marne,Grand Est,Saint-Memmie,saint-memmie,51470,5434,13,430.0,48.9545,4.4154
2052,86,Vienne,Nouvelle-Aquitaine,Neuville-de-Poitou,neuville-de-poitou,86170,5429,17,319.0,46.6825,0.2523
2053,83,Var,Provence-Alpes-Côte d'Azur,Rocbaron,rocbaron,83136,5422,20,265.0,43.3062,6.0869
2054,84,Vaucluse,Provence-Alpes-Côte d'Azur,Caumont-sur-Durance,caumont-sur-durance,84510,5422,18,297.0,43.8813,4.955
2055,11,Aude,Occitanie,Trèbes,trebes,11800,5416,18,302.0,43.209,2.4653
2056,67,Bas-Rhin,Grand Est,Reichshoffen,reichshoffen,67110,5416,17,317.0,48.9383,7.6737
2057,77,Seine-et-Marne,Île-de-France,Saint-Pierre-lès-Nemours,saint-pierre-les-nemours,77140,5416,22,250.0,48.2647,2.6673
2058,62,Pas-de-Calais,Hauts-de-France,Coulogne,coulogne,62137,5414,9,587.0,50.9127,1.8906
2059,22,Côtes-d'Armor,Bretagne,Ploumagoar,ploumagoar,22970,5411,32,169.0,48.5295,-3.1096
2060,84,Vaucluse,Provence-Alpes-Côte d'Azur,Bédarrides,bedarrides,84370,5410,25,216.0,44.0478,4.9029
2061,65,Hautes-Pyrénées,Occitanie,Bordères-sur-l'Échez,borderes-sur-l-echez,65320,5407,16,336.0,43.2651,0.0391
2062,35,Ille-et-Vilaine,Bretagne,Saint-Gilles,saint-gilles,35590,5402,21,258.0,48.1517,-1.85
2063,66,Pyrénées-Orientales,Occitanie,Pollestres,pollestres,66450,5402,8,648.0,42.6373,2.8736
2064,85,Vendée,Pays de la Loire,La Ferrière,la-ferriere,85280,5398,47,115.0,46.7205,-1.3294
2065,85,Vendée,Pays de la Loire,Les Achards,les-achards,85150,5391,9,626.0,46.5924,-1.6651
2066,974,La Réunion,La Réunion,Cilaos,cilaos,97413,5390,84,64.0,-21.1403,55.4555
2067,62,Pas-de-Calais,Hauts-de-France,Audruicq,audruicq,62370,5388,14,375.0,50.8809,2.0858
2068,95,Val-d'Oise,Île-de-France,Viarmes,viarmes,95270,5386,8,652.0,49.1229,2.3836
2069,17,Charente-Maritime,Nouvelle-Aquitaine,Saint-Xandre,saint-xandre,17138,5384,13,403.0,46.2131,-1.0924
2070,21,Côte-d'Or,Bourgogne-Franche-Comté,Châtillon-sur-Seine,chatillon-sur-seine,21400,5378,33,162.0,47.8593,4.582
2071,13,Bouches-du-Rhône,Provence-Alpes-Côte d'Azur,La Roque-d'Anthéron,la-roque-d-antheron,13640,5377,25,211.0,43.7166,5.3165
2072,54,Meurthe-et-Moselle,Grand Est,Heillecourt,heillecourt,54180,5377,4,1461.0,48.6501,6.1967
2073,79,Deux-Sèvres,Nouvelle-Aquitaine,Aiffres,aiffres,79230,5377,26,208.0,46.2831,-0.4147
2074,33,Gironde,Nouvelle-Aquitaine,Marcheprime,marcheprime,33380,5367,25,216.0,44.7033,-0.8557
2075,72,Sarthe,Pays de la Loire,Parigné-l'Évêque,parigne-l-eveque,72250,5365,64,84.0,47.9251,0.364
2076,67,Bas-Rhin,Grand Est,Rosheim,rosheim,67560,5360,30,178.0,48.4873,7.4167
2077,44,Loire-Atlantique,Pays de la Loire,Le Pellerin,le-pellerin,44640,5358,31,172.0,47.2341,-1.8377
2078,59,Nord,Hauts-de-France,Erquinghem-Lys,erquinghem-lys,59193,5356,9,582.0,50.6691,2.8403
2079,56,Morbihan,Bretagne,Plouhinec,plouhinec,56680,5354,37,145.0,47.6909,-3.2399
2080,77,Seine-et-Marne,Île-de-France,Crégy-lès-Meaux,cregy-les-meaux,77124,5354,4,1455.0,48.9759,2.874
2081,33,Gironde,Nouvelle-Aquitaine,Ludon-Médoc,ludon-medoc,33290,5352,19,287.0,44.9814,-0.5903
2082,59,Nord,Hauts-de-France,Dechy,dechy,59187,5351,9,573.0,50.3523,3.1288
2083,38,Isère,Auvergne-Rhône-Alpes,Coublevie,coublevie,38500,5339,7,764.0,45.3573,5.618
2084,34,Hérault,Occitanie,Servian,servian,34290,5337,41,130.0,43.4121,3.3017
2085,44,Loire-Atlantique,Pays de la Loire,Saint-Michel-Chef-Chef,saint-michel-chef-chef,44730,5324,25,212.0,47.1705,-2.1238
2086,83,Var,Provence-Alpes-Côte d'Azur,Garéoult,gareoult,83136,5322,16,335.0,43.3397,6.0426
2087,66,Pyrénées-Orientales,Occitanie,Le Boulou,le-boulou,66160,5321,15,364.0,42.5267,2.8328
2088,24,Dordogne,Nouvelle-Aquitaine,Saint-Astier,saint-astier,24110,5320,36,149.0,45.1426,0.5146
2089,55,Meuse,Grand Est,Commercy,commercy,55200,5319,36,149.0,48.749,5.5658
2090,57,Moselle,Grand Est,Farébersviller,farebersviller,57450,5316,7,782.0,49.1164,6.8677
2091,85,Vendée,Pays de la Loire,La Garnache,la-garnache,85710,5316,61,88.0,46.8961,-1.8215
2092,91,Essonne,Île-de-France,Ollainville,ollainville,91340,5314,11,466.0,48.6068,2.2204
2093,69,Rhône,Auvergne-Rhône-Alpes,Charbonnières-les-Bains,charbonnieres-les-bains,69260,5311,4,1292.0,45.7792,4.743
2094,21,Côte-d'Or,Bourgogne-Franche-Comté,Marsannay-la-Côte,marsannay-la-cote,21160,5309,13,415.0,47.2803,4.9875
2095,21,Côte-d'Or,Bourgogne-Franche-Comté,Nuits-Saint-Georges,nuits-saint-georges,21700,5309,20,261.0,47.1518,4.9414
2096,25,Doubs,Bourgogne-Franche-Comté,Bethoncourt,bethoncourt,25200,5308,7,804.0,47.5418,6.7988
2097,01,Ain,Auvergne-Rhône-Alpes,Cessy,cessy,01170,5307,6,824.0,46.3157,6.082
2098,60,Oise,Hauts-de-France,Mouy,mouy,60250,5305,10,518.0,49.3193,2.3003
2099,14,Calvados,Normandie,Fleury-sur-Orne,fleury-sur-orne,14123,5303,7,780.0,49.1476,-0.3784
2100,69,Rhône,Auvergne-Rhône-Alpes,Saint-Genis-les-Ollières,saint-genis-les-ollieres,69290,5300,4,1406.0,45.7614,4.7248
2101,44,Loire-Atlantique,Pays de la Loire,Saint-Mars-du-Désert,saint-mars-du-desert,44850,5299,30,174.0,47.3537,-1.4369
2102,59,Nord,Hauts-de-France,Wervicq-Sud,wervicq-sud,59117,5299,5,1056.0,50.7602,3.0495
2103,84,Vaucluse,Provence-Alpes-Côte d'Azur,Jonquières,jonquieres,84150,5298,24,218.0,44.1324,4.9144
2104,67,Bas-Rhin,Grand Est,Drusenheim,drusenheim,67410,5292,16,333.0,48.7565,7.9441
2105,64,Pyrénées-Atlantiques,Nouvelle-Aquitaine,Mouguerre,mouguerre,64990,5291,22,235.0,43.4588,-1.4057
2106,83,Var,Provence-Alpes-Côte d'Azur,Le Castellet,le-castellet,83330,5285,45,117.0,43.2148,5.7561
2107,69,Rhône,Auvergne-Rhône-Alpes,Vindry-sur-Turdine,vindry-sur-turdine,69490,5282,5,1119.0,45.8886,4.4948
2108,37,Indre-et-Loire,Centre-Val de Loire,Bléré,blere,37150,5280,31,170.0,47.3011,0.9848
2109,13,Bouches-du-Rhône,Provence-Alpes-Côte d'Azur,Grans,grans,13450,5274,28,191.0,43.6172,5.0431
2110,73,Savoie,Auvergne-Rhône-Alpes,Barberaz,barberaz,73000,5260,4,1437.0,45.5528,5.9388
2111,44,Loire-Atlantique,Pays de la Loire,Plessé,plesse,44630,5257,105,50.0,47.5578,-1.8831
2112,82,Tarn-et-Garonne,Occitanie,Valence,valence,82400,5256,14,389.0,44.1064,0.9043
2113,62,Pas-de-Calais,Hauts-de-France,Loison-sous-Lens,loison-sous-lens,62218,5255,4,1484.0,50.4458,2.8625
2114,49,Maine-et-Loire,Pays de la Loire,Le Lion-d'Angers,le-lion-d-angers,49220,5254,42,126.0,47.634,-0.7517
2115,63,Puy-de-Dôme,Auvergne-Rhône-Alpes,Vic-le-Comte,vic-le-comte,63270,5242,18,290.0,45.6468,3.2428
2116,44,Loire-Atlantique,Pays de la Loire,Guémené-Penfao,guemene-penfao,44290,5240,106,50.0,47.6412,-1.8223
2117,06,Alpes-Maritimes,Provence-Alpes-Côte d'Azur,Drap,drap,06340,5238,5,954.0,43.7587,7.3395
2118,90,Territoire de Belfort,Bourgogne-Franche-Comté,Valdoie,valdoie,90300,5236,5,1133.0,47.6727,6.8476
2119,25,Doubs,Bourgogne-Franche-Comté,Villers-le-Lac,villers-le-lac,25130,5228,30,173.0,47.073,6.6946
2120,13,Bouches-du-Rhône,Provence-Alpes-Côte d'Azur,Peyrolles-en-Provence,peyrolles-en-provence,13860,5223,35,149.0,43.6262,5.5763
2121,29,Finistère,Bretagne,Scaër,scaer,29390,5223,118,44.0,48.0268,-3.7267
2122,77,Seine-et-Marne,Île-de-France,Mormant,mormant,77720,5222,17,316.0,48.596,2.8772
2123,72,Sarthe,Pays de la Loire,Mulsanne,mulsanne,72230,5220,15,342.0,47.919,0.244
2124,91,Essonne,Île-de-France,Saint-Chéron,saint-cheron,91530,5220,12,454.0,48.5499,2.1249
2125,67,Bas-Rhin,Grand Est,Gambsheim,gambsheim,67760,5213,17,303.0,48.6907,7.8825
2126,95,Val-d'Oise,Île-de-France,Mériel,meriel,95630,5213,5,976.0,49.0772,2.2125
2127,38,Isère,Auvergne-Rhône-Alpes,Villette-d'Anthon,villette-d-anthon,38280,5212,23,229.0,45.7878,5.1019
2128,13,Bouches-du-Rhône,Provence-Alpes-Côte d'Azur,Rousset,rousset,13790,5209,20,267.0,43.4869,5.6202
2129,02,Aisne,Hauts-de-France,Gauchy,gauchy,02430,5204,6,842.0,49.8233,3.2846
2130,59,Nord,Hauts-de-France,Ferrière-la-Grande,ferriere-la-grande,59680,5202,10,518.0,50.2438,3.9894
2131,51,Marne,Grand Est,Aÿ-Champagne,ay-champagne,51160,5197,11,489.0,49.0561,4.0414
2132,13,Bouches-du-Rhône,Provence-Alpes-Côte d'Azur,Le Rove,le-rove,13740,5194,23,225.0,43.3622,5.2498
2133,27,Eure,Normandie,Le Val d'Hazey,le-val-d-hazey,27600,5194,8,652.0,49.1712,1.3204
2134,16,Charente,Nouvelle-Aquitaine,Champniers,champniers,16430,5193,45,115.0,45.7167,0.2059
2135,976,Mayotte,Mayotte,Acoua,acoua,97630,5192,13,402.0,-12.7249,45.0678
2136,54,Meurthe-et-Moselle,Grand Est,Longuyon,longuyon,54260,5190,30,172.0,49.4625,5.5887
2137,57,Moselle,Grand Est,L'Hôpital,l-hopital,57490,5182,4,1237.0,49.1548,6.732
2138,59,Nord,Hauts-de-France,Baisieux,baisieux,59780,5177,9,596.0,50.6101,3.2379
2139,86,Vienne,Nouvelle-Aquitaine,Mignaloux-Beauvoir,mignaloux-beauvoir,86550,5176,22,240.0,46.5488,0.4112
2140,14,Calvados,Normandie,Dives-sur-Mer,dives-sur-mer,14160,5174,7,785.0,49.2818,-0.0894
2141,14,Calvados,Normandie,Cormelles-le-Royal,cormelles-le-royal,14123,5170,3,1486.0,49.1556,-0.3262
2142,17,Charente-Maritime,Nouvelle-Aquitaine,Saint-Georges-de-Didonne,saint-georges-de-didonne,17110,5170,14,377.0,45.5926,-0.987
2143,42,Loire,Auvergne-Rhône-Alpes,Villerest,villerest,42300,5170,14,365.0,45.9981,4.0264
2144,62,Pas-de-Calais,Hauts-de-France,Brebières,brebieres,62117,5169,11,476.0,50.3387,3.0216
2145,39,Jura,Bourgogne-Franche-Comté,Hauts de Bienne,hauts-de-bienne,39400,5167,10,533.0,46.5165,6.0002
2146,74,Haute-Savoie,Auvergne-Rhône-Alpes,La Balme-de-Sillingy,la-balme-de-sillingy,74330,5167,16,318.0,45.9648,6.0423
2147,06,Alpes-Maritimes,Provence-Alpes-Côte d'Azur,Levens,levens,06670,5165,30,174.0,43.8501,7.2358
2148,21,Côte-d'Or,Bourgogne-Franche-Comté,Genlis,genlis,21110,5165,12,426.0,47.2403,5.2196
2149,45,Loiret,Centre-Val de Loire,Sully-sur-Loire,sully-sur-loire,45600,5161,44,118.0,47.751,2.3499
2150,65,Hautes-Pyrénées,Occitanie,Séméac,semeac,65600,5161,6,828.0,43.2248,0.1108
2151,83,Var,Provence-Alpes-Côte d'Azur,Tourves,tourves,83170,5160,66,78.0,43.4108,5.9281
2152,87,Haute-Vienne,Nouvelle-Aquitaine,Condat-sur-Vienne,condat-sur-vienne,87920,5158,15,337.0,45.7846,1.2339
2153,57,Moselle,Grand Est,Faulquemont,faulquemont,57380,5155,19,274.0,49.0409,6.5918
2154,58,Nièvre,Bourgogne-Franche-Comté,Decize,decize,58300,5152,48,107.0,46.809,3.4695
2155,34,Hérault,Occitanie,Cazouls-lès-Béziers,cazouls-les-beziers,34370,5146,38,134.0,43.3971,3.0923
2156,29,Finistère,Bretagne,Châteaulin,chateaulin,29150,5144,20,255.0,48.2023,-4.0765
2157,54,Meurthe-et-Moselle,Grand Est,Pulnoy,pulnoy,54425,5144,4,1379.0,48.703,6.2677
2158,10,Aube,Grand Est,Pont-Sainte-Marie,pont-sainte-marie,10150,5143,4,1286.0,48.3197,4.0966
2159,54,Meurthe-et-Moselle,Grand Est,Seichamps,seichamps,54280,5141,4,1198.0,48.7159,6.2709
2160,69,Rhône,Auvergne-Rhône-Alpes,Vernaison,vernaison,69390,5140,4,1254.0,45.6464,4.8121
2161,29,Finistère,Bretagne,Locmaria-Plouzané,locmaria-plouzane,29280,5138,23,222.0,48.3713,-4.6533
2162,73,Savoie,Auvergne-Rhône-Alpes,Bassens,bassens,73000,5136,3,1673.0,45.582,5.9387
2163,89,Yonne,Bourgogne-Franche-Comté,Villeneuve-sur-Yonne,villeneuve-sur-yonne,89500,5136,40,127.0,48.0829,3.3137
2164,35,Ille-et-Vilaine,Bretagne,Laillé,laille,35890,5131,32,160.0,47.9731,-1.7101
2165,29,Finistère,Bretagne,Penmarch,penmarch,29760,5130,16,312.0,47.8122,-4.3406
2166,62,Pas-de-Calais,Hauts-de-France,Cucq,cucq,62780,5130,10,507.0,50.4907,1.6116
2167,62,Pas-de-Calais,Hauts-de-France,Marquise,marquise,62250,5120,14,379.0,50.8119,1.6892
2168,84,Vaucluse,Provence-Alpes-Côte d'Azur,Saint-Saturnin-lès-Avignon,saint-saturnin-les-avignon,84450,5119,6,824.0,43.9625,4.9447
2169,04,Alpes-de-Haute-Provence,Provence-Alpes-Côte d'Azur,Forcalquier,forcalquier,04300,5118,43,118.0,43.9582,5.7842
2170,61,Orne,Normandie,La Ferté Macé,la-ferte-mace,61600,5116,27,188.0,48.5688,-0.3592
2171,31,Haute-Garonne,Occitanie,Roques,roques,31120,5115,9,542.0,43.507,1.3576
2172,77,Seine-et-Marne,Île-de-France,Souppes-sur-Loing,souppes-sur-loing,77460,5114,28,186.0,48.1864,2.7426
2173,45,Loiret,Centre-Val de Loire,Briare,briare,45250,5113,45,113.0,47.6418,2.7417
2174,85,Vendée,Pays de la Loire,Bretignolles-sur-Mer,bretignolles-sur-mer,85470,5112,27,187.0,46.6309,-1.8713
2175,12,Aveyron,Occitanie,Decazeville,decazeville,12300,5111,14,365.0,44.5686,2.2563
2176,30,Gard,Occitanie,Garons,garons,30128,5106,12,409.0,43.7706,4.4397
2177,44,Loire-Atlantique,Pays de la Loire,Saint-Lyphard,saint-lyphard,44410,5104,24,208.0,47.3788,-2.3437
2178,72,Sarthe,Pays de la Loire,Mamers,mamers,72600,5103,5,991.0,48.3554,0.3707
2179,01,Ain,Auvergne-Rhône-Alpes,Reyrieux,reyrieux,01600,5098,16,326.0,45.9368,4.8314
2180,33,Gironde,Nouvelle-Aquitaine,Pauillac,pauillac,33250,5098,31,163.0,45.1983,-0.755
2181,14,Calvados,Normandie,Douvres-la-Délivrande,douvres-la-delivrande,14440,5097,11,470.0,49.2924,-0.3875
2182,35,Ille-et-Vilaine,Bretagne,Maen Roch,maen-roch,35460,5097,17,307.0,48.3975,-1.3484
2183,11,Aude,Occitanie,Gruissan,gruissan,11430,5096,63,81.0,43.1042,3.0871
2184,57,Moselle,Grand Est,Moulins-lès-Metz,moulins-les-metz,57160,5088,7,722.0,49.0929,6.1192
2185,33,Gironde,Nouvelle-Aquitaine,Tresses,tresses,33370,5086,12,428.0,44.8455,-0.4741
2186,79,Deux-Sèvres,Nouvelle-Aquitaine,Moncoutant-sur-Sèvre,moncoutant-sur-sevre,79320,5085,27,190.0,46.7097,-0.5927
2187,78,Yvelines,Île-de-France,Vaux-sur-Seine,vaux-sur-seine,78740,5083,8,604.0,49.0089,1.9704
2188,04,Alpes-de-Haute-Provence,Provence-Alpes-Côte d'Azur,Château-Arnoux-Saint-Auban,chateau-arnoux-saint-auban,04160,5082,19,274.0,44.0801,5.9942
2189,77,Seine-et-Marne,Île-de-France,Trilport,trilport,77470,5081,11,465.0,48.9583,2.9661
2190,37,Indre-et-Loire,Centre-Val de Loire,Luynes,luynes,37230,5075,34,149.0,47.4123,0.5364
2191,51,Marne,Grand Est,Mourmelon-le-Grand,mourmelon-le-grand,51400,5074,23,216.0,49.1317,4.3874
2192,67,Bas-Rhin,Grand Est,Mundolsheim,mundolsheim,67450,5074,4,1177.0,48.6405,7.715
2193,974,La Réunion,La Réunion,Saint-Philippe,saint-philippe,97442,5074,154,33.0,-21.3084,55.7436
2194,62,Pas-de-Calais,Hauts-de-France,Lestrem,lestrem,62136,5073,21,236.0,50.6117,2.6783
2195,62,Pas-de-Calais,Hauts-de-France,Saint-Étienne-au-Mont,saint-etienne-au-mont,62360,5072,14,364.0,50.6656,1.6067
2196,93,Seine-Saint-Denis,Île-de-France,Coubron,coubron,93470,5063,4,1208.0,48.9173,2.5759
2197,42,Loire,Auvergne-Rhône-Alpes,Saint-Marcellin-en-Forez,saint-marcellin-en-forez,42680,5060,31,162.0,45.4883,4.1672
2198,01,Ain,Auvergne-Rhône-Alpes,Châtillon-sur-Chalaronne,chatillon-sur-chalaronne,01400,5059,18,282.0,46.1264,4.9549
2199,62,Pas-de-Calais,Hauts-de-France,Billy-Berclau,billy-berclau,62138,5059,7,682.0,50.5218,2.8666
2200,34,Hérault,Occitanie,Saint-Clément-de-Rivière,saint-clement-de-riviere,34980,5058,13,395.0,43.6831,3.8447
2201,59,Nord,Hauts-de-France,Petite-Forêt,petite-foret,59494,5058,5,1107.0,50.3761,3.4773
2202,29,Finistère,Bretagne,Plouigneau,plouigneau,29610,5057,64,79.0,48.5718,-3.7226
2203,68,Haut-Rhin,Grand Est,Habsheim,habsheim,68440,5055,16,324.0,47.7271,7.4333
2204,67,Bas-Rhin,Grand Est,Schweighouse-sur-Moder,schweighouse-sur-moder,67590,5050,10,507.0,48.8195,7.7388
2205,68,Haut-Rhin,Grand Est,Sainte-Marie-aux-Mines,sainte-marie-aux-mines,68160,5049,45,112.0,48.2294,7.1683
2206,88,Vosges,Grand Est,Rambervillers,rambervillers,88700,5045,21,244.0,48.3457,6.6312
2207,56,Morbihan,Bretagne,Muzillac,muzillac,56190,5041,38,133.0,47.5484,-2.4741
2208,30,Gard,Occitanie,Sommières,sommieres,30250,5040,10,491.0,43.7706,4.0812
2209,78,Yvelines,Île-de-France,Bonnières-sur-Seine,bonnieres-sur-seine,78270,5038,8,635.0,49.0168,1.5685
2210,85,Vendée,Pays de la Loire,Mouilleron-le-Captif,mouilleron-le-captif,85000,5037,19,262.0,46.7114,-1.4649
2211,971,Guadeloupe,Guadeloupe,Baillif,baillif,97123,5035,24,208.0,16.0497,-61.7158
2212,33,Gironde,Nouvelle-Aquitaine,Lacanau,lacanau,33680,5031,219,23.0,44.9879,-1.096
2213,67,Bas-Rhin,Grand Est,Val-de-Moder,val-de-moder,67350,5031,4,1417.0,48.8407,7.614
2214,42,Loire,Auvergne-Rhône-Alpes,La Grand-Croix,la-grand-croix,42320,5026,4,1244.0,45.5042,4.5569
2215,38,Isère,Auvergne-Rhône-Alpes,Chavanoz,chavanoz,38230,5023,8,606.0,45.7696,5.1719
2216,34,Hérault,Occitanie,Florensac,florensac,34510,5022,36,140.0,43.382,3.4617
2217,95,Val-d'Oise,Île-de-France,Champagne-sur-Oise,champagne-sur-oise,95660,5021,9,534.0,49.1455,2.228
2218,77,Seine-et-Marne,Île-de-France,Villenoy,villenoy,77124,5019,7,685.0,48.9406,2.8516
2219,56,Morbihan,Bretagne,Surzur,surzur,56450,5008,59,85.0,47.5698,-2.6246
2220,08,Ardennes,Grand Est,Bogny-sur-Meuse,bogny-sur-meuse,08120,5006,23,216.0,49.8472,4.7561
2221,90,Territoire de Belfort,Bourgogne-Franche-Comté,Beaucourt,beaucourt,90500,5005,5,1026.0,47.4868,6.9251
2222,38,Isère,Auvergne-Rhône-Alpes,Beaurepaire,beaurepaire,38270,5004,18,272.0,45.3376,5.0439
2223,44,Loire-Atlantique,Pays de la Loire,Villeneuve-en-Retz,villeneuve-en-retz,44580,5003,54,93.0,47.035,-1.9019
2224,27,Eure,Normandie,Pacy-sur-Eure,pacy-sur-eure,27120,5001,14,370.0,49.019,1.3764
2225,59,Nord,Hauts-de-France,Bauvin,bauvin,59221,4999,4,1285.0,50.5173,2.8932
2226,03,Allier,Auvergne-Rhône-Alpes,Saint-Pourçain-sur-Sioule,saint-pourcain-sur-sioule,03500,4997,36,141.0,46.3047,3.3028
2227,77,Seine-et-Marne,Île-de-France,Brou-sur-Chantereine,brou-sur-chantereine,77177,4992,4,1140.0,48.8891,2.6394
2228,25,Doubs,Bourgogne-Franche-Comté,Baume-les-Dames,baume-les-dames,25110,4991,25,200.0,47.3492,6.3426
2229,31,Haute-Garonne,Occitanie,Villefranche-de-Lauragais,villefranche-de-lauragais,31290,4990,10,476.0,43.4065,1.7185
2230,71,Saône-et-Loire,Bourgogne-Franche-Comté,Cluny,cluny,71250,4990,24,209.0,46.4284,4.6653
2231,06,Alpes-Maritimes,Provence-Alpes-Côte d'Azur,Villefranche-sur-Mer,villefranche-sur-mer,06230,4989,5,1014.0,43.7081,7.3243
2232,40,Landes,Nouvelle-Aquitaine,Morcenx-la-Nouvelle,morcenx-la-nouvelle,40110,4989,62,81.0,44.0318,-0.9147
2233,22,Côtes-d'Armor,Bretagne,Yffiniac,yffiniac,22120,4987,17,287.0,48.4692,-2.6862
2234,25,Doubs,Bourgogne-Franche-Comté,Saint-Vit,saint-vit,25410,4986,16,303.0,47.1882,5.8266
2235,40,Landes,Nouvelle-Aquitaine,Saint-Sever,saint-sever,40500,4983,47,106.0,43.7646,-0.5612
2236,45,Loiret,Centre-Val de Loire,Neuville-aux-Bois,neuville-aux-bois,45170,4981,32,157.0,48.0682,2.0592
2237,71,Saône-et-Loire,Bourgogne-Franche-Comté,Montchanin,montchanin,71210,4979,8,621.0,46.7454,4.4755
2238,60,Oise,Hauts-de-France,Lacroix-Saint-Ouen,lacroix-saint-ouen,60610,4978,21,238.0,49.3575,2.7961
2239,59,Nord,Hauts-de-France,Grand-Fort-Philippe,grand-fort-philippe,59153,4977,2,2193.0,51.0016,2.1049
2240,44,Loire-Atlantique,Pays de la Loire,Gorges,gorges,44190,4976,16,305.0,47.1032,-1.3134
2241,38,Isère,Auvergne-Rhône-Alpes,Le Versoud,le-versoud,38420,4973,6,815.0,45.22,5.8598
2242,62,Pas-de-Calais,Hauts-de-France,Laventie,laventie,62840,4969,18,270.0,50.6094,2.7884
2243,83,Var,Provence-Alpes-Côte d'Azur,Nans-les-Pins,nans-les-pins,83860,4968,49,101.0,43.3808,5.7874
2244,17,Charente-Maritime,Nouvelle-Aquitaine,Sainte-Soulle,sainte-soulle,17220,4961,22,225.0,46.1966,-1.006
2245,57,Moselle,Grand Est,Bitche,bitche,57230,4958,41,120.0,49.0544,7.4735
2246,33,Gironde,Nouvelle-Aquitaine,Blaye,blaye,33390,4957,16,317.0,45.1311,-0.667
2247,01,Ain,Auvergne-Rhône-Alpes,Villars-les-Dombes,villars-les-dombes,01330,4954,25,201.0,46,5.0443
2248,14,Calvados,Normandie,Pont-l'Évêque,pont-l-eveque,14130,4953,8,607.0,49.2905,0.1829
2249,68,Haut-Rhin,Grand Est,Blotzheim,blotzheim,68730,4947,15,329.0,47.6051,7.4906
2250,49,Maine-et-Loire,Pays de la Loire,Val d'Erdre-Auxence,val-d-erdre-auxence,49370,4946,66,75.0,47.5049,-0.9374
2251,33,Gironde,Nouvelle-Aquitaine,Saint-Laurent-Médoc,saint-laurent-medoc,33112,4940,136,36.0,45.1402,-0.8557
2252,51,Marne,Grand Est,Witry-lès-Reims,witry-les-reims,51420,4940,17,297.0,49.299,4.1094
2253,85,Vendée,Pays de la Loire,Le Fenouiller,le-fenouiller,85800,4937,18,278.0,46.7168,-1.8951
2254,23,Creuse,Nouvelle-Aquitaine,La Souterraine,la-souterraine,23300,4933,37,134.0,46.2308,1.4743
2255,73,Savoie,Auvergne-Rhône-Alpes,Le Bourget-du-Lac,le-bourget-du-lac,73370,4933,22,221.0,45.642,5.8536
2256,59,Nord,Hauts-de-France,Lambres-lez-Douai,lambres-lez-douai,59552,4926,9,557.0,50.3548,3.0542
2257,33,Gironde,Nouvelle-Aquitaine,Sainte-Eulalie,sainte-eulalie,33560,4925,9,532.0,44.9027,-0.48
2258,18,Cher,Centre-Val de Loire,Saint-Germain-du-Puy,saint-germain-du-puy,18390,4924,22,224.0,47.1102,2.4817
2259,87,Haute-Vienne,Nouvelle-Aquitaine,Verneuil-sur-Vienne,verneuil-sur-vienne,87430,4924,34,144.0,45.8481,1.1215
2260,38,Isère,Auvergne-Rhône-Alpes,La Mure,la-mure,38350,4917,8,591.0,44.9103,5.7861
2261,74,Haute-Savoie,Auvergne-Rhône-Alpes,Valleiry,valleiry,74520,4916,7,713.0,46.1153,5.9706
2262,64,Pyrénées-Atlantiques,Nouvelle-Aquitaine,Idron,idron,64320,4913,8,633.0,43.3008,-0.3078
2263,35,Ille-et-Vilaine,Bretagne,La Mézière,la-meziere,35520,4912,16,298.0,48.2135,-1.7504
2264,62,Pas-de-Calais,Hauts-de-France,Blendecques,blendecques,62575,4908,10,509.0,50.7183,2.2816
2265,76,Seine-Maritime,Normandie,Cléon,cleon,76410,4907,6,760.0,49.3155,1.0393
2266,27,Eure,Normandie,Conches-en-Ouche,conches-en-ouche,27190,4905,17,294.0,48.9534,0.9278
2267,41,Loir-et-Cher,Centre-Val de Loire,Salbris,salbris,41300,4897,107,46.0,47.4194,2.0427
2268,34,Hérault,Occitanie,Saint-Mathieu-de-Tréviers,saint-mathieu-de-treviers,34270,4896,22,225.0,43.7679,3.8628
2269,30,Gard,Occitanie,La Grand-Combe,la-grand-combe,30110,4891,12,392.0,44.2261,4.0303
2270,50,Manche,Normandie,Saint-James,saint-james,50240,4890,18,265.0,48.5209,-1.3638
2271,78,Yvelines,Île-de-France,Saint-Nom-la-Bretèche,saint-nom-la-breteche,78860,4886,12,413.0,48.8621,2.0168
2272,61,Orne,Normandie,Tinchebray-Bocage,tinchebray-bocage,61800,4884,26,185.0,48.7283,-0.7337
2273,62,Pas-de-Calais,Hauts-de-France,Haillicourt,haillicourt,62940,4884,5,1083.0,50.4747,2.5796
2274,19,Corrèze,Nouvelle-Aquitaine,Saint-Pantaléon-de-Larche,saint-pantaleon-de-larche,19600,4883,24,206.0,45.1461,1.4345
2275,33,Gironde,Nouvelle-Aquitaine,Créon,creon,33670,4880,8,609.0,44.7688,-0.3444
2276,33,Gironde,Nouvelle-Aquitaine,Saint-Sulpice-et-Cameyrac,saint-sulpice-et-cameyrac,33450,4879,15,320.0,44.9053,-0.3803
2277,01,Ain,Auvergne-Rhône-Alpes,Beynost,beynost,01700,4877,11,455.0,45.8359,4.9964
2278,51,Marne,Grand Est,Fagnières,fagnieres,51510,4877,20,250.0,48.9478,4.3061
2279,85,Vendée,Pays de la Loire,L'Île-d'Yeu,l-ile-d-yeu,85350,4877,25,198.0,46.7099,-2.3415
2280,95,Val-d'Oise,Île-de-France,Luzarches,luzarches,95270,4867,21,237.0,49.1168,2.4457
2281,82,Tarn-et-Garonne,Occitanie,Verdun-sur-Garonne,verdun-sur-garonne,82600,4866,40,122.0,43.841,1.2169
2282,44,Loire-Atlantique,Pays de la Loire,La Turballe,la-turballe,44420,4864,18,266.0,47.3402,-2.4906
2283,28,Eure-et-Loir,Centre-Val de Loire,Bonneval,bonneval,28800,4859,29,168.0,48.1787,1.3844
2284,74,Haute-Savoie,Auvergne-Rhône-Alpes,Allinges,allinges,74200,4853,15,323.0,46.3362,6.4613
2285,59,Nord,Hauts-de-France,Le Quesnoy,le-quesnoy,59530,4852,14,341.0,50.2493,3.6234
2286,59,Nord,Hauts-de-France,Phalempin,phalempin,59133,4849,8,602.0,50.5113,3.0206
2287,36,Indre,Centre-Val de Loire,Argenton-sur-Creuse,argenton-sur-creuse,36200,4848,29,166.0,46.5752,1.494
2288,59,Nord,Hauts-de-France,Bousbecque,bousbecque,59166,4847,6,750.0,50.7646,3.0782
2289,42,Loire,Auvergne-Rhône-Alpes,L'Horme,l-horme,42152,4845,5,1074.0,45.4935,4.5433
2290,14,Calvados,Normandie,Giberville,giberville,14730,4844,5,977.0,49.1765,-0.2863
2291,62,Pas-de-Calais,Hauts-de-France,Desvres,desvres,62240,4843,10,508.0,50.6765,1.8323
2292,62,Pas-de-Calais,Hauts-de-France,Angres,angres,62143,4842,5,1000.0,50.4119,2.7538
2293,62,Pas-de-Calais,Hauts-de-France,Sangatte,sangatte,62231,4842,14,338.0,50.9429,1.7681
2294,69,Rhône,Auvergne-Rhône-Alpes,Amplepuis,amplepuis,69550,4840,39,125.0,45.966,4.317
2295,22,Côtes-d'Armor,Bretagne,Bégard,begard,22140,4839,36,133.0,48.6365,-3.2921
2296,62,Pas-de-Calais,Hauts-de-France,Saint-Pol-sur-Ternoise,saint-pol-sur-ternoise,62130,4838,8,585.0,50.3876,2.3517
2297,54,Meurthe-et-Moselle,Grand Est,Pompey,pompey,54340,4836,8,589.0,48.774,6.109
2298,33,Gironde,Nouvelle-Aquitaine,Castelnau-de-Médoc,castelnau-de-medoc,33480,4829,24,202.0,45.0033,-0.8162
2299,44,Loire-Atlantique,Pays de la Loire,Vair-sur-Loire,vair-sur-loire,44150,4828,37,129.0,47.4019,-1.1095
2300,94,Val-de-Marne,Île-de-France,Mandres-les-Roses,mandres-les-roses,94520,4825,3,1432.0,48.7068,2.5477
2301,89,Yonne,Bourgogne-Franche-Comté,Paron,paron,89100,4824,11,458.0,48.1857,3.2355
2302,65,Hautes-Pyrénées,Occitanie,Vic-en-Bigorre,vic-en-bigorre,65500,4822,32,151.0,43.3926,0.0481
2303,77,Seine-et-Marne,Île-de-France,La Ferté-Gaucher,la-ferte-gaucher,77320,4820,17,277.0,48.7914,3.3047
2304,42,Loire,Auvergne-Rhône-Alpes,Lorette,lorette,42420,4817,3,1417.0,45.5088,4.5819
2305,09,Ariège,Occitanie,Saverdun,saverdun,09700,4815,62,78.0,43.227,1.5745
2306,91,Essonne,Île-de-France,Le Coudray-Montceaux,le-coudray-montceaux,91830,4814,11,421.0,48.5605,2.4926
2307,13,Bouches-du-Rhône,Provence-Alpes-Côte d'Azur,Ceyreste,ceyreste,13600,4813,23,208.0,43.2215,5.6354
2308,56,Morbihan,Bretagne,Nivillac,nivillac,56130,4810,56,86.0,47.5404,-2.2527
2309,63,Puy-de-Dôme,Auvergne-Rhône-Alpes,Billom,billom,63160,4808,17,286.0,45.726,3.3232
2310,72,Sarthe,Pays de la Loire,Écommoy,ecommoy,72220,4808,29,167.0,47.8232,0.2875
2311,01,Ain,Auvergne-Rhône-Alpes,Plateau d'Hauteville,plateau-d-hauteville,01110,4807,51,95.0,45.9305,5.5775
2312,89,Yonne,Bourgogne-Franche-Comté,Charny Orée de Puisaye,charny-oree-de-puisaye,89120,4807,19,256.0,47.8786,3.1073
2313,38,Isère,Auvergne-Rhône-Alpes,La Côte-Saint-André,la-cote-saint-andre,38260,4806,28,171.0,45.3844,5.2586
2314,26,Drôme,Auvergne-Rhône-Alpes,Die,die,26150,4803,57,84.0,44.7515,5.3878
2315,33,Gironde,Nouvelle-Aquitaine,Bazas,bazas,33430,4799,37,128.0,44.4409,-0.2177
2316,79,Deux-Sèvres,Nouvelle-Aquitaine,Cerizay,cerizay,79140,4797,19,254.0,46.8206,-0.6693
2317,88,Vosges,Grand Est,Vittel,vittel,88800,4793,24,198.0,48.2062,5.9552
2318,07,Ardèche,Auvergne-Rhône-Alpes,La Voulte-sur-Rhône,la-voulte-sur-rhone,07800,4791,10,482.0,44.7996,4.7829
2319,13,Bouches-du-Rhône,Provence-Alpes-Côte d'Azur,Graveson,graveson,13690,4791,24,201.0,43.8532,4.7686
2320,69,Rhône,Auvergne-Rhône-Alpes,Limas,limas,69400,4790,6,860.0,45.9717,4.7196
2321,21,Côte-d'Or,Bourgogne-Franche-Comté,Montbard,montbard,21500,4788,46,103.0,47.6587,4.3443
2322,67,Bas-Rhin,Grand Est,Soufflenheim,soufflenheim,67620,4788,13,359.0,48.8097,7.9587
2323,62,Pas-de-Calais,Hauts-de-France,Vitry-en-Artois,vitry-en-artois,62490,4787,19,255.0,50.3251,2.9813
2324,60,Oise,Hauts-de-France,Bornel,bornel,60540,4785,12,384.0,49.2089,2.1915
2325,66,Pyrénées-Orientales,Occitanie,Sainte-Marie-la-Mer,sainte-marie-la-mer,66470,4784,10,461.0,42.7262,3.0168
2326,51,Marne,Grand Est,Sézanne,sezanne,51120,4783,23,210.0,48.724,3.7244
2327,88,Vosges,Grand Est,Mirecourt,mirecourt,88500,4782,12,393.0,48.2937,6.1187
2328,31,Haute-Garonne,Occitanie,Cazères,cazeres,31220,4781,20,241.0,43.2155,1.1005
2329,76,Seine-Maritime,Normandie,Le Trait,le-trait,76580,4780,18,270.0,49.4813,0.8206
2330,77,Seine-et-Marne,Île-de-France,Crécy-la-Chapelle,crecy-la-chapelle,77580,4779,15,310.0,48.8583,2.9246
2331,81,Tarn,Occitanie,Lisle-sur-Tarn,lisle-sur-tarn,81310,4775,86,56.0,43.8897,1.7775
2332,42,Loire,Auvergne-Rhône-Alpes,Saint-Paul-en-Jarez,saint-paul-en-jarez,42740,4771,20,241.0,45.4716,4.588
2333,60,Oise,Hauts-de-France,Laigneville,laigneville,60290,4767,9,559.0,49.2974,2.4328
2334,86,Vienne,Nouvelle-Aquitaine,Chasseneuil-du-Poitou,chasseneuil-du-poitou,86360,4767,18,272.0,46.6476,0.356
2335,59,Nord,Hauts-de-France,Sequedin,sequedin,59320,4762,4,1199.0,50.6252,2.9887
2336,30,Gard,Occitanie,Uchaud,uchaud,30620,4761,9,545.0,43.7596,4.2675
2337,06,Alpes-Maritimes,Provence-Alpes-Côte d'Azur,Tourrette-Levens,tourrette-levens,06690,4760,16,289.0,43.7882,7.275
2338,01,Ain,Auvergne-Rhône-Alpes,Dagneux,dagneux,01120,4753,7,696.0,45.854,5.0748
2339,10,Aube,Grand Est,Bar-sur-Aube,bar-sur-aube,10200,4753,16,299.0,48.233,4.7166
2340,38,Isère,Auvergne-Rhône-Alpes,Ruy-Montceau,ruy-montceau,38300,4752,21,226.0,45.5881,5.3482
2341,91,Essonne,Île-de-France,Ballainvilliers,ballainvilliers,91160,4752,4,1191.0,48.6718,2.291
2342,29,Finistère,Bretagne,Saint-Martin-des-Champs,saint-martin-des-champs,29600,4750,16,303.0,48.5755,-3.856
2343,10,Aube,Grand Est,Rosières-près-Troyes,rosieres-pres-troyes,10430,4749,6,760.0,48.2636,4.0651
2344,62,Pas-de-Calais,Hauts-de-France,Vermelles,vermelles,62980,4748,10,456.0,50.4875,2.7586
2345,91,Essonne,Île-de-France,Bièvres,bievres,91570,4748,10,490.0,48.7565,2.2079
2346,84,Vaucluse,Provence-Alpes-Côte d'Azur,Robion,robion,84440,4746,18,266.0,43.8429,5.1066
2347,971,Guadeloupe,Guadeloupe,Grand-Bourg,grand-bourg,97112,4741,56,85.0,15.9085,-61.2929
2348,63,Puy-de-Dôme,Auvergne-Rhône-Alpes,Volvic,volvic,63530,4740,28,172.0,45.8647,3.0211
2349,48,Lozère,Occitanie,Marvejols,marvejols,48100,4738,13,372.0,44.5549,3.2878
2350,37,Indre-et-Loire,Centre-Val de Loire,Monnaie,monnaie,37380,4737,39,120.0,47.5031,0.7837
2351,60,Oise,Hauts-de-France,Verneuil-en-Halatte,verneuil-en-halatte,60550,4734,22,213.0,49.2723,2.5347
2352,16,Charente,Nouvelle-Aquitaine,Barbezieux-Saint-Hilaire,barbezieux-saint-hilaire,16300,4732,27,178.0,45.4811,-0.1554
2353,37,Indre-et-Loire,Centre-Val de Loire,Véretz,veretz,37270,4732,13,355.0,47.3497,0.8149
2354,25,Doubs,Bourgogne-Franche-Comté,Mandeure,mandeure,25350,4731,15,311.0,47.4315,6.8125
2355,83,Var,Provence-Alpes-Côte d'Azur,Pignans,pignans,83790,4730,34,137.0,43.2997,6.2625
2356,37,Indre-et-Loire,Centre-Val de Loire,Château-Renault,chateau-renault,37110,4727,4,1343.0,47.5927,0.9066
2357,74,Haute-Savoie,Auvergne-Rhône-Alpes,Cruseilles,cruseilles,74350,4723,25,186.0,46.0425,6.1111
2358,59,Nord,Hauts-de-France,Cysoing,cysoing,59830,4722,14,346.0,50.5632,3.2082
2359,85,Vendée,Pays de la Loire,Venansault,venansault,85190,4720,45,106.0,46.6816,-1.5417
2360,59,Nord,Hauts-de-France,Hallennes-lez-Haubourdin,hallennes-lez-haubourdin,59320,4718,4,1067.0,50.6131,2.9553
2361,37,Indre-et-Loire,Centre-Val de Loire,Montbazon,montbazon,37250,4717,7,725.0,47.2847,0.7046
2362,47,Lot-et-Garonne,Nouvelle-Aquitaine,Fumel,fumel,47500,4717,23,207.0,44.5122,0.9799
2363,68,Haut-Rhin,Grand Est,Ingersheim,ingersheim,68040,4711,7,637.0,48.102,7.3087
2364,44,Loire-Atlantique,Pays de la Loire,La Haie-Fouassière,la-haie-fouassiere,44690,4710,12,398.0,47.1612,-1.4033
2365,38,Isère,Auvergne-Rhône-Alpes,Heyrieux,heyrieux,38540,4707,14,339.0,45.6275,5.0579
2366,68,Haut-Rhin,Grand Est,Munster,munster,68140,4707,9,535.0,48.0463,7.1328
2367,44,Loire-Atlantique,Pays de la Loire,Mésanger,mesanger,44522,4704,50,93.0,47.4307,-1.2324
2368,44,Loire-Atlantique,Pays de la Loire,Legé,lege,44650,4701,62,76.0,46.9026,-1.5713
2369,31,Haute-Garonne,Occitanie,Gratentour,gratentour,31150,4699,4,1163.0,43.7206,1.4333
2370,87,Haute-Vienne,Nouvelle-Aquitaine,Rilhac-Rancon,rilhac-rancon,87570,4694,18,267.0,45.9082,1.3347
2371,31,Haute-Garonne,Occitanie,Bouloc,bouloc,31620,4692,19,250.0,43.7958,1.4192
2372,35,Ille-et-Vilaine,Bretagne,L'Hermitage,l-hermitage,35590,4692,7,682.0,48.1226,-1.8153
2373,01,Ain,Auvergne-Rhône-Alpes,Ornex,ornex,01210,4690,6,829.0,46.2779,6.0953
2374,27,Eure,Normandie,Beuzeville,beuzeville,27210,4689,23,201.0,49.3407,0.3387
2375,94,Val-de-Marne,Île-de-France,Marolles-en-Brie,marolles-en-brie,94440,4689,5,1026.0,48.7385,2.5539
2376,56,Morbihan,Bretagne,Quiberon,quiberon,56170,4688,9,510.0,47.4848,-3.109
2377,33,Gironde,Nouvelle-Aquitaine,Sadirac,sadirac,33670,4687,19,247.0,44.787,-0.3925
2378,38,Isère,Auvergne-Rhône-Alpes,Saint-Jean-de-Bournay,saint-jean-de-bournay,38440,4687,27,175.0,45.4964,5.145
2379,34,Hérault,Occitanie,Teyran,teyran,34820,4685,10,461.0,43.688,3.9258
2380,57,Moselle,Grand Est,Phalsbourg,phalsbourg,57370,4683,13,355.0,48.7673,7.2636
2381,68,Haut-Rhin,Grand Est,Ribeauvillé,ribeauville,68150,4682,32,146.0,48.2056,7.2942
2382,59,Nord,Hauts-de-France,Montigny-en-Ostrevent,montigny-en-ostrevent,59182,4681,5,859.0,50.3685,3.1833
2383,66,Pyrénées-Orientales,Occitanie,Claira,claira,66530,4681,19,241.0,42.7626,2.9458
2384,76,Seine-Maritime,Normandie,Neufchâtel-en-Bray,neufchatel-en-bray,76270,4680,11,428.0,49.742,1.4488
2385,24,Dordogne,Nouvelle-Aquitaine,Sanilhac,sanilhac,24660,4674,27,176.0,45.1079,0.7435
2386,62,Pas-de-Calais,Hauts-de-France,Évin-Malmaison,evin-malmaison,62141,4674,5,1027.0,50.4346,3.0309
2387,78,Yvelines,Île-de-France,L'Étang-la-Ville,l-etang-la-ville,78620,4673,5,873.0,48.8673,2.0586
2388,58,Nièvre,Bourgogne-Franche-Comté,La Charité-sur-Loire,la-charite-sur-loire,58400,4672,16,296.0,47.183,3.0291
2389,34,Hérault,Occitanie,Maraussan,maraussan,34370,4671,12,376.0,43.3733,3.154
2390,66,Pyrénées-Orientales,Occitanie,Banyuls-sur-Mer,banyuls-sur-mer,66650,4671,43,108.0,42.4602,3.1014
2391,71,Saône-et-Loire,Bourgogne-Franche-Comté,Bourbon-Lancy,bourbon-lancy,71140,4663,56,83.0,46.6184,3.7623
2392,31,Haute-Garonne,Occitanie,Pechbonnieu,pechbonnieu,31140,4662,8,621.0,43.7111,1.4561
2393,45,Loiret,Centre-Val de Loire,Jargeau,jargeau,45150,4662,15,319.0,47.8517,2.1088
2394,79,Deux-Sèvres,Nouvelle-Aquitaine,Aigondigné,aigondigne,79370,4660,21,218.0,46.2844,-0.2723
2395,54,Meurthe-et-Moselle,Grand Est,Dieulouard,dieulouard,54380,4658,18,258.0,48.8324,6.0568
2396,59,Nord,Hauts-de-France,Guesnain,guesnain,59287,4656,4,1150.0,50.3486,3.148
2397,42,Loire,Auvergne-Rhône-Alpes,La Fouillouse,la-fouillouse,42480,4655,21,221.0,45.4995,4.3198
2398,29,Finistère,Bretagne,Clohars-Carnoët,clohars-carnoet,29360,4651,35,133.0,47.7981,-3.5682
2399,57,Moselle,Grand Est,Ars-sur-Moselle,ars-sur-moselle,57130,4651,12,403.0,49.0853,6.0483
2400,29,Finistère,Bretagne,Milizac-Guipronvel,milizac-guipronvel,29290,4649,8,550.0,48.4707,-4.5639
2401,62,Pas-de-Calais,Hauts-de-France,Samer,samer,62830,4649,17,275.0,50.6328,1.7541
2402,54,Meurthe-et-Moselle,Grand Est,Blénod-lès-Pont-à-Mousson,blenod-les-pont-a-mousson,54700,4645,10,477.0,48.8746,6.0635
2403,69,Rhône,Auvergne-Rhône-Alpes,Soucieu-en-Jarrest,soucieu-en-jarrest,69510,4645,14,327.0,45.677,4.6907
2404,56,Morbihan,Bretagne,Baden,baden,56870,4642,23,200.0,47.6061,-2.9036
2405,80,Somme,Hauts-de-France,Villers-Bretonneux,villers-bretonneux,80800,4640,15,320.0,49.8627,2.5183
2406,49,Maine-et-Loire,Pays de la Loire,Les Garennes sur Loire,les-garennes-sur-loire,49320,4631,13,370.0,47.3851,-0.4727
2407,67,Bas-Rhin,Grand Est,Herrlisheim,herrlisheim,67850,4631,14,323.0,48.7339,7.9113
2408,56,Morbihan,Bretagne,Locminé,locmine,56500,4626,5,950.0,47.8803,-2.8384
2409,59,Nord,Hauts-de-France,Auberchicourt,auberchicourt,59165,4626,7,658.0,50.3308,3.227
2410,12,Aveyron,Occitanie,Espalion,espalion,12500,4624,37,126.0,44.5191,2.7624
2411,62,Pas-de-Calais,Hauts-de-France,Auchy-les-Mines,auchy-les-mines,62138,4623,5,903.0,50.5041,2.7812
2412,14,Calvados,Normandie,Trouville-sur-Mer,trouville-sur-mer,14360,4622,7,670.0,49.3726,0.1034
2413,95,Val-d'Oise,Île-de-France,La Frette-sur-Seine,la-frette-sur-seine,95530,4621,2,2288.0,48.9728,2.1759
2414,40,Landes,Nouvelle-Aquitaine,Hagetmau,hagetmau,40700,4620,28,163.0,43.6498,-0.5866
2415,44,Loire-Atlantique,Pays de la Loire,Saint-Père-en-Retz,saint-pere-en-retz,44320,4620,64,72.0,47.2379,-2.0714
2416,57,Moselle,Grand Est,Le Ban-Saint-Martin,le-ban-saint-martin,57050,4617,2,2941.0,49.1232,6.1434
2417,30,Gard,Occitanie,Saint-Hilaire-de-Brethmas,saint-hilaire-de-brethmas,30560,4616,14,330.0,44.0941,4.1229
2418,94,Val-de-Marne,Île-de-France,Noiseau,noiseau,94880,4610,5,1007.0,48.7757,2.556
2419,60,Oise,Hauts-de-France,Saint-Leu-d'Esserent,saint-leu-d-esserent,60340,4606,13,349.0,49.2247,2.4061
2420,69,Rhône,Auvergne-Rhône-Alpes,Charly,charly,69390,4606,5,896.0,45.6527,4.7871
2421,35,Ille-et-Vilaine,Bretagne,La Chapelle-des-Fougeretz,la-chapelle-des-fougeretz,35520,4604,9,532.0,48.1774,-1.7374
2422,30,Gard,Occitanie,Saint-Martin-de-Valgalgues,saint-martin-de-valgalgues,30520,4603,13,345.0,44.1648,4.0797
2423,35,Ille-et-Vilaine,Bretagne,Saint-Méen-le-Grand,saint-meen-le-grand,35290,4603,19,249.0,48.1923,-2.1903
2424,62,Pas-de-Calais,Hauts-de-France,Saint-Nicolas,saint-nicolas,62223,4603,3,1457.0,50.3097,2.7852
2425,91,Essonne,Île-de-France,Milly-la-Forêt,milly-la-foret,91490,4603,34,137.0,48.3966,2.4771
2426,74,Haute-Savoie,Auvergne-Rhône-Alpes,Viuz-en-Sallaz,viuz-en-sallaz,74250,4600,21,220.0,46.1654,6.4078
2427,69,Rhône,Auvergne-Rhône-Alpes,Saint-Pierre-de-Chandieu,saint-pierre-de-chandieu,69780,4598,29,158.0,45.6471,5.0085
2428,22,Côtes-d'Armor,Bretagne,Plouha,plouha,22580,4596,41,111.0,48.6855,-2.9335
2429,13,Bouches-du-Rhône,Provence-Alpes-Côte d'Azur,Cabannes,cabannes,13440,4595,15,297.0,43.8596,4.9592
2430,76,Seine-Maritime,Normandie,Montville,montville,76710,4595,11,426.0,49.5478,1.0787
2431,90,Territoire de Belfort,Bourgogne-Franche-Comté,Bavilliers,bavilliers,90800,4595,5,971.0,47.6214,6.8275
2432,83,Var,Provence-Alpes-Côte d'Azur,Le Cannet-des-Maures,le-cannet-des-maures,83340,4592,74,62.0,43.3695,6.3703
2433,35,Ille-et-Vilaine,Bretagne,Saint-Méloir-des-Ondes,saint-meloir-des-ondes,35350,4591,29,159.0,48.639,-1.9053
2434,81,Tarn,Occitanie,Lescure-d'Albigeois,lescure-d-albigeois,81380,4589,15,316.0,43.9631,2.1846
2435,95,Val-d'Oise,Île-de-France,Le Thillay,le-thillay,95500,4589,4,1159.0,49.003,2.4673
2436,13,Bouches-du-Rhône,Provence-Alpes-Côte d'Azur,Rognes,rognes,13840,4586,58,79.0,43.6672,5.3546
2437,35,Ille-et-Vilaine,Bretagne,Iffendic,iffendic,35750,4585,75,61.0,48.1204,-2.0448
2438,91,Essonne,Île-de-France,Villiers-sur-Orge,villiers-sur-orge,91700,4584,2,2575.0,48.6601,2.2995
2439,40,Landes,Nouvelle-Aquitaine,Sanguinet,sanguinet,40460,4582,100,46.0,44.4776,-1.0903
2440,35,Ille-et-Vilaine,Bretagne,Bourgbarré,bourgbarre,35230,4580,15,310.0,47.9833,-1.6236
2441,73,Savoie,Auvergne-Rhône-Alpes,Grésy-sur-Aix,gresy-sur-aix,73100,4571,13,361.0,45.7259,5.936
2442,41,Loir-et-Cher,Centre-Val de Loire,Lamotte-Beuvron,lamotte-beuvron,41600,4565,23,195.0,47.6043,2.0265
2443,67,Bas-Rhin,Grand Est,Hœrdt,hoerdt,67720,4565,16,277.0,48.6908,7.7855
2444,35,Ille-et-Vilaine,Bretagne,La Bouëxière,la-bouexiere,35340,4563,50,92.0,48.1747,-1.433
2445,72,Sarthe,Pays de la Loire,La Suze-sur-Sarthe,la-suze-sur-sarthe,72210,4563,21,213.0,47.8766,0.0243
2446,88,Vosges,Grand Est,Charmes,charmes,88130,4557,24,192.0,48.383,6.3225
2447,14,Calvados,Normandie,Les Monts d'Aunay,les-monts-d-aunay,14770,4554,13,351.0,48.9908,-0.6545
2448,972,Martinique,Martinique,Le Morne-Rouge,le-morne-rouge,97260,4551,38,121.0,14.7695,-61.1217
2449,11,Aude,Occitanie,Leucate,leucate,11370,4550,48,95.0,42.9076,3.0232
2450,35,Ille-et-Vilaine,Bretagne,Argentré-du-Plessis,argentre-du-plessis,35370,4549,41,111.0,48.0505,-1.1395
2451,64,Pyrénées-Atlantiques,Nouvelle-Aquitaine,Bizanos,bizanos,64320,4548,4,1031.0,43.2951,-0.3363
2452,84,Vaucluse,Provence-Alpes-Côte d'Azur,Camaret-sur-Aigues,camaret-sur-aigues,84850,4547,18,248.0,44.1551,4.8911
2453,43,Haute-Loire,Auvergne-Rhône-Alpes,Bas-en-Basset,bas-en-basset,43210,4546,47,97.0,45.3168,4.1076
2454,64,Pyrénées-Atlantiques,Nouvelle-Aquitaine,Salies-de-Béarn,salies-de-bearn,64270,4545,52,87.0,43.4683,-0.9158
2455,22,Côtes-d'Armor,Bretagne,Plaintel,plaintel,22940,4540,27,165.0,48.4054,-2.8072
2456,35,Ille-et-Vilaine,Bretagne,Retiers,retiers,35240,4540,42,108.0,47.9093,-1.3512
2457,59,Nord,Hauts-de-France,Marchiennes,marchiennes,59870,4539,22,211.0,50.4128,3.2482
2458,02,Aisne,Hauts-de-France,Guise,guise,02120,4533,16,278.0,49.8973,3.6229
2459,33,Gironde,Nouvelle-Aquitaine,Macau,macau,33460,4527,21,220.0,45.0112,-0.6086
2460,83,Var,Provence-Alpes-Côte d'Azur,Grimaud,grimaud,83310,4527,45,101.0,43.2822,6.5097
2461,47,Lot-et-Garonne,Nouvelle-Aquitaine,Casteljaloux,casteljaloux,47700,4521,31,147.0,44.3103,0.0894
2462,62,Pas-de-Calais,Hauts-de-France,Annay,annay,62880,4517,4,1048.0,50.4606,2.8849
2463,69,Rhône,Auvergne-Rhône-Alpes,Collonges-au-Mont-d'Or,collonges-au-mont-d-or,69660,4517,4,1186.0,45.8188,4.8425
2464,59,Nord,Hauts-de-France,Crespin,crespin,59154,4515,10,453.0,50.4211,3.6507
2465,68,Haut-Rhin,Grand Est,Village-Neuf,village-neuf,68128,4513,7,664.0,47.6118,7.5693
2466,29,Finistère,Bretagne,Plourin-lès-Morlaix,plourin-les-morlaix,29600,4510,42,106.0,48.5262,-3.7977
2467,35,Ille-et-Vilaine,Bretagne,Bédée,bedee,35137,4509,39,114.0,48.185,-1.9534
2468,06,Alpes-Maritimes,Provence-Alpes-Côte d'Azur,Cap-d'Ail,cap-d-ail,06320,4508,2,2049.0,43.7256,7.4008
2469,69,Rhône,Auvergne-Rhône-Alpes,Communay,communay,69360,4508,10,434.0,45.5977,4.8359
2470,38,Isère,Auvergne-Rhône-Alpes,Salaise-sur-Sanne,salaise-sur-sanne,38150,4505,16,278.0,45.3432,4.8028
2471,57,Moselle,Grand Est,Sainte-Marie-aux-Chênes,sainte-marie-aux-chenes,57255,4505,10,444.0,49.1886,6.0086
2472,973,Guyane,Guyane,Saint-Georges,saint-georges,97313,4505,2828,2.0,3.8078,-52.075
2473,36,Indre,Centre-Val de Loire,Buzançais,buzancais,36500,4504,58,77.0,46.8833,1.421
2474,17,Charente-Maritime,Nouvelle-Aquitaine,Marans,marans,17230,4500,84,54.0,46.3139,-0.9891
2475,28,Eure-et-Loir,Centre-Val de Loire,Maintenon,maintenon,28130,4499,12,391.0,48.5828,1.5815
2476,972,Martinique,Martinique,Case-Pilote,case-pilote,97222,4499,19,242.0,14.6594,-61.1297
2477,41,Loir-et-Cher,Centre-Val de Loire,La Chaussée-Saint-Victor,la-chaussee-saint-victor,41260,4497,7,668.0,47.6097,1.3599
2478,34,Hérault,Occitanie,Lunel-Viel,lunel-viel,34400,4488,12,370.0,43.6803,4.0821
2479,38,Isère,Auvergne-Rhône-Alpes,Saint-Laurent-du-Pont,saint-laurent-du-pont,38380,4488,35,127.0,45.3812,5.7307
2480,83,Var,Provence-Alpes-Côte d'Azur,Puget-Ville,puget-ville,83390,4488,37,120.0,43.2809,6.1646
2481,49,Maine-et-Loire,Pays de la Loire,Tiercé,tierce,49125,4487,34,132.0,47.6254,-0.4449
2482,80,Somme,Hauts-de-France,Friville-Escarbotin,friville-escarbotin,80130,4486,9,507.0,50.0868,1.5451
2483,85,Vendée,Pays de la Loire,Noirmoutier-en-l'Île,noirmoutier-en-l-ile,85330,4485,20,225.0,47.0164,-2.2891
2484,66,Pyrénées-Orientales,Occitanie,Bages,bages,66670,4482,12,372.0,42.6075,2.8893
2485,91,Essonne,Île-de-France,Nozay,nozay,91620,4482,7,608.0,48.6594,2.2366
2486,62,Pas-de-Calais,Hauts-de-France,Biache-Saint-Vaast,biache-saint-vaast,62118,4481,9,480.0,50.3114,2.9418
2487,17,Charente-Maritime,Nouvelle-Aquitaine,Aigrefeuille-d'Aunis,aigrefeuille-d-aunis,17290,4479,17,262.0,46.1199,-0.9491
2488,44,Loire-Atlantique,Pays de la Loire,La Plaine-sur-Mer,la-plaine-sur-mer,44770,4478,16,273.0,47.144,-2.1813
2489,972,Martinique,Martinique,Sainte-Anne,sainte-anne,97227,4478,41,110.0,14.4314,-60.8516
2490,49,Maine-et-Loire,Pays de la Loire,Écouflant,ecouflant,49000,4475,18,255.0,47.524,-0.519
2491,67,Bas-Rhin,Grand Est,Plobsheim,plobsheim,67115,4473,17,269.0,48.4592,7.7328
2492,16,Charente,Nouvelle-Aquitaine,Jarnac,jarnac,16200,4470,12,374.0,45.6877,-0.1694
2493,33,Gironde,Nouvelle-Aquitaine,La Brède,la-brede,33650,4469,23,193.0,44.6777,-0.5396
2494,59,Nord,Hauts-de-France,Provin,provin,59185,4469,3,1342.0,50.5158,2.9107
2495,11,Aude,Occitanie,Villemoustaussou,villemoustaussou,11620,4468,13,352.0,43.2491,2.3712
2496,86,Vienne,Nouvelle-Aquitaine,Vivonne,vivonne,86370,4468,42,107.0,46.4193,0.2499
2497,69,Rhône,Auvergne-Rhône-Alpes,Chaponnay,chaponnay,69970,4465,19,236.0,45.6315,4.9584
2498,64,Pyrénées-Atlantiques,Nouvelle-Aquitaine,Ascain,ascain,64310,4464,19,230.0,43.3383,-1.6283
2499,59,Nord,Hauts-de-France,Hergnies,hergnies,59199,4463,11,414.0,50.4786,3.5278
2500,69,Rhône,Auvergne-Rhône-Alpes,Saint-Georges-de-Reneins,saint-georges-de-reneins,69830,4461,27,163.0,46.0587,4.7164
2501,80,Somme,Hauts-de-France,Ham,ham,80400,4459,10,456.0,49.7529,3.0699
2502,85,Vendée,Pays de la Loire,Dompierre-sur-Yon,dompierre-sur-yon,85170,4457,34,131.0,46.7636,-1.3773
2503,60,Oise,Hauts-de-France,Thourotte,thourotte,60150,4456,4,1027.0,49.4789,2.8803
2504,38,Isère,Auvergne-Rhône-Alpes,Morestel,morestel,38510,4454,8,555.0,45.6812,5.4716
2505,27,Eure,Normandie,Mesnil-en-Ouche,mesnil-en-ouche,27330,4452,13,352.0,48.9869,0.6701
2506,31,Haute-Garonne,Occitanie,Castelmaurou,castelmaurou,31180,4448,17,262.0,43.6863,1.5289
2507,54,Meurthe-et-Moselle,Grand Est,Écrouves,ecrouves,54200,4442,10,424.0,48.6835,5.846
2508,50,Manche,Normandie,Torigny-les-Villes,torigny-les-villes,50160,4439,3,1451.0,48.9961,-0.974
2509,56,Morbihan,Bretagne,Pluméliau-Bieuzy,plumeliau-bieuzy,56310,4438,69,65.0,47.9726,-2.9896
2510,17,Charente-Maritime,Nouvelle-Aquitaine,La Tremblade,la-tremblade,17390,4436,64,69.0,45.7481,-1.1749
2511,34,Hérault,Occitanie,Montagnac,montagnac,34530,4436,40,111.0,43.4709,3.5067
2512,76,Seine-Maritime,Normandie,Saint-Romain-de-Colbosc,saint-romain-de-colbosc,76430,4436,12,377.0,49.5287,0.3652
2513,24,Dordogne,Nouvelle-Aquitaine,Chancelade,chancelade,24650,4435,17,262.0,45.2107,0.6539
2514,38,Isère,Auvergne-Rhône-Alpes,Vinay,vinay,38470,4435,16,277.0,45.2144,5.4078
2515,53,Mayenne,Pays de la Loire,Craon,craon,53400,4435,24,183.0,47.8431,-0.9396
2516,53,Mayenne,Pays de la Loire,L'Huisserie,l-huisserie,53970,4435,15,293.0,48.0147,-0.7704
2517,62,Pas-de-Calais,Hauts-de-France,Haisnes,haisnes,62138,4427,6,786.0,50.5007,2.7948
2518,64,Pyrénées-Atlantiques,Nouvelle-Aquitaine,Monein,monein,64360,4426,81,55.0,43.2905,-0.5628
2519,76,Seine-Maritime,Normandie,Le Tréport,le-treport,76470,4424,7,641.0,50.052,1.3759
2520,25,Doubs,Bourgogne-Franche-Comté,Ornans,ornans,25290,4422,33,135.0,47.1,6.1534
2521,27,Eure,Normandie,Saint-Marcel,saint-marcel,27950,4422,10,442.0,49.0927,1.4395
2522,35,Ille-et-Vilaine,Bretagne,Mesnil-Roc'h,mesnil-roc-h,35720,4422,30,148.0,48.4639,-1.876
2523,73,Savoie,Auvergne-Rhône-Alpes,Aime-la-Plagne,aime-la-plagne,73210,4421,51,87.0,45.5661,6.6119
2524,85,Vendée,Pays de la Loire,Soullans,soullans,85300,4416,41,107.0,46.7921,-1.9086
2525,35,Ille-et-Vilaine,Bretagne,Chavagne,chavagne,35310,4415,12,353.0,48.0563,-1.7879
2526,77,Seine-et-Marne,Île-de-France,Guignes,guignes,77390,4414,6,770.0,48.6364,2.8024
2527,80,Somme,Hauts-de-France,Camon,camon,80450,4414,13,336.0,49.9032,2.3607
2528,29,Finistère,Bretagne,Plougonvelin,plougonvelin,29217,4410,19,232.0,48.3533,-4.7252
2529,33,Gironde,Nouvelle-Aquitaine,Pineuilh,pineuilh,33220,4409,17,256.0,44.8242,0.2284
2530,12,Aveyron,Occitanie,Capdenac-Gare,capdenac-gare,12700,4407,20,218.0,44.5604,2.0661
2531,91,Essonne,Île-de-France,Morigny-Champigny,morigny-champigny,91150,4405,31,142.0,48.4383,2.2025
2532,13,Bouches-du-Rhône,Provence-Alpes-Côte d'Azur,Jouques,jouques,13490,4404,80,55.0,43.6289,5.6605
2533,63,Puy-de-Dôme,Auvergne-Rhône-Alpes,Royat,royat,63130,4403,7,660.0,45.7573,3.0431
2534,68,Haut-Rhin,Grand Est,Kaysersberg Vignoble,kaysersberg-vignoble,68240,4401,25,176.0,48.1547,7.276
2535,62,Pas-de-Calais,Hauts-de-France,Ardres,ardres,62610,4398,14,319.0,50.8772,1.9827
2536,33,Gironde,Nouvelle-Aquitaine,La Réole,la-reole,33190,4396,13,349.0,44.5869,-0.0447
2537,91,Essonne,Île-de-France,Angerville,angerville,91670,4395,26,170.0,48.3116,2.0057
2538,57,Moselle,Grand Est,Nilvange,nilvange,57240,4394,3,1553.0,49.3453,6.0498
2539,13,Bouches-du-Rhône,Provence-Alpes-Côte d'Azur,Gréasque,greasque,13850,4392,6,706.0,43.4252,5.547
2540,57,Moselle,Grand Est,Sarralbe,sarralbe,57430,4392,27,161.0,48.9987,7.0144
2541,67,Bas-Rhin,Grand Est,Truchtersheim,truchtersheim,67370,4389,10,434.0,48.6584,7.6293
2542,03,Allier,Auvergne-Rhône-Alpes,Désertines,desertines,03630,4387,8,531.0,46.3571,2.6253
2543,44,Loire-Atlantique,Pays de la Loire,La Chapelle-des-Marais,la-chapelle-des-marais,44410,4386,18,246.0,47.4362,-2.2477
2544,62,Pas-de-Calais,Hauts-de-France,Rang-du-Fliers,rang-du-fliers,62180,4386,11,411.0,50.4209,1.6454
2545,59,Nord,Hauts-de-France,Bray-Dunes,bray-dunes,59123,4380,8,518.0,51.0747,2.5267
2546,78,Yvelines,Île-de-France,Coignières,coignieres,78310,4377,8,544.0,48.7506,1.9178
2547,64,Pyrénées-Atlantiques,Nouvelle-Aquitaine,Serres-Castet,serres-castet,64121,4376,14,317.0,43.3785,-0.3648
2548,67,Bas-Rhin,Grand Est,Reichstett,reichstett,67116,4376,8,557.0,48.651,7.7565
2549,86,Vienne,Nouvelle-Aquitaine,Valence-en-Poitou,valence-en-poitou,86700,4368,9,480.0,46.3169,0.2126
2550,24,Dordogne,Nouvelle-Aquitaine,Bassillac et Auberoche,bassillac-et-auberoche,24330,4363,19,232.0,45.1577,0.88
2551,42,Loire,Auvergne-Rhône-Alpes,Bonson,bonson,42160,4363,5,837.0,45.5226,4.2245
2552,64,Pyrénées-Atlantiques,Nouvelle-Aquitaine,Morlaàs,morlaas,64160,4360,13,328.0,43.3354,-0.2725
2553,67,Bas-Rhin,Grand Est,Niederbronn-les-Bains,niederbronn-les-bains,67110,4360,32,136.0,48.9544,7.6398
2554,30,Gard,Occitanie,Rousson,rousson,30340,4359,33,132.0,44.1956,4.1526
2555,31,Haute-Garonne,Occitanie,Pins-Justaret,pins-justaret,31860,4356,4,972.0,43.4825,1.3914
2556,95,Val-d'Oise,Île-de-France,Bruyères-sur-Oise,bruyeres-sur-oise,95820,4356,9,489.0,49.1643,2.3342
2557,04,Alpes-de-Haute-Provence,Provence-Alpes-Côte d'Azur,Villeneuve,villeneuve,04180,4355,26,171.0,43.8848,5.8509
2558,13,Bouches-du-Rhône,Provence-Alpes-Côte d'Azur,Eyragues,eyragues,13630,4355,21,209.0,43.8414,4.8423
2559,53,Mayenne,Pays de la Loire,Louverné,louverne,53950,4355,21,210.0,48.1256,-0.7119
2560,78,Yvelines,Île-de-France,Maurecourt,maurecourt,78780,4355,4,1174.0,48.9994,2.0479
2561,83,Var,Provence-Alpes-Côte d'Azur,Flayosc,flayosc,83780,4354,46,94.0,43.5441,6.3577
2562,69,Rhône,Auvergne-Rhône-Alpes,Cours,cours,69470,4352,19,224.0,46.0968,4.3445
2563,30,Gard,Occitanie,Caveirac,caveirac,30820,4351,15,282.0,43.8344,4.2723
2564,69,Rhône,Auvergne-Rhône-Alpes,Millery,millery,69390,4350,9,482.0,45.6307,4.781
2565,35,Ille-et-Vilaine,Bretagne,La Guerche-de-Bretagne,la-guerche-de-bretagne,35130,4347,12,372.0,47.9448,-1.2396
2566,84,Vaucluse,Provence-Alpes-Côte d'Azur,La Tour-d'Aigues,la-tour-d-aigues,84240,4346,41,105.0,43.7128,5.5682
2567,41,Loir-et-Cher,Centre-Val de Loire,Selles-sur-Cher,selles-sur-cher,41130,4342,26,170.0,47.2778,1.5628
2568,83,Var,Provence-Alpes-Côte d'Azur,Gonfaron,gonfaron,83590,4342,42,104.0,43.3149,6.2978
2569,35,Ille-et-Vilaine,Bretagne,Pont-Péan,pont-pean,35131,4335,9,495.0,48.0114,-1.6975
2570,37,Indre-et-Loire,Centre-Val de Loire,Langeais,langeais,37130,4335,60,72.0,47.3477,0.3632
2571,21,Côte-d'Or,Bourgogne-Franche-Comté,Is-sur-Tille,is-sur-tille,21120,4334,23,193.0,47.5252,5.1136
2572,50,Manche,Normandie,Pontorson,pontorson,50170,4334,43,100.0,48.5612,-1.462
2573,45,Loiret,Centre-Val de Loire,Ormes,ormes,45140,4333,18,238.0,47.946,1.8085
2574,83,Var,Provence-Alpes-Côte d'Azur,Vinon-sur-Verdon,vinon-sur-verdon,83560,4333,36,120.0,43.7214,5.8017
2575,87,Haute-Vienne,Nouvelle-Aquitaine,Saint-Léonard-de-Noblat,saint-leonard-de-noblat,87400,4332,55,78.0,45.8446,1.499
2576,59,Nord,Hauts-de-France,Steenvoorde,steenvoorde,59114,4324,30,143.0,50.8225,2.5762
2577,91,Essonne,Île-de-France,Saclay,saclay,91400,4323,14,316.0,48.7367,2.1693
2578,15,Cantal,Auvergne-Rhône-Alpes,Ytrac,ytrac,15130,4322,38,113.0,44.9125,2.3575
2579,38,Isère,Auvergne-Rhône-Alpes,Villard-de-Lans,villard-de-lans,38250,4322,67,65.0,45.051,5.5392
2580,17,Charente-Maritime,Nouvelle-Aquitaine,Le Château-d'Oléron,le-chateau-d-oleron,17480,4319,16,278.0,45.8786,-1.2182
2581,91,Essonne,Île-de-France,Tigery,tigery,91250,4318,9,459.0,48.6459,2.5189
2582,84,Vaucluse,Provence-Alpes-Côte d'Azur,Cheval-Blanc,cheval-blanc,84460,4317,59,74.0,43.7875,5.1204
2583,16,Charente,Nouvelle-Aquitaine,Roullet-Saint-Estèphe,roullet-saint-estephe,16440,4312,42,104.0,45.5776,0.0312
2584,91,Essonne,Île-de-France,La Norville,la-norville,91290,4312,5,939.0,48.583,2.266
2585,35,Ille-et-Vilaine,Bretagne,Miniac-Morvan,miniac-morvan,35540,4311,32,136.0,48.5215,-1.896
2586,35,Ille-et-Vilaine,Bretagne,Goven,goven,35580,4309,40,107.0,48.0143,-1.8414
2587,67,Bas-Rhin,Grand Est,Marckolsheim,marckolsheim,67390,4309,34,127.0,48.1498,7.5633
2588,29,Finistère,Bretagne,Riec-sur-Bélon,riec-sur-belon,29340,4307,54,79.0,47.8511,-3.68
2589,62,Pas-de-Calais,Hauts-de-France,Vimy,vimy,62580,4307,11,376.0,50.3781,2.8125
2590,26,Drôme,Auvergne-Rhône-Alpes,Montélier,montelier,26120,4306,25,176.0,44.9418,5.0201
2591,77,Seine-et-Marne,Île-de-France,Jouarre,jouarre,77640,4304,42,102.0,48.9053,3.1159
2592,91,Essonne,Île-de-France,Leuville-sur-Orge,leuville-sur-orge,91310,4304,2,1729.0,48.6135,2.2695
2593,06,Alpes-Maritimes,Provence-Alpes-Côte d'Azur,Saint-Jeannet,saint-jeannet,06640,4303,15,295.0,43.7619,7.1477
2594,89,Yonne,Bourgogne-Franche-Comté,Tonnerre,tonnerre,89700,4301,59,73.0,47.8403,3.9771
2595,82,Tarn-et-Garonne,Occitanie,Montbeton,montbeton,82290,4299,16,265.0,44.0139,1.2661
2596,31,Haute-Garonne,Occitanie,Roquettes,roquettes,31120,4297,3,1268.0,43.4948,1.3745
2597,71,Saône-et-Loire,Bourgogne-Franche-Comté,Sanvignes-les-Mines,sanvignes-les-mines,71410,4295,36,121.0,46.6651,4.2731
2598,66,Pyrénées-Orientales,Occitanie,Millas,millas,66170,4294,19,221.0,42.6966,2.6865
2599,19,Corrèze,Nouvelle-Aquitaine,Égletons,egletons,19300,4293,17,256.0,45.4245,2.0338
2600,24,Dordogne,Nouvelle-Aquitaine,Prigonrieux,prigonrieux,24130,4292,26,164.0,44.8689,0.407
2601,84,Vaucluse,Provence-Alpes-Côte d'Azur,Cadenet,cadenet,84160,4292,26,166.0,43.7299,5.386
2602,06,Alpes-Maritimes,Provence-Alpes-Côte d'Azur,Gattières,gattieres,06510,4287,10,423.0,43.769,7.1675
2603,27,Eure,Normandie,Breteuil,breteuil,27160,4287,28,155.0,48.8239,0.8901
2604,14,Calvados,Normandie,Noues de Sienne,noues-de-sienne,14380,4285,28,151.0,48.8297,-1.028
2605,54,Meurthe-et-Moselle,Grand Est,Saulxures-lès-Nancy,saulxures-les-nancy,54420,4285,7,591.0,48.686,6.2576
2606,78,Yvelines,Île-de-France,Freneuse,freneuse,78840,4285,10,408.0,49.0489,1.6139
2607,30,Gard,Occitanie,Clarensac,clarensac,30870,4280,15,292.0,43.8357,4.2251
2608,22,Côtes-d'Armor,Bretagne,Hillion,hillion,22120,4274,25,173.0,48.5042,-2.6453
2609,41,Loir-et-Cher,Centre-Val de Loire,Saint-Laurent-Nouan,saint-laurent-nouan,41220,4274,61,70.0,47.7056,1.6332
2610,17,Charente-Maritime,Nouvelle-Aquitaine,Pons,pons,17800,4273,28,154.0,45.5763,-0.5594
2611,69,Rhône,Auvergne-Rhône-Alpes,La Tour-de-Salvagny,la-tour-de-salvagny,69890,4272,8,504.0,45.8086,4.7129
2612,83,Var,Provence-Alpes-Côte d'Azur,Rians,rians,83560,4272,97,44.0,43.6026,5.734
2613,86,Vienne,Nouvelle-Aquitaine,Saint-Georges-lès-Baillargeaux,saint-georges-les-baillargeaux,86130,4271,34,126.0,46.6681,0.4428
2614,66,Pyrénées-Orientales,Occitanie,Villeneuve-de-la-Raho,villeneuve-de-la-raho,66180,4270,12,368.0,42.6402,2.909
2615,83,Var,Provence-Alpes-Côte d'Azur,Le Val,le-val,83143,4270,39,109.0,43.4468,6.0569
2616,27,Eure,Normandie,Le Neubourg,le-neubourg,27110,4268,10,430.0,49.149,0.8903
2617,38,Isère,Auvergne-Rhône-Alpes,Saint-Savin,saint-savin,38300,4264,25,172.0,45.6282,5.3216
2618,77,Seine-et-Marne,Île-de-France,Le Châtelet-en-Brie,le-chatelet-en-brie,77820,4258,23,187.0,48.5014,2.8016
2619,26,Drôme,Auvergne-Rhône-Alpes,Saint-Donat-sur-l'Herbasse,saint-donat-sur-l-herbasse,26260,4255,20,215.0,45.1311,4.9858
2620,50,Manche,Normandie,Agneaux,agneaux,50180,4255,7,650.0,49.1153,-1.1272
2621,19,Corrèze,Nouvelle-Aquitaine,Ussac,ussac,19270,4253,25,170.0,45.1875,1.5119
2622,54,Meurthe-et-Moselle,Grand Est,Herserange,herserange,54440,4253,4,1178.0,49.5187,5.793
2623,20,Corse,Corse,Bastelicaccia,bastelicaccia,20129,4251,18,234.0,41.9327,8.8371
2624,59,Nord,Hauts-de-France,Solesmes,solesmes,59730,4249,23,182.0,50.173,3.5144
2625,69,Rhône,Auvergne-Rhône-Alpes,Chabanière,chabaniere,69440,4249,16,262.0,45.5853,4.6187
2626,20,Corse,Corse,Ghisonaccia,ghisonaccia,20240,4248,76,56.0,42.0454,9.4192
2627,29,Finistère,Bretagne,Combrit,combrit,29120,4247,24,177.0,47.8922,-4.1607
2628,43,Haute-Loire,Auvergne-Rhône-Alpes,Brives-Charensac,brives-charensac,43700,4246,5,900.0,45.0437,3.9222
2629,85,Vendée,Pays de la Loire,Rives de l'Yon,rives-de-l-yon,85310,4245,37,115.0,46.5896,-1.3345
2630,25,Doubs,Bourgogne-Franche-Comté,Maîche,maiche,25120,4244,17,243.0,47.2412,6.7915
2631,31,Haute-Garonne,Occitanie,Labège,labege,31670,4242,8,548.0,43.5396,1.5207
2632,50,Manche,Normandie,Saint-Pair-sur-Mer,saint-pair-sur-mer,50380,4238,15,288.0,48.8014,-1.5441
2633,30,Gard,Occitanie,Poulx,poulx,30320,4237,12,356.0,43.9142,4.422
2634,33,Gironde,Nouvelle-Aquitaine,Carignan-de-Bordeaux,carignan-de-bordeaux,33360,4237,9,486.0,44.8093,-0.4739
2635,13,Bouches-du-Rhône,Provence-Alpes-Côte d'Azur,Barbentane,barbentane,13570,4236,27,155.0,43.891,4.7454
2636,67,Bas-Rhin,Grand Est,Châtenois,chatenois,67730,4235,15,292.0,48.2831,7.3845
2637,31,Haute-Garonne,Occitanie,Auzeville-Tolosane,auzeville-tolosane,31320,4234,7,630.0,43.5285,1.4896
2638,44,Loire-Atlantique,Pays de la Loire,Nozay,nozay,44170,4228,58,73.0,47.5727,-1.6027
2639,56,Morbihan,Bretagne,Carnac,carnac,56340,4223,34,126.0,47.6034,-3.0664
2640,22,Côtes-d'Armor,Bretagne,Lanvallay,lanvallay,22100,4222,15,285.0,48.4533,-2.0018
2641,89,Yonne,Bourgogne-Franche-Comté,Saint-Florentin,saint-florentin,89600,4220,28,149.0,47.9942,3.7125
2642,27,Eure,Normandie,Brionne,brionne,27800,4219,17,251.0,49.1834,0.7073
2643,43,Haute-Loire,Auvergne-Rhône-Alpes,Saint-Just-Malmont,saint-just-malmont,43240,4217,24,175.0,45.3434,4.3174
2644,61,Orne,Normandie,Athis-Val de Rouvre,athis-val-de-rouvre,61100,4216,33,129.0,48.7934,-0.4621
2645,95,Val-d'Oise,Île-de-France,Survilliers,survilliers,95470,4216,5,772.0,49.1077,2.5451
2646,69,Rhône,Auvergne-Rhône-Alpes,Arnas,arnas,69400,4215,18,237.0,46.0194,4.7102
2647,29,Finistère,Bretagne,Pluguffan,pluguffan,29700,4213,32,131.0,47.967,-4.1836
2648,62,Pas-de-Calais,Hauts-de-France,Le Touquet-Paris-Plage,le-touquet-paris-plage,62520,4213,15,277.0,50.512,1.6055
2649,49,Maine-et-Loire,Pays de la Loire,La Séguinière,la-seguiniere,49280,4212,31,134.0,47.0794,-0.9622
2650,67,Bas-Rhin,Grand Est,Marlenheim,marlenheim,67520,4211,14,291.0,48.6209,7.5016
2651,76,Seine-Maritime,Normandie,Terres-de-Caux,terres-de-caux,76640,4208,8,512.0,49.6517,0.6039
2652,45,Loiret,Centre-Val de Loire,Sandillon,sandillon,45640,4205,43,98.0,47.8371,2.0307
2653,33,Gironde,Nouvelle-Aquitaine,Vayres,vayres,33870,4204,14,293.0,44.8908,-0.326
2654,59,Nord,Hauts-de-France,Abscon,abscon,59215,4203,7,575.0,50.3293,3.2993
2655,26,Drôme,Auvergne-Rhône-Alpes,Beaumont-lès-Valence,beaumont-les-valence,26760,4201,18,236.0,44.8743,4.9477
2656,31,Haute-Garonne,Occitanie,Bessières,bessieres,31660,4197,17,251.0,43.794,1.5846
2657,82,Tarn-et-Garonne,Occitanie,Grisolles,grisolles,82170,4197,18,240.0,43.824,1.2923
2658,67,Bas-Rhin,Grand Est,Betschdorf,betschdorf,67660,4192,28,150.0,48.8937,7.9335
2659,72,Sarthe,Pays de la Loire,Yvré-l'Évêque,yvre-l-eveque,72530,4192,28,151.0,48.0265,0.2855
2660,31,Haute-Garonne,Occitanie,Montrabé,montrabe,31850,4191,5,786.0,43.6436,1.5333
2661,37,Indre-et-Loire,Centre-Val de Loire,Notre-Dame-d'Oé,notre-dame-d-oe,37390,4191,8,549.0,47.4546,0.7098
2662,61,Orne,Normandie,Sées,sees,61500,4191,41,103.0,48.6075,0.1645
2663,16,Charente,Nouvelle-Aquitaine,Brie,brie,16590,4188,34,123.0,45.7329,0.2623
2664,13,Bouches-du-Rhône,Provence-Alpes-Côte d'Azur,Mimet,mimet,13105,4187,19,222.0,43.4123,5.5001
2665,29,Finistère,Bretagne,Plomelin,plomelin,29700,4187,26,159.0,47.9313,-4.1499
2666,68,Haut-Rhin,Grand Est,Rouffach,rouffach,68250,4186,40,105.0,47.9688,7.2773
2667,60,Oise,Hauts-de-France,Nanteuil-le-Haudouin,nanteuil-le-haudouin,60440,4185,21,198.0,49.1393,2.813
2668,30,Gard,Occitanie,Redessan,redessan,30129,4181,16,268.0,43.8298,4.5113
2669,73,Savoie,Auvergne-Rhône-Alpes,Jacob-Bellecombette,jacob-bellecombette,73000,4181,2,1728.0,45.5515,5.9167
2670,73,Savoie,Auvergne-Rhône-Alpes,Valgelon-La Rochette,valgelon-la-rochette,73110,4180,5,901.0,45.462,6.1253
2671,56,Morbihan,Bretagne,Plumergat,plumergat,56400,4179,42,99.0,47.7264,-2.9318
2672,57,Moselle,Grand Est,Serémange-Erzange,seremange-erzange,57290,4174,4,1113.0,49.3244,6.0906
2673,47,Lot-et-Garonne,Nouvelle-Aquitaine,Pont-du-Casse,pont-du-casse,47480,4173,19,216.0,44.2401,0.6796
2674,69,Rhône,Auvergne-Rhône-Alpes,Pusignan,pusignan,69330,4172,13,316.0,45.7571,5.0659
2675,77,Seine-et-Marne,Île-de-France,Chanteloup-en-Brie,chanteloup-en-brie,77600,4171,3,1316.0,48.8581,2.7399
2676,73,Savoie,Auvergne-Rhône-Alpes,Saint-Pierre-d'Albigny,saint-pierre-d-albigny,73250,4170,19,218.0,45.5769,6.1591
2677,22,Côtes-d'Armor,Bretagne,Beaussais-sur-Mer,beaussais-sur-mer,22650,4168,36,116.0,48.5627,-2.1383
2678,34,Hérault,Occitanie,Valras-Plage,valras-plage,34350,4167,3,1315.0,43.2471,3.2909
2679,51,Marne,Grand Est,Sainte-Menehould,sainte-menehould,51800,4166,57,73.0,49.0844,4.9351
2680,67,Bas-Rhin,Grand Est,Wolfisheim,wolfisheim,67202,4165,6,733.0,48.5857,7.6625
2681,34,Hérault,Occitanie,Montarnaud,montarnaud,34570,4164,28,151.0,43.648,3.7053
2682,69,Rhône,Auvergne-Rhône-Alpes,Chazay-d'Azergues,chazay-d-azergues,69380,4164,6,701.0,45.8743,4.71
2683,35,Ille-et-Vilaine,Bretagne,Saint-Aubin-d'Aubigné,saint-aubin-d-aubigne,35250,4159,23,178.0,48.2618,-1.6002
2684,77,Seine-et-Marne,Île-de-France,Pomponne,pomponne,77400,4158,7,570.0,48.887,2.6776
2685,06,Alpes-Maritimes,Provence-Alpes-Côte d'Azur,Le Rouret,le-rouret,06650,4157,7,581.0,43.6803,7.0081
2686,60,Oise,Hauts-de-France,Breteuil,breteuil,60120,4156,17,241.0,49.636,2.2874
2687,74,Haute-Savoie,Auvergne-Rhône-Alpes,Sevrier,sevrier,74320,4156,18,227.0,45.8572,6.1373
2688,01,Ain,Auvergne-Rhône-Alpes,Saint-Maurice-de-Beynost,saint-maurice-de-beynost,01700,4155,7,601.0,45.8325,4.9763
2689,61,Orne,Normandie,Domfront en Poiraie,domfront-en-poiraie,61700,4155,35,118.0,48.5866,-0.6554
2690,69,Rhône,Auvergne-Rhône-Alpes,Val d'Oingt,val-d-oingt,69620,4155,5,798.0,45.9386,4.5668
2691,59,Nord,Hauts-de-France,Escautpont,escautpont,59278,4152,6,720.0,50.424,3.5513
2692,14,Calvados,Normandie,Bretteville-sur-Odon,bretteville-sur-odon,14760,4148,7,637.0,49.1728,-0.4212
2693,91,Essonne,Île-de-France,Le Plessis-Pâté,le-plessis-pate,91220,4147,8,548.0,48.6054,2.3404
2694,68,Haut-Rhin,Grand Est,Sierentz,sierentz,68510,4145,13,315.0,47.6639,7.467
2695,37,Indre-et-Loire,Centre-Val de Loire,Sainte-Maure-de-Touraine,sainte-maure-de-touraine,37800,4144,41,102.0,47.1099,0.6488
2696,38,Isère,Auvergne-Rhône-Alpes,Corenc,corenc,38700,4139,6,669.0,45.2264,5.7599
2697,44,Loire-Atlantique,Pays de la Loire,Saint-Joachim,saint-joachim,44720,4139,86,48.0,47.3731,-2.2429
2698,14,Calvados,Normandie,Courseulles-sur-Mer,courseulles-sur-mer,14470,4137,8,511.0,49.3201,-0.4515
2699,26,Drôme,Auvergne-Rhône-Alpes,Anneyron,anneyron,26140,4136,37,113.0,45.2718,4.8892
2700,34,Hérault,Occitanie,Saint-Aunès,saint-aunes,34130,4136,13,328.0,43.6341,3.97
2701,27,Eure,Normandie,Pont-de-l'Arche,pont-de-l-arche,27340,4135,9,438.0,49.2911,1.1447
2702,69,Rhône,Auvergne-Rhône-Alpes,Beauvallon,beauvallon,69700,4135,10,418.0,45.5898,4.7041
2703,54,Meurthe-et-Moselle,Grand Est,Bouxières-aux-Dames,bouxieres-aux-dames,54136,4134,4,1052.0,48.7602,6.1624
2704,76,Seine-Maritime,Normandie,Le Houlme,le-houlme,76770,4133,3,1396.0,49.5111,1.0352
2705,91,Essonne,Île-de-France,Forges-les-Bains,forges-les-bains,91470,4132,15,282.0,48.6182,2.0811
2706,44,Loire-Atlantique,Pays de la Loire,Indre,indre,44610,4130,5,869.0,47.1993,-1.6701
2707,59,Nord,Hauts-de-France,Hérin,herin,59195,4129,5,911.0,50.3593,3.4489
2708,54,Meurthe-et-Moselle,Grand Est,Baccarat,baccarat,54120,4128,14,302.0,48.4475,6.7436
2709,30,Gard,Occitanie,Aramon,aramon,30390,4127,31,132.0,43.8997,4.6869
2710,59,Nord,Hauts-de-France,Leffrinckoucke,leffrinckoucke,59495,4124,7,579.0,51.046,2.4515
2711,35,Ille-et-Vilaine,Bretagne,Romillé,romille,35850,4119,29,142.0,48.2272,-1.874
2712,59,Nord,Hauts-de-France,Ghyvelde,ghyvelde,59122,4119,16,250.0,51.0331,2.5213
2713,47,Lot-et-Garonne,Nouvelle-Aquitaine,Aiguillon,aiguillon,47190,4118,28,145.0,44.2989,0.362
2714,59,Nord,Hauts-de-France,Avesnes-sur-Helpe,avesnes-sur-helpe,59440,4118,2,1775.0,50.1224,3.9269
2715,17,Charente-Maritime,Nouvelle-Aquitaine,Angoulins,angoulins,17690,4117,8,514.0,46.1083,-1.11
2716,63,Puy-de-Dôme,Auvergne-Rhône-Alpes,Aulnat,aulnat,63510,4115,4,955.0,45.7924,3.1726
2717,22,Côtes-d'Armor,Bretagne,Plœuc-L'Hermitage,ploeuc-l-hermitage,22150,4112,45,90.0,48.3353,-2.8172
2718,13,Bouches-du-Rhône,Provence-Alpes-Côte d'Azur,Rognonas,rognonas,13870,4111,8,489.0,43.8992,4.7948
2719,89,Yonne,Bourgogne-Franche-Comté,Monéteau,moneteau,89470,4111,19,221.0,47.8483,3.5916
2720,68,Haut-Rhin,Grand Est,Bollwiller,bollwiller,68540,4109,9,477.0,47.8515,7.2497
2721,90,Territoire de Belfort,Bourgogne-Franche-Comté,Offemont,offemont,90300,4109,6,740.0,47.6639,6.8734
2722,42,Loire,Auvergne-Rhône-Alpes,Saint-Romain-le-Puy,saint-romain-le-puy,42610,4108,21,193.0,45.5564,4.1317
2723,44,Loire-Atlantique,Pays de la Loire,Le Croisic,le-croisic,44490,4107,5,905.0,47.2942,-2.5245
2724,50,Manche,Normandie,Condé-sur-Vire,conde-sur-vire,50890,4106,25,164.0,49.0503,-1.0409
2725,78,Yvelines,Île-de-France,Ecquevilly,ecquevilly,78920,4105,11,364.0,48.9482,1.925
2726,35,Ille-et-Vilaine,Bretagne,Val-Couesnon,val-couesnon,35460,4102,9,435.0,48.441,-1.465
2727,68,Haut-Rhin,Grand Est,Bartenheim,bartenheim,68870,4102,13,316.0,47.6347,7.491
2728,80,Somme,Hauts-de-France,Salouël,salouel,80480,4099,5,878.0,49.8677,2.2385
2729,34,Hérault,Occitanie,Villeneuve-lès-Béziers,villeneuve-les-beziers,34500,4098,17,237.0,43.3178,3.2909
2730,35,Ille-et-Vilaine,Bretagne,Saint-Aubin-du-Cormier,saint-aubin-du-cormier,35140,4098,28,149.0,48.2559,-1.4239
2731,30,Gard,Occitanie,Caissargues,caissargues,30132,4097,9,480.0,43.7924,4.3919
2732,48,Lozère,Occitanie,Saint-Chély-d'Apcher,saint-chely-d-apcher,48200,4096,28,146.0,44.8144,3.2783
2733,06,Alpes-Maritimes,Provence-Alpes-Côte d'Azur,Tourrettes-sur-Loup,tourrettes-sur-loup,06140,4092,29,139.0,43.718,7.0353
2734,28,Eure-et-Loir,Centre-Val de Loire,Le Coudray,le-coudray,28630,4089,5,745.0,48.4188,1.5026
2735,972,Martinique,Martinique,Saint-Pierre,saint-pierre,97250,4088,39,106.0,14.7717,-61.1735
2736,71,Saône-et-Loire,Bourgogne-Franche-Comté,La Chapelle-de-Guinchay,la-chapelle-de-guinchay,71570,4082,13,323.0,46.2177,4.7586
2737,35,Ille-et-Vilaine,Bretagne,Guignen,guignen,35580,4081,53,77.0,47.9276,-1.8558
2738,76,Seine-Maritime,Normandie,Rives-en-Seine,rives-en-seine,76490,4078,5,811.0,49.5266,0.7184
2739,31,Haute-Garonne,Occitanie,Nailloux,nailloux,31560,4077,19,218.0,43.3673,1.6115
2740,60,Oise,Hauts-de-France,Neuilly-en-Thelle,neuilly-en-thelle,60530,4077,16,257.0,49.2281,2.2769
2741,56,Morbihan,Bretagne,Locmiquélic,locmiquelic,56570,4075,4,1095.0,47.7303,-3.326
2742,44,Loire-Atlantique,Pays de la Loire,Vieillevigne,vieillevigne,44116,4070,52,78.0,46.9702,-1.4172
2743,21,Côte-d'Or,Bourgogne-Franche-Comté,Semur-en-Auxois,semur-en-auxois,21140,4068,19,214.0,47.494,4.3396
2744,44,Loire-Atlantique,Pays de la Loire,Aigrefeuille-sur-Maine,aigrefeuille-sur-maine,44140,4068,15,277.0,47.0735,-1.4121
2745,95,Val-d'Oise,Île-de-France,Montsoult,montsoult,95560,4068,4,1062.0,49.0716,2.3025
2746,01,Ain,Auvergne-Rhône-Alpes,Bâgé-Dommartin,bage-dommartin,01380,4065,40,102.0,46.3277,4.9704
2747,22,Côtes-d'Armor,Bretagne,Pléneuf-Val-André,pleneuf-val-andre,22370,4063,17,239.0,48.5854,-2.5351
2748,12,Aveyron,Occitanie,Sévérac d'Aveyron,severac-d-aveyron,12150,4062,109,37.0,44.3138,3.0294
2749,28,Eure-et-Loir,Centre-Val de Loire,Saint-Lubin-des-Joncherets,saint-lubin-des-joncherets,28350,4062,14,281.0,48.7465,1.1923
2750,11,Aude,Occitanie,Cuxac-d'Aude,cuxac-d-aude,11590,4061,22,186.0,43.2571,3.0093
2751,17,Charente-Maritime,Nouvelle-Aquitaine,Fouras,fouras,17450,4061,10,415.0,45.9819,-1.0913
2752,68,Haut-Rhin,Grand Est,Staffelfelden,staffelfelden,68850,4061,7,545.0,47.829,7.2524
2753,03,Allier,Auvergne-Rhône-Alpes,Avermes,avermes,03000,4060,16,261.0,46.5961,3.3164
2754,85,Vendée,Pays de la Loire,Benet,benet,85490,4059,50,81.0,46.3654,-0.6147
2755,73,Savoie,Auvergne-Rhône-Alpes,Montmélian,montmelian,73800,4058,6,721.0,45.5071,6.0564
2756,28,Eure-et-Loir,Centre-Val de Loire,Saint-Rémy-sur-Avre,saint-remy-sur-avre,28380,4057,13,311.0,48.7486,1.2381
2757,59,Nord,Hauts-de-France,Masny,masny,59176,4056,7,562.0,50.3441,3.194
2758,34,Hérault,Occitanie,Montferrier-sur-Lez,montferrier-sur-lez,34980,4054,8,539.0,43.6677,3.8621
2759,72,Sarthe,Pays de la Loire,Savigné-l'Évêque,savigne-l-eveque,72460,4054,28,143.0,48.0836,0.281
2760,63,Puy-de-Dôme,Auvergne-Rhône-Alpes,Courpière,courpiere,63120,4053,32,127.0,45.7578,3.5405
2761,971,Guadeloupe,Guadeloupe,Anse-Bertrand,anse-bertrand,97121,4052,64,63.0,16.4668,-61.4698
2762,26,Drôme,Auvergne-Rhône-Alpes,Saint-Vallier,saint-vallier,26240,4050,5,757.0,45.1794,4.8201
2763,59,Nord,Hauts-de-France,Gondecourt,gondecourt,59147,4050,8,493.0,50.5474,2.9816
2764,34,Hérault,Occitanie,Nissan-lez-Enserune,nissan-lez-enserune,34440,4049,30,134.0,43.282,3.1051
2765,35,Ille-et-Vilaine,Bretagne,Plélan-le-Grand,plelan-le-grand,35380,4048,50,81.0,47.9987,-2.0765
2766,72,Sarthe,Pays de la Loire,Le Lude,le-lude,72800,4048,46,88.0,47.6404,0.1432
2767,45,Loiret,Centre-Val de Loire,Chaingy,chaingy,45380,4047,22,187.0,47.8926,1.7763
2768,56,Morbihan,Bretagne,Landévant,landevant,56690,4044,23,179.0,47.7715,-3.1161
2769,85,Vendée,Pays de la Loire,La Bruffière,la-bruffiere,85530,4044,41,99.0,47.0143,-1.1816
2770,59,Nord,Hauts-de-France,Rousies,rousies,59131,4043,6,698.0,50.2717,3.999
2771,67,Bas-Rhin,Grand Est,Hochfelden,hochfelden,67270,4042,12,326.0,48.7485,7.561
2772,88,Vosges,Grand Est,La Bresse,la-bresse,88250,4041,58,70.0,48.0211,6.9202
2773,26,Drôme,Auvergne-Rhône-Alpes,Châteauneuf-sur-Isère,chateauneuf-sur-isere,26300,4038,45,89.0,45.0093,4.9525
2774,58,Nièvre,Bourgogne-Franche-Comté,Fourchambault,fourchambault,58600,4037,4,909.0,47.0159,3.0932
2775,44,Loire-Atlantique,Pays de la Loire,Saffré,saffre,44390,4036,59,69.0,47.4924,-1.5807
2776,36,Indre,Centre-Val de Loire,La Châtre,la-chatre,36400,4034,6,662.0,46.5709,1.9928
2777,34,Hérault,Occitanie,Paulhan,paulhan,34230,4031,11,354.0,43.5378,3.4599
2778,25,Doubs,Bourgogne-Franche-Comté,Pont-de-Roide-Vermondans,pont-de-roide-vermondans,25150,4030,14,297.0,47.3872,6.7657
2779,59,Nord,Hauts-de-France,Thumeries,thumeries,59239,4029,7,568.0,50.4724,3.0656
2780,82,Tarn-et-Garonne,Occitanie,Saint-Étienne-de-Tulmont,saint-etienne-de-tulmont,82410,4029,21,188.0,44.048,1.4575
2781,59,Nord,Hauts-de-France,Hondschoote,hondschoote,59122,4026,24,170.0,50.972,2.585
2782,27,Eure,Normandie,Grand Bourgtheroulde,grand-bourgtheroulde,27520,4025,12,345.0,49.3053,0.8556
2783,30,Gard,Occitanie,Générac,generac,30510,4025,24,165.0,43.719,4.3587
2784,65,Hautes-Pyrénées,Occitanie,Juillan,juillan,65290,4022,8,483.0,43.1991,0.0231
2785,76,Seine-Maritime,Normandie,Duclair,duclair,76480,4020,10,402.0,49.4859,0.8701
2786,19,Corrèze,Nouvelle-Aquitaine,Allassac,allassac,19240,4019,39,104.0,45.2573,1.4609
2787,08,Ardennes,Grand Est,Vouziers,vouziers,08400,4016,28,143.0,49.4194,4.7073
2788,59,Nord,Hauts-de-France,Raimbeaucourt,raimbeaucourt,59283,4015,11,362.0,50.4369,3.1024
2789,27,Eure,Normandie,Bourg-Achard,bourg-achard,27310,4014,12,321.0,49.3452,0.8075
2790,32,Gers,Occitanie,Eauze,eauze,32800,4014,70,57.0,43.8614,0.1057
2791,29,Finistère,Bretagne,Loctudy,loctudy,29750,4011,13,300.0,47.8246,-4.1852
2792,39,Jura,Bourgogne-Franche-Comté,Poligny,poligny,39800,4011,51,79.0,46.8204,5.7245
2793,51,Marne,Grand Est,Bezannes,bezannes,51430,4011,8,498.0,49.2223,3.9915
2794,67,Bas-Rhin,Grand Est,Ingwiller,ingwiller,67340,4011,18,222.0,48.8822,7.4637
2795,18,Cher,Centre-Val de Loire,Trouy,trouy,18570,4005,23,172.0,47.0273,2.3618
2796,27,Eure,Normandie,Gravigny,gravigny,27930,4005,10,399.0,49.0587,1.1627
2797,34,Hérault,Occitanie,Montady,montady,34310,4005,10,404.0,43.3277,3.1177
2798,44,Loire-Atlantique,Pays de la Loire,Campbon,campbon,44750,4005,50,80.0,47.4155,-1.988
2799,44,Loire-Atlantique,Pays de la Loire,Le Pouliguen,le-pouliguen,44510,4005,4,898.0,47.2733,-2.4333
2800,74,Haute-Savoie,Auvergne-Rhône-Alpes,Veigy-Foncenex,veigy-foncenex,74140,4005,13,308.0,46.27,6.2692
2801,59,Nord,Hauts-de-France,Maing,maing,59233,4004,12,344.0,50.3041,3.4892
2802,54,Meurthe-et-Moselle,Grand Est,Pagny-sur-Moselle,pagny-sur-moselle,54530,4003,11,359.0,48.9879,6.0057
2803,94,Val-de-Marne,Île-de-France,Santeny,santeny,94440,4003,10,400.0,48.7362,2.5771
2804,16,Charente,Nouvelle-Aquitaine,La Rochefoucauld-en-Angoumois,la-rochefoucauld-en-angoumois,16110,4002,7,560.0,45.736,0.3583
2805,83,Var,Provence-Alpes-Côte d'Azur,Le Revest-les-Eaux,le-revest-les-eaux,83200,4002,24,164.0,43.1878,5.9453
2806,38,Isère,Auvergne-Rhône-Alpes,Vaulnaveys-le-Haut,vaulnaveys-le-haut,38410,4000,17,241.0,45.1159,5.8354
2807,80,Somme,Hauts-de-France,Moreuil,moreuil,80110,4000,24,169.0,49.7704,2.4767
2808,17,Charente-Maritime,Nouvelle-Aquitaine,Vaux-sur-Mer,vaux-sur-mer,17640,3996,6,664.0,45.6444,-1.059
2809,59,Nord,Hauts-de-France,Bouchain,bouchain,59111,3996,13,319.0,50.2785,3.3164
2810,56,Morbihan,Bretagne,La Gacilly,la-gacilly,56200,3993,17,242.0,47.7609,-2.136
2811,60,Oise,Hauts-de-France,Bresles,bresles,60510,3993,21,188.0,49.4124,2.2463
2812,88,Vosges,Grand Est,Saint-Nabord,saint-nabord,88200,3993,38,105.0,48.0423,6.5608
2813,44,Loire-Atlantique,Pays de la Loire,Le Cellier,le-cellier,44850,3992,36,112.0,47.3375,-1.3553
2814,76,Seine-Maritime,Normandie,Boos,boos,76520,3991,14,282.0,49.3762,1.2047
2815,74,Haute-Savoie,Auvergne-Rhône-Alpes,Groisy,groisy,74570,3990,21,187.0,46.0178,6.1722
2816,60,Oise,Hauts-de-France,Cires-lès-Mello,cires-les-mello,60660,3989,17,237.0,49.2644,2.3348
2817,44,Loire-Atlantique,Pays de la Loire,Saint-Aignan-Grandlieu,saint-aignan-grandlieu,44860,3986,18,221.0,47.1296,-1.6191
2818,34,Hérault,Occitanie,Ganges,ganges,34190,3984,7,549.0,43.9448,3.7039
2819,33,Gironde,Nouvelle-Aquitaine,Hourtin,hourtin,33990,3983,223,18.0,45.1831,-1.0534
2820,28,Eure-et-Loir,Centre-Val de Loire,Nogent-le-Roi,nogent-le-roi,28210,3982,13,301.0,48.6315,1.5206
2821,27,Eure,Normandie,Saint-André-de-l'Eure,saint-andre-de-l-eure,27220,3978,20,199.0,48.9049,1.2768
2822,78,Yvelines,Île-de-France,Juziers,juziers,78820,3976,9,455.0,48.9991,1.842
2823,69,Rhône,Auvergne-Rhône-Alpes,Porte des Pierres Dorées,porte-des-pierres-dorees,69640,3975,4,1049.0,45.9628,4.6509
2824,38,Isère,Auvergne-Rhône-Alpes,Allevard,allevard,38580,3974,35,113.0,45.3776,6.1189
2825,56,Morbihan,Bretagne,Erdeven,erdeven,56410,3974,31,130.0,47.6358,-3.1568
2826,50,Manche,Normandie,La Haye,la-haye,50250,3971,5,742.0,49.2873,-1.5966
2827,95,Val-d'Oise,Île-de-France,Presles,presles,95590,3970,10,390.0,49.1094,2.2876
2828,66,Pyrénées-Orientales,Occitanie,Port-Vendres,port-vendres,66660,3969,15,269.0,42.5034,3.1048
2829,86,Vienne,Nouvelle-Aquitaine,Fontaine-le-Comte,fontaine-le-comte,86240,3969,19,211.0,46.5265,0.2522
2830,22,Côtes-d'Armor,Bretagne,Quévert,quevert,22100,3966,13,310.0,48.466,-2.0852
2831,56,Morbihan,Bretagne,Pont-Scorff,pont-scorff,56620,3965,23,171.0,47.8385,-3.422
2832,22,Côtes-d'Armor,Bretagne,Châtelaudren-Plouagat,chatelaudren-plouagat,22170,3961,32,122.0,48.5311,-2.9872
2833,57,Moselle,Grand Est,Longeville-lès-Metz,longeville-les-metz,57050,3960,3,1478.0,49.1144,6.1464
2834,44,Loire-Atlantique,Pays de la Loire,Le Bignon,le-bignon,44140,3957,28,142.0,47.1,-1.5048
2835,57,Moselle,Grand Est,Folschviller,folschviller,57730,3957,10,415.0,49.0696,6.6897
2836,33,Gironde,Nouvelle-Aquitaine,Arsac,arsac,33460,3956,32,122.0,44.9869,-0.7018
2837,22,Côtes-d'Armor,Bretagne,Pleslin-Trigavou,pleslin-trigavou,22490,3955,22,180.0,48.5285,-2.0706
2838,29,Finistère,Bretagne,Loperhet,loperhet,29470,3951,21,192.0,48.3779,-4.3142
2839,60,Oise,Hauts-de-France,Coye-la-Forêt,coye-la-foret,60580,3950,7,559.0,49.1453,2.4678
2840,17,Charente-Maritime,Nouvelle-Aquitaine,Saint-Georges-d'Oléron,saint-georges-d-oleron,17190,3948,47,85.0,45.9745,-1.3147
2841,46,Lot,Occitanie,Gourdon,gourdon,46300,3946,46,86.0,44.7382,1.3714
2842,29,Finistère,Bretagne,Plouarzel,plouarzel,29810,3942,43,92.0,48.4397,-4.7236
2843,66,Pyrénées-Orientales,Occitanie,Pézilla-la-Rivière,pezilla-la-riviere,66370,3942,16,241.0,42.7089,2.76
2844,04,Alpes-de-Haute-Provence,Provence-Alpes-Côte d'Azur,Pierrevert,pierrevert,04860,3941,28,142.0,43.808,5.725
2845,28,Eure-et-Loir,Centre-Val de Loire,Les Villages Vovéens,les-villages-voveens,28150,3938,34,117.0,48.2714,1.5995
2846,34,Hérault,Occitanie,Villeveyrac,villeveyrac,34560,3934,37,106.0,43.4956,3.5931
2847,69,Rhône,Auvergne-Rhône-Alpes,Condrieu,condrieu,69420,3933,9,428.0,45.4748,4.7516
2848,29,Finistère,Bretagne,Plouhinec,plouhinec,29780,3932,28,142.0,48.0122,-4.4839
2849,35,Ille-et-Vilaine,Bretagne,Val d'Anast,val-d-anast,35330,3932,65,60.0,47.8981,-1.9931
2850,67,Bas-Rhin,Grand Est,Holtzheim,holtzheim,67810,3931,7,572.0,48.5571,7.646
2851,57,Moselle,Grand Est,Bouzonville,bouzonville,57320,3929,14,284.0,49.297,6.5399
2852,68,Haut-Rhin,Grand Est,Turckheim,turckheim,68230,3928,16,240.0,48.0865,7.2501
2853,78,Yvelines,Île-de-France,Issou,issou,78440,3928,5,823.0,48.9884,1.7865
2854,54,Meurthe-et-Moselle,Grand Est,Blainville-sur-l'Eau,blainville-sur-l-eau,54360,3927,12,332.0,48.5499,6.4158
2855,44,Loire-Atlantique,Pays de la Loire,Oudon,oudon,44521,3925,22,176.0,47.3532,-1.2676
2856,06,Alpes-Maritimes,Provence-Alpes-Côte d'Azur,Saint-Cézaire-sur-Siagne,saint-cezaire-sur-siagne,06530,3924,30,131.0,43.6592,6.8049
2857,55,Meuse,Grand Est,Saint-Mihiel,saint-mihiel,55300,3924,33,119.0,48.8941,5.5745
2858,39,Jura,Bourgogne-Franche-Comté,Tavaux,tavaux,39500,3923,14,282.0,47.0396,5.4026
2859,971,Guadeloupe,Guadeloupe,Deshaies,deshaies,97126,3922,31,125.0,16.3194,-61.7831
2860,74,Haute-Savoie,Auvergne-Rhône-Alpes,Collonges-sous-Salève,collonges-sous-saleve,74160,3919,6,640.0,46.1348,6.1596
2861,17,Charente-Maritime,Nouvelle-Aquitaine,Saint-Palais-sur-Mer,saint-palais-sur-mer,17420,3918,16,250.0,45.6569,-1.1031
2862,49,Maine-et-Loire,Pays de la Loire,Terranjou,terranjou,49380,3918,16,238.0,47.269,-0.443
2863,76,Seine-Maritime,Normandie,Saint-Valery-en-Caux,saint-valery-en-caux,76460,3915,11,366.0,49.8582,0.7094
2864,13,Bouches-du-Rhône,Provence-Alpes-Côte d'Azur,La Destrousse,la-destrousse,13112,3913,3,1313.0,43.3788,5.5984
2865,62,Pas-de-Calais,Hauts-de-France,Aix-Noulette,aix-noulette,62160,3913,10,374.0,50.4231,2.7125
2866,59,Nord,Hauts-de-France,Neuville-Saint-Rémy,neuville-saint-remy,59554,3912,2,1665.0,50.187,3.2202
2867,59,Nord,Hauts-de-France,Toufflers,toufflers,59390,3910,2,1616.0,50.6608,3.2324
2868,22,Côtes-d'Armor,Bretagne,Erquy,erquy,22430,3909,27,147.0,48.618,-2.4571
2869,30,Gard,Occitanie,Pujaut,pujaut,30131,3908,24,165.0,44.0002,4.7645
2870,77,Seine-et-Marne,Île-de-France,Chevry-Cossigny,chevry-cossigny,77173,3904,17,234.0,48.7209,2.6747
2871,38,Isère,Auvergne-Rhône-Alpes,Jarrie,jarrie,38560,3903,13,293.0,45.1114,5.7491
2872,56,Morbihan,Bretagne,Saint-Nolff,saint-nolff,56250,3901,26,150.0,47.7066,-2.6681
2873,40,Landes,Nouvelle-Aquitaine,Seignosse,seignosse,40510,3900,36,107.0,43.7055,-1.3939
2874,01,Ain,Auvergne-Rhône-Alpes,Replonges,replonges,01750,3899,17,234.0,46.307,4.8784
2875,11,Aude,Occitanie,Fleury,fleury,11560,3896,52,75.0,43.2141,3.1766
2876,84,Vaucluse,Provence-Alpes-Côte d'Azur,Lauris,lauris,84360,3896,22,173.0,43.7611,5.3019
2877,29,Finistère,Bretagne,Plouvien,plouvien,29860,3892,34,114.0,48.5331,-4.4686
2878,22,Côtes-d'Armor,Bretagne,Quessoy,quessoy,22120,3891,30,129.0,48.4273,-2.6587
2879,69,Rhône,Auvergne-Rhône-Alpes,Saint-Martin-en-Haut,saint-martin-en-haut,69850,3891,39,100.0,45.6583,4.5561
2880,51,Marne,Grand Est,Suippes,suippes,51600,3890,42,92.0,49.1248,4.5296
2881,62,Pas-de-Calais,Hauts-de-France,Wimille,wimille,62126,3888,22,175.0,50.7696,1.6442
2882,73,Savoie,Auvergne-Rhône-Alpes,Porte-de-Savoie,porte-de-savoie,73800,3887,15,256.0,45.4874,5.9812
2883,04,Alpes-de-Haute-Provence,Provence-Alpes-Côte d'Azur,Les Mées,les-mees,04190,3884,65,60.0,43.9956,5.9679
2884,62,Pas-de-Calais,Hauts-de-France,Sailly-sur-la-Lys,sailly-sur-la-lys,62840,3883,10,388.0,50.6514,2.7937
2885,63,Puy-de-Dôme,Auvergne-Rhône-Alpes,Saint-Genès-Champanelle,saint-genes-champanelle,63122,3883,52,75.0,45.7222,3.0005
2886,77,Seine-et-Marne,Île-de-France,Saint-Germain-sur-Morin,saint-germain-sur-morin,77860,3881,5,812.0,48.8745,2.8428
2887,44,Loire-Atlantique,Pays de la Loire,Cordemais,cordemais,44360,3880,37,104.0,47.2918,-1.8349
2888,54,Meurthe-et-Moselle,Grand Est,Hussigny-Godbrange,hussigny-godbrange,54590,3880,15,252.0,49.4984,5.855
2889,88,Vosges,Grand Est,Vagney,vagney,88120,3878,25,157.0,48.0135,6.727
2890,85,Vendée,Pays de la Loire,Beauvoir-sur-Mer,beauvoir-sur-mer,85230,3876,35,110.0,46.9047,-2.0648
2891,56,Morbihan,Bretagne,Allaire,allaire,56350,3875,42,91.0,47.6312,-2.1816
2892,54,Meurthe-et-Moselle,Grand Est,Lexy,lexy,54720,3874,6,648.0,49.5019,5.7302
2893,59,Nord,Hauts-de-France,Hasnon,hasnon,59178,3874,13,300.0,50.4132,3.3866
2894,35,Ille-et-Vilaine,Bretagne,Pipriac,pipriac,35550,3870,49,78.0,47.8147,-1.9416
2895,62,Pas-de-Calais,Hauts-de-France,Neufchâtel-Hardelot,neufchatel-hardelot,62152,3870,21,184.0,50.6164,1.6221
2896,77,Seine-et-Marne,Île-de-France,La Rochette,la-rochette,77000,3870,6,660.0,48.507,2.6578
2897,09,Ariège,Occitanie,Mazères,mazeres,09270,3868,44,87.0,43.2319,1.6782
2898,29,Finistère,Bretagne,Plomeur,plomeur,29120,3866,30,130.0,47.8377,-4.3007
2899,35,Ille-et-Vilaine,Bretagne,Servon-sur-Vilaine,servon-sur-vilaine,35530,3864,15,251.0,48.123,-1.4585
2900,63,Puy-de-Dôme,Auvergne-Rhône-Alpes,Les Martres-de-Veyre,les-martres-de-veyre,63730,3863,9,420.0,45.689,3.199
2901,63,Puy-de-Dôme,Auvergne-Rhône-Alpes,Mozac,mozac,63200,3863,4,959.0,45.8924,3.0852
2902,88,Vosges,Grand Est,Le Val-d'Ajol,le-val-d-ajol,88340,3861,73,53.0,47.9387,6.5128
2903,85,Vendée,Pays de la Loire,Saint-Fulgent,saint-fulgent,85250,3860,37,105.0,46.8724,-1.1627
2904,79,Deux-Sèvres,Nouvelle-Aquitaine,Celles-sur-Belle,celles-sur-belle,79370,3858,38,103.0,46.2401,-0.2292
2905,83,Var,Provence-Alpes-Côte d'Azur,Carnoules,carnoules,83660,3852,26,149.0,43.2921,6.1978
2906,30,Gard,Occitanie,Jonquières-Saint-Vincent,jonquieres-saint-vincent,30300,3851,21,180.0,43.8305,4.559
2907,35,Ille-et-Vilaine,Bretagne,Tinténiac,tinteniac,35190,3851,23,165.0,48.3182,-1.8298
2908,50,Manche,Normandie,Villedieu-les-Poêles-Rouffigny,villedieu-les-poeles-rouffigny,50800,3851,8,481.0,48.8247,-1.2399
2909,14,Calvados,Normandie,Argences,argences,14370,3848,10,390.0,49.135,-0.1581
2910,77,Seine-et-Marne,Île-de-France,Saint-Mard,saint-mard,77230,3847,6,616.0,49.0388,2.6961
2911,42,Loire,Auvergne-Rhône-Alpes,Genilac,genilac,42800,3843,9,448.0,45.5395,4.575
2912,16,Charente,Nouvelle-Aquitaine,Fléac,fleac,16730,3842,13,305.0,45.6756,0.0864
2913,37,Indre-et-Loire,Centre-Val de Loire,Cinq-Mars-la-Pile,cinq-mars-la-pile,37130,3842,20,188.0,47.3483,0.4542
2914,44,Loire-Atlantique,Pays de la Loire,Petit-Mars,petit-mars,44390,3841,26,146.0,47.4063,-1.457
2915,77,Seine-et-Marne,Île-de-France,Ferrières-en-Brie,ferrieres-en-brie,77164,3841,6,627.0,48.818,2.7046
2916,49,Maine-et-Loire,Pays de la Loire,Le May-sur-Èvre,le-may-sur-evre,49122,3839,32,121.0,47.1304,-0.8757
2917,69,Rhône,Auvergne-Rhône-Alpes,Limonest,limonest,69760,3838,9,421.0,45.8267,4.7682
2918,85,Vendée,Pays de la Loire,La Chaize-le-Vicomte,la-chaize-le-vicomte,85310,3838,50,77.0,46.6671,-1.2833
2919,84,Vaucluse,Provence-Alpes-Côte d'Azur,Lapalud,lapalud,84840,3836,18,219.0,44.3073,4.6821
2920,56,Morbihan,Bretagne,Belz,belz,56550,3834,16,239.0,47.6742,-3.1646
2921,62,Pas-de-Calais,Hauts-de-France,Violaines,violaines,62138,3831,10,381.0,50.5341,2.7788
2922,13,Bouches-du-Rhône,Provence-Alpes-Côte d'Azur,Meyrargues,meyrargues,13650,3830,42,92.0,43.6229,5.5321
2923,16,Charente,Nouvelle-Aquitaine,Terres-de-Haute-Charente,terres-de-haute-charente,16270,3829,46,82.0,45.8874,0.583
2924,56,Morbihan,Bretagne,Sulniac,sulniac,56250,3829,28,136.0,47.6539,-2.5538
2925,24,Dordogne,Nouvelle-Aquitaine,Ribérac,riberac,24600,3828,23,169.0,45.2428,0.3402
2926,91,Essonne,Île-de-France,Boissy-sous-Saint-Yon,boissy-sous-saint-yon,91790,3828,8,470.0,48.5528,2.2111
2927,78,Yvelines,Île-de-France,Mareil-Marly,mareil-marly,78750,3826,2,2162.0,48.88,2.0775
2928,78,Yvelines,Île-de-France,Mézières-sur-Seine,mezieres-sur-seine,78970,3826,11,354.0,48.9481,1.782
2929,45,Loiret,Centre-Val de Loire,Courtenay,courtenay,45320,3824,50,76.0,48.0285,3.0646
2930,56,Morbihan,Bretagne,Gourin,gourin,56110,3823,75,51.0,48.1311,-3.5996
2931,66,Pyrénées-Orientales,Occitanie,Torreilles,torreilles,66440,3821,18,218.0,42.7571,3.0059
2932,60,Oise,Hauts-de-France,Verberie,verberie,60410,3819,15,252.0,49.3074,2.7386
2933,31,Haute-Garonne,Occitanie,Lherm,lherm,31600,3818,28,138.0,43.4273,1.2288
2934,47,Lot-et-Garonne,Nouvelle-Aquitaine,Layrac,layrac,47390,3816,38,100.0,44.1234,0.6596
2935,61,Orne,Normandie,Mortagne-au-Perche,mortagne-au-perche,61400,3815,9,440.0,48.5189,0.5642
2936,59,Nord,Hauts-de-France,Lourches,lourches,59156,3814,3,1418.0,50.3106,3.3579
2937,73,Savoie,Auvergne-Rhône-Alpes,La Plagne Tarentaise,la-plagne-tarentaise,73210,3814,38,101.0,45.5684,6.703
2938,72,Sarthe,Pays de la Loire,Sargé-lès-le-Mans,sarge-les-le-mans,72190,3813,14,273.0,48.0394,0.2503
2939,45,Loiret,Centre-Val de Loire,Fay-aux-Loges,fay-aux-loges,45450,3811,26,145.0,47.9315,2.1589
2940,22,Côtes-d'Armor,Bretagne,Pleumeur-Bodou,pleumeur-bodou,22560,3809,27,139.0,48.7895,-3.5389
2941,73,Savoie,Auvergne-Rhône-Alpes,Grand-Aigueblanche,grand-aigueblanche,73260,3809,20,195.0,45.5151,6.5162
2942,88,Vosges,Grand Est,Saint-Étienne-lès-Remiremont,saint-etienne-les-remiremont,88200,3809,34,113.0,48.0306,6.6311
2943,49,Maine-et-Loire,Pays de la Loire,Saint-Léger-de-Linières,saint-leger-de-linieres,49070,3804,16,242.0,47.4609,-0.7069
2944,83,Var,Provence-Alpes-Côte d'Azur,La Croix-Valmer,la-croix-valmer,83420,3804,23,167.0,43.1909,6.588
2945,06,Alpes-Maritimes,Provence-Alpes-Côte d'Azur,Sospel,sospel,06380,3803,62,61.0,43.8872,7.4493
2946,55,Meuse,Grand Est,Ligny-en-Barrois,ligny-en-barrois,55500,3803,33,117.0,48.6569,5.2986
2947,14,Calvados,Normandie,Touques,touques,14800,3802,8,467.0,49.3564,0.1091
2948,35,Ille-et-Vilaine,Bretagne,Domloup,domloup,35410,3801,19,203.0,48.0686,-1.5437
2949,57,Moselle,Grand Est,Créhange,crehange,57690,3799,10,367.0,49.0557,6.5753
2950,77,Seine-et-Marne,Île-de-France,Montry,montry,77450,3799,3,1342.0,48.8866,2.8227
2951,31,Haute-Garonne,Occitanie,Verfeil,verfeil,31590,3797,42,91.0,43.6579,1.6792
2952,06,Alpes-Maritimes,Provence-Alpes-Côte d'Azur,Beaulieu-sur-Mer,beaulieu-sur-mer,06310,3796,1,3515.0,43.7081,7.3324
2953,25,Doubs,Bourgogne-Franche-Comté,Sochaux,sochaux,25600,3795,2,1725.0,47.5146,6.8305
2954,38,Isère,Auvergne-Rhône-Alpes,Saint-Chef,saint-chef,38890,3795,28,138.0,45.6401,5.3619
2955,14,Calvados,Normandie,Verson,verson,14790,3794,10,365.0,49.1625,-0.4666
2956,85,Vendée,Pays de la Loire,Montréverd,montreverd,85260,3794,19,200.0,46.9104,-1.4314
2957,01,Ain,Auvergne-Rhône-Alpes,Villieu-Loyes-Mollon,villieu-loyes-mollon,01800,3793,16,240.0,45.929,5.2265
2958,54,Meurthe-et-Moselle,Grand Est,Réhon,rehon,54430,3793,4,1025.0,49.5007,5.7565
2959,01,Ain,Auvergne-Rhône-Alpes,Montmerle-sur-Saône,montmerle-sur-saone,01090,3792,4,934.0,46.0843,4.759
2960,60,Oise,Hauts-de-France,Le Plessis-Belleville,le-plessis-belleville,60330,3792,7,549.0,49.0996,2.7613
2961,82,Tarn-et-Garonne,Occitanie,Labastide-Saint-Pierre,labastide-saint-pierre,82370,3792,21,184.0,43.9231,1.3438
2962,29,Finistère,Bretagne,Bénodet,benodet,29950,3790,10,364.0,47.8762,-4.0743
2963,27,Eure,Normandie,Bosroumois,bosroumois,27670,3786,10,379.0,49.2916,0.9196
2964,42,Loire,Auvergne-Rhône-Alpes,Saint-Martin-la-Plaine,saint-martin-la-plaine,42800,3784,10,393.0,45.5518,4.5925
2965,83,Var,Provence-Alpes-Côte d'Azur,Salernes,salernes,83690,3784,40,96.0,43.5646,6.2379
2966,44,Loire-Atlantique,Pays de la Loire,Saint-Gildas-des-Bois,saint-gildas-des-bois,44530,3780,34,113.0,47.5099,-2.0639
2967,70,Haute-Saône,Bourgogne-Franche-Comté,Fougerolles-Saint-Valbert,fougerolles-saint-valbert,70300,3780,51,74.0,47.8925,6.4203
2968,42,Loire,Auvergne-Rhône-Alpes,Fraisses,fraisses,42490,3779,5,809.0,45.3837,4.2598
2969,59,Nord,Hauts-de-France,Rœulx,roeulx,59172,3779,4,931.0,50.3137,3.3281
2970,67,Bas-Rhin,Grand Est,Gundershoffen,gundershoffen,67110,3779,17,217.0,48.9112,7.6807
2971,36,Indre,Centre-Val de Loire,Ardentes,ardentes,36120,3778,63,60.0,46.7373,1.8151
2972,27,Eure,Normandie,Le Thuit de l'Oison,le-thuit-de-l-oison,27370,3775,10,382.0,49.2579,0.9386
2973,29,Finistère,Bretagne,Ploudaniel,ploudaniel,29260,3775,46,83.0,48.5205,-4.3095
2974,17,Charente-Maritime,Nouvelle-Aquitaine,Arvert,arvert,17530,3774,20,185.0,45.7451,-1.1245
2975,33,Gironde,Nouvelle-Aquitaine,Bouliac,bouliac,33270,3773,8,484.0,44.8165,-0.5026
2976,44,Loire-Atlantique,Pays de la Loire,Gétigné,getigne,44190,3770,24,158.0,47.0771,-1.2196
2977,82,Tarn-et-Garonne,Occitanie,Beaumont-de-Lomagne,beaumont-de-lomagne,82500,3768,46,81.0,43.884,1.0145
2978,67,Bas-Rhin,Grand Est,Oberhoffen-sur-Moder,oberhoffen-sur-moder,67240,3764,14,263.0,48.7779,7.8849
2979,76,Seine-Maritime,Normandie,Saint-Nicolas-d'Aliermont,saint-nicolas-d-aliermont,76510,3764,16,242.0,49.8754,1.2412
2980,16,Charente,Nouvelle-Aquitaine,Châteaubernard,chateaubernard,16100,3763,13,281.0,45.6753,-0.3168
2981,63,Puy-de-Dôme,Auvergne-Rhône-Alpes,Blanzat,blanzat,63112,3762,7,538.0,45.8251,3.0707
2982,22,Côtes-d'Armor,Bretagne,Trébeurden,trebeurden,22560,3761,14,271.0,48.772,-3.5653
2983,95,Val-d'Oise,Île-de-France,Puiseux-en-France,puiseux-en-france,95380,3757,5,725.0,49.0703,2.4896
2984,66,Pyrénées-Orientales,Occitanie,Salses-le-Château,salses-le-chateau,66600,3752,83,45.0,42.8359,2.9134
2985,972,Martinique,Martinique,Les Anses-d'Arlet,les-anses-d-arlet,97217,3752,26,144.0,14.4996,-61.0736
2986,44,Loire-Atlantique,Pays de la Loire,Fay-de-Bretagne,fay-de-bretagne,44130,3750,65,58.0,47.3881,-1.8076
2987,45,Loiret,Centre-Val de Loire,Ferrières-en-Gâtinais,ferrieres-en-gatinais,45210,3750,27,137.0,48.0992,2.8122
2988,30,Gard,Occitanie,Saint-Hippolyte-du-Fort,saint-hippolyte-du-fort,30170,3747,29,127.0,43.9514,3.8544
2989,47,Lot-et-Garonne,Nouvelle-Aquitaine,Pujols,pujols,47300,3747,25,149.0,44.3687,0.7006
2990,60,Oise,Hauts-de-France,Ribécourt-Dreslincourt,ribecourt-dreslincourt,60170,3746,13,289.0,49.5178,2.9126
2991,22,Côtes-d'Armor,Bretagne,Ploubezre,ploubezre,22300,3743,31,121.0,48.6877,-3.4509
2992,62,Pas-de-Calais,Hauts-de-France,Éperlecques,eperlecques,62910,3742,26,145.0,50.8109,2.1583
2993,20,Corse,Corse,Propriano,propriano,20110,3741,19,196.0,41.651,8.89
2994,22,Côtes-d'Armor,Bretagne,Plémet,plemet,22210,3739,42,90.0,48.1732,-2.596
2995,14,Calvados,Normandie,Biéville-Beuville,bieville-beuville,14112,3738,11,331.0,49.2416,-0.3381
2996,20,Corse,Corse,Prunelli-di-Fiumorbo,prunelli-di-fiumorbo,20243,3737,38,99.0,42.0069,9.3749
2997,40,Landes,Nouvelle-Aquitaine,Bénesse-Maremne,benesse-maremne,40230,3735,19,199.0,43.634,-1.3679
2998,72,Sarthe,Pays de la Loire,Bonnétable,bonnetable,72110,3735,40,93.0,48.1841,0.454
2999,62,Pas-de-Calais,Hauts-de-France,Bapaume,bapaume,62450,3733,6,646.0,50.1018,2.8559
3000,82,Tarn-et-Garonne,Occitanie,Bressols,bressols,82710,3729,20,183.0,43.9523,1.317
3001,37,Indre-et-Loire,Centre-Val de Loire,Bourgueil,bourgueil,37140,3728,33,114.0,47.31,0.1712
3002,13,Bouches-du-Rhône,Provence-Alpes-Côte d'Azur,Coudoux,coudoux,13111,3726,13,294.0,43.5587,5.2559
3003,24,Dordogne,Nouvelle-Aquitaine,Brantôme en Périgord,brantome-en-perigord,24310,3721,36,103.0,45.3756,0.6596
3004,49,Maine-et-Loire,Pays de la Loire,Saint-Georges-sur-Loire,saint-georges-sur-loire,49170,3718,34,108.0,47.4031,-0.7537
3005,62,Pas-de-Calais,Hauts-de-France,Meurchin,meurchin,62410,3717,5,805.0,50.495,2.8972
3006,06,Alpes-Maritimes,Provence-Alpes-Côte d'Azur,Châteauneuf-Grasse,chateauneuf-grasse,06740,3716,9,409.0,43.6626,6.9792
3007,25,Doubs,Bourgogne-Franche-Comté,Étupes,etupes,25460,3715,10,374.0,47.5056,6.8734
3008,78,Yvelines,Île-de-France,Ablis,ablis,78660,3715,26,142.0,48.5292,1.8565
3009,45,Loiret,Centre-Val de Loire,Pannes,pannes,45700,3714,21,179.0,48.0119,2.6708
3010,74,Haute-Savoie,Auvergne-Rhône-Alpes,Saint-Cergues,saint-cergues,74140,3714,12,297.0,46.2335,6.3248
3011,42,Loire,Auvergne-Rhône-Alpes,Charlieu,charlieu,42190,3712,7,562.0,46.1648,4.1718
3012,67,Bas-Rhin,Grand Est,Bouxwiller,bouxwiller,67330,3712,26,143.0,48.8143,7.4665
3013,69,Rhône,Auvergne-Rhône-Alpes,Saint-Symphorien-sur-Coise,saint-symphorien-sur-coise,69590,3712,4,914.0,45.6314,4.4456
3014,49,Maine-et-Loire,Pays de la Loire,Montreuil-Bellay,montreuil-bellay,49260,3710,49,75.0,47.1295,-0.1246
3015,31,Haute-Garonne,Occitanie,Montastruc-la-Conseillère,montastruc-la-conseillere,31380,3708,16,236.0,43.7209,1.5899
3016,28,Eure-et-Loir,Centre-Val de Loire,Champhol,champhol,28300,3706,5,675.0,48.4679,1.5129
3017,30,Gard,Occitanie,Le Vigan,le-vigan,30120,3706,17,215.0,43.9822,3.6336
3018,33,Gironde,Nouvelle-Aquitaine,Val de Virvée,val-de-virvee,33240,3705,8,489.0,45.021,-0.3887
3019,68,Haut-Rhin,Grand Est,Richwiller,richwiller,68120,3704,6,669.0,47.7843,7.2812
3020,76,Seine-Maritime,Normandie,Forges-les-Eaux,forges-les-eaux,76440,3702,5,705.0,49.6104,1.5644
3021,70,Haute-Saône,Bourgogne-Franche-Comté,Champagney,champagney,70290,3700,37,100.0,47.6991,6.6856
3022,77,Seine-et-Marne,Île-de-France,Boissise-le-Roi,boissise-le-roi,77310,3700,7,520.0,48.514,2.5686
3023,19,Corrèze,Nouvelle-Aquitaine,Objat,objat,19130,3699,10,385.0,45.266,1.4153
3024,72,Sarthe,Pays de la Loire,La Bazoge,la-bazoge,72650,3699,23,161.0,48.1018,0.146
3025,78,Yvelines,Île-de-France,Houdan,houdan,78550,3699,10,356.0,48.7968,1.5981
3026,56,Morbihan,Bretagne,Moréac,moreac,56500,3698,60,62.0,47.9306,-2.8001
3027,86,Vienne,Nouvelle-Aquitaine,Montamisé,montamise,86360,3698,32,114.0,46.6255,0.4381
3028,29,Finistère,Bretagne,Audierne,audierne,29770,3697,3,1236.0,48.028,-4.5651
3029,44,Loire-Atlantique,Pays de la Loire,Geneston,geneston,44140,3697,8,446.0,47.0579,-1.5312
3030,02,Aisne,Hauts-de-France,Belleu,belleu,02200,3693,5,801.0,49.3597,3.3439
3031,58,Nièvre,Bourgogne-Franche-Comté,Coulanges-lès-Nevers,coulanges-les-nevers,58660,3693,11,349.0,47.0157,3.2005
3032,60,Oise,Hauts-de-France,Estrées-Saint-Denis,estrees-saint-denis,60190,3693,8,453.0,49.426,2.6305
3033,61,Orne,Normandie,Saint-Germain-du-Corbéis,saint-germain-du-corbeis,61000,3693,8,492.0,48.4178,0.0587
3034,86,Vienne,Nouvelle-Aquitaine,Vouillé,vouille,86190,3693,34,107.0,46.6198,0.1685
3035,18,Cher,Centre-Val de Loire,La Chapelle-Saint-Ursin,la-chapelle-saint-ursin,18570,3692,8,469.0,47.0546,2.3211
3036,35,Ille-et-Vilaine,Bretagne,Montgermont,montgermont,35760,3692,5,801.0,48.1547,-1.7167
3037,32,Gers,Occitanie,Lectoure,lectoure,32700,3690,86,43.0,43.945,0.6524
3038,38,Isère,Auvergne-Rhône-Alpes,Saint-Clair-du-Rhône,saint-clair-du-rhone,38370,3689,7,514.0,45.4357,4.7739
3039,77,Seine-et-Marne,Île-de-France,Varennes-sur-Seine,varennes-sur-seine,77130,3688,10,371.0,48.3695,2.9317
3040,42,Loire,Auvergne-Rhône-Alpes,Saint-Héand,saint-heand,42570,3686,31,119.0,45.5317,4.3841
3041,58,Nièvre,Bourgogne-Franche-Comté,Garchizy,garchizy,58600,3685,16,223.0,47.0445,3.0944
3042,85,Vendée,Pays de la Loire,Cugand,cugand,85610,3685,14,268.0,47.0474,-1.2574
3043,27,Eure,Normandie,Étrépagny,etrepagny,27150,3684,20,180.0,49.3166,1.6123
3044,39,Jura,Bourgogne-Franche-Comté,Les Rousses,les-rousses,39220,3683,38,97.0,46.4911,6.0731
3045,72,Sarthe,Pays de la Loire,Champagné,champagne,72470,3683,14,264.0,48.0157,0.3363
3046,42,Loire,Auvergne-Rhône-Alpes,Pélussin,pelussin,42410,3682,32,114.0,45.4236,4.6611
3047,49,Maine-et-Loire,Pays de la Loire,Morannes sur Sarthe-Daumeray,morannes-sur-sarthe-daumeray,49640,3682,41,90.0,47.7181,-0.3816
3048,87,Haute-Vienne,Nouvelle-Aquitaine,Rochechouart,rochechouart,87600,3681,54,68.0,45.8288,0.8476
3049,81,Tarn,Occitanie,Saïx,saix,81710,3680,14,268.0,43.5862,2.1729
3050,84,Vaucluse,Provence-Alpes-Côte d'Azur,Mondragon,mondragon,84430,3679,41,91.0,44.2407,4.7326
3051,58,Nièvre,Bourgogne-Franche-Comté,Marzy,marzy,58180,3675,22,170.0,46.9865,3.0942
3052,63,Puy-de-Dôme,Auvergne-Rhône-Alpes,Veyre-Monton,veyre-monton,63960,3675,12,303.0,45.6741,3.1648
3053,71,Saône-et-Loire,Bourgogne-Franche-Comté,Chauffailles,chauffailles,71170,3675,23,162.0,46.2055,4.3418
3054,72,Sarthe,Pays de la Loire,Moncé-en-Belin,monce-en-belin,72230,3675,18,209.0,47.8964,0.1956
3055,07,Ardèche,Auvergne-Rhône-Alpes,Viviers,viviers,07220,3674,34,109.0,44.4816,4.6616
3056,40,Landes,Nouvelle-Aquitaine,Peyrehorade,peyrehorade,40300,3673,16,226.0,43.5612,-1.1106
3057,35,Ille-et-Vilaine,Bretagne,Breteil,breteil,35160,3670,15,246.0,48.1376,-1.9133
3058,27,Eure,Normandie,Ézy-sur-Eure,ezy-sur-eure,27530,3669,9,414.0,48.8708,1.4138
3059,85,Vendée,Pays de la Loire,Commequiers,commequiers,85220,3669,41,90.0,46.7694,-1.8232
3060,06,Alpes-Maritimes,Provence-Alpes-Côte d'Azur,Saint-Vallier-de-Thiey,saint-vallier-de-thiey,06460,3667,52,70.0,43.6994,6.8516
3061,41,Loir-et-Cher,Centre-Val de Loire,Montoire-sur-le-Loir,montoire-sur-le-loir,41800,3666,21,172.0,47.7648,0.8431
3062,85,Vendée,Pays de la Loire,Saint-Laurent-sur-Sèvre,saint-laurent-sur-sevre,85290,3664,15,237.0,46.9506,-0.8996
3063,45,Loiret,Centre-Val de Loire,Saint-Ay,saint-ay,45130,3661,10,352.0,47.8663,1.7495
3064,61,Orne,Normandie,Gouffern en Auge,gouffern-en-auge,61310,3660,40,91.0,48.7851,0.1126
3065,76,Seine-Maritime,Normandie,Isneauville,isneauville,76230,3657,8,454.0,49.5033,1.1473
3066,29,Finistère,Bretagne,Plobannalec-Lesconil,plobannalec-lesconil,29740,3655,18,201.0,47.8209,-4.2282
3067,77,Seine-et-Marne,Île-de-France,Chauconin-Neufmontiers,chauconin-neufmontiers,77124,3655,17,211.0,48.97,2.8323
3068,29,Finistère,Bretagne,Landéda,landeda,29870,3654,11,330.0,48.5944,-4.5826
3069,68,Haut-Rhin,Grand Est,Masevaux-Niederbruck,masevaux-niederbruck,68290,3653,23,157.0,47.7819,6.9764
3070,10,Aube,Grand Est,La Rivière-de-Corps,la-riviere-de-corps,10440,3651,7,494.0,48.2785,4.0154
3071,13,Bouches-du-Rhône,Provence-Alpes-Côte d'Azur,Peynier,peynier,13790,3650,25,147.0,43.4375,5.6204
3072,78,Yvelines,Île-de-France,Bailly,bailly,78870,3650,7,551.0,48.8366,2.0809
3073,71,Saône-et-Loire,Bourgogne-Franche-Comté,Givry,givry,71640,3649,26,139.0,46.7689,4.7505
3074,91,Essonne,Île-de-France,La Ferté-Alais,la-ferte-alais,91590,3649,5,806.0,48.4819,2.3678
3075,26,Drôme,Auvergne-Rhône-Alpes,Pont-de-l'Isère,pont-de-l-isere,26600,3648,10,349.0,45.0171,4.8815
3076,29,Finistère,Bretagne,Châteauneuf-du-Faou,chateauneuf-du-faou,29520,3648,42,87.0,48.1868,-3.8244
3077,30,Gard,Occitanie,Salindres,salindres,30340,3648,12,315.0,44.1617,4.1617
3078,83,Var,Provence-Alpes-Côte d'Azur,Callian,callian,83440,3646,25,143.0,43.6069,6.7601
3079,41,Loir-et-Cher,Centre-Val de Loire,Montrichard Val de Cher,montrichard-val-de-cher,41400,3645,14,255.0,47.3594,1.1998
3080,69,Rhône,Auvergne-Rhône-Alpes,Marcy-l'Étoile,marcy-l-etoile,69280,3644,5,680.0,45.7855,4.7129
3081,38,Isère,Auvergne-Rhône-Alpes,Estrablin,estrablin,38780,3643,21,175.0,45.5094,4.9662
3082,68,Haut-Rhin,Grand Est,Morschwiller-le-Bas,morschwiller-le-bas,68790,3642,8,484.0,47.7334,7.2645
3083,85,Vendée,Pays de la Loire,Les Lucs-sur-Boulogne,les-lucs-sur-boulogne,85170,3642,53,68.0,46.8516,-1.4938
3084,17,Charente-Maritime,Nouvelle-Aquitaine,Soubise,soubise,17780,3641,11,325.0,45.9099,-1.0041
3085,36,Indre,Centre-Val de Loire,Saint-Maur,saint-maur,36250,3641,71,51.0,46.8109,1.6203
3086,76,Seine-Maritime,Normandie,Saint-Léger-du-Bourg-Denis,saint-leger-du-bourg-denis,76160,3641,3,1278.0,49.4288,1.1633
3087,24,Dordogne,Nouvelle-Aquitaine,Neuvic,neuvic,24190,3640,26,141.0,45.0889,0.4728
3088,33,Gironde,Nouvelle-Aquitaine,Latresne,latresne,33360,3639,10,355.0,44.7901,-0.4981
3089,03,Allier,Auvergne-Rhône-Alpes,Saint-Germain-des-Fossés,saint-germain-des-fosses,03260,3638,8,455.0,46.1955,3.4315
3090,01,Ain,Auvergne-Rhône-Alpes,Bellignat,bellignat,01100,3636,8,467.0,46.2402,5.6371
3091,22,Côtes-d'Armor,Bretagne,Plestin-les-Grèves,plestin-les-greves,22310,3635,34,105.0,48.6508,-3.6197
3092,59,Nord,Hauts-de-France,Templemars,templemars,59175,3635,5,790.0,50.5705,3.059
3093,27,Eure,Normandie,Le Vaudreuil,le-vaudreuil,27100,3632,6,657.0,49.2602,1.2011
3094,44,Loire-Atlantique,Pays de la Loire,Malville,malville,44260,3627,31,117.0,47.3441,-1.8451
3095,74,Haute-Savoie,Auvergne-Rhône-Alpes,Doussard,doussard,74210,3626,23,160.0,45.7636,6.2211
3096,83,Var,Provence-Alpes-Côte d'Azur,Flassans-sur-Issole,flassans-sur-issole,83340,3621,45,80.0,43.372,6.2169
3097,80,Somme,Hauts-de-France,Rivery,rivery,80136,3620,6,561.0,49.9098,2.3395
3098,66,Pyrénées-Orientales,Occitanie,Alénya,alenya,66200,3619,6,634.0,42.6413,2.9824
3099,29,Finistère,Bretagne,Bohars,bohars,29820,3615,7,491.0,48.4293,-4.5214
3100,30,Gard,Occitanie,Saint-Laurent-d'Aigouze,saint-laurent-d-aigouze,30220,3613,90,40.0,43.5766,4.237
3101,31,Haute-Garonne,Occitanie,Rieumes,rieumes,31370,3612,31,117.0,43.413,1.1104
3102,57,Moselle,Grand Est,Longeville-lès-Saint-Avold,longeville-les-saint-avold,57740,3611,25,146.0,49.119,6.6509
3103,03,Allier,Auvergne-Rhône-Alpes,Varennes-sur-Allier,varennes-sur-allier,03150,3609,24,148.0,46.314,3.3963
3104,64,Pyrénées-Atlantiques,Nouvelle-Aquitaine,Gelos,gelos,64110,3609,11,326.0,43.259,-0.3668
3105,08,Ardennes,Grand Est,Villers-Semeuse,villers-semeuse,08000,3608,7,522.0,49.7404,4.7537
3106,56,Morbihan,Bretagne,Noyal-Pontivy,noyal-pontivy,56920,3607,53,68.0,48.0544,-2.8786
3107,59,Nord,Hauts-de-France,Avesnes-les-Aubert,avesnes-les-aubert,59129,3606,9,396.0,50.1931,3.3726
3108,29,Finistère,Bretagne,Pleyben,pleyben,29190,3605,76,48.0,48.2418,-3.9783
3109,74,Haute-Savoie,Auvergne-Rhône-Alpes,Argonay,argonay,74370,3600,5,695.0,45.9476,6.148
3110,17,Charente-Maritime,Nouvelle-Aquitaine,Chaniers,chaniers,17610,3597,27,136.0,45.734,-0.5566
3111,87,Haute-Vienne,Nouvelle-Aquitaine,Bellac,bellac,87300,3596,24,147.0,46.1013,1.0325
3112,29,Finistère,Bretagne,Pont-de-Buis-lès-Quimerch,pont-de-buis-les-quimerch,29590,3595,41,88.0,48.2738,-4.1109
3113,29,Finistère,Bretagne,Cléder,cleder,29233,3594,38,96.0,48.6578,-4.1239
3114,62,Pas-de-Calais,Hauts-de-France,Sainte-Catherine,sainte-catherine,62223,3594,4,809.0,50.3163,2.7625
3115,14,Calvados,Normandie,Thury-Harcourt-le-Hom,thury-harcourt-le-hom,14220,3593,5,739.0,48.9871,-0.5222
3116,58,Nièvre,Bourgogne-Franche-Comté,Clamecy,clamecy,58500,3593,31,116.0,47.4588,3.5188
3117,30,Gard,Occitanie,Gallargues-le-Montueux,gallargues-le-montueux,30660,3592,11,330.0,43.7137,4.1708
3118,85,Vendée,Pays de la Loire,Saint-Philbert-de-Bouaine,saint-philbert-de-bouaine,85660,3590,51,71.0,46.9942,-1.5066
3119,28,Eure-et-Loir,Centre-Val de Loire,Gallardon,gallardon,28320,3589,11,320.0,48.5351,1.6865
3120,20,Corse,Corse,Alata,alata,20167,3587,31,117.0,41.9702,8.7294
3121,77,Seine-et-Marne,Île-de-France,Dampmart,dampmart,77400,3586,6,606.0,48.8935,2.7465
3122,05,Hautes-Alpes,Provence-Alpes-Côte d'Azur,Laragne-Montéglin,laragne-monteglin,05300,3585,23,158.0,44.3372,5.8197
3123,25,Doubs,Bourgogne-Franche-Comté,Bavans,bavans,25550,3585,9,404.0,47.4805,6.7294
3124,77,Seine-et-Marne,Île-de-France,Saint-Soupplets,saint-soupplets,77165,3585,14,261.0,49.0348,2.7989
3125,46,Lot,Occitanie,Pradines,pradines,46090,3584,16,217.0,44.4647,1.3891
3126,91,Essonne,Île-de-France,Bruyères-le-Châtel,bruyeres-le-chatel,91680,3584,13,277.0,48.6031,2.1804
3127,14,Calvados,Normandie,Cabourg,cabourg,14390,3583,6,648.0,49.2837,-0.1201
3128,38,Isère,Auvergne-Rhône-Alpes,Saint-Jean-de-Moirans,saint-jean-de-moirans,38430,3582,6,554.0,45.3338,5.5848
3129,32,Gers,Occitanie,Vic-Fezensac,vic-fezensac,32190,3581,55,65.0,43.7662,0.2903
3130,33,Gironde,Nouvelle-Aquitaine,Saint-Selve,saint-selve,33650,3578,18,201.0,44.6574,-0.4726
3131,54,Meurthe-et-Moselle,Grand Est,Varangéville,varangeville,54110,3578,12,297.0,48.6405,6.3158
3132,83,Var,Provence-Alpes-Côte d'Azur,Saint-Tropez,saint-tropez,83990,3578,11,311.0,43.2619,6.6638
3133,28,Eure-et-Loir,Centre-Val de Loire,Vald'Yerre,vald-yerre,28220,3577,65,55.0,48.092,1.1128
3134,25,Doubs,Bourgogne-Franche-Comté,Hérimoncourt,herimoncourt,25310,3575,7,492.0,47.4358,6.8868
3135,62,Pas-de-Calais,Hauts-de-France,Lumbres,lumbres,62380,3575,10,354.0,50.7059,2.1169
3136,18,Cher,Centre-Val de Loire,Dun-sur-Auron,dun-sur-auron,18130,3572,50,72.0,46.8918,2.5538
3137,14,Calvados,Normandie,Isigny-sur-Mer,isigny-sur-mer,14230,3570,18,204.0,49.2852,-1.057
3138,20,Corse,Corse,Sartène,sartene,20100,3570,202,18.0,41.5752,8.9326
3139,34,Hérault,Occitanie,Canet,canet,34800,3570,7,487.0,43.5992,3.4821
3140,85,Vendée,Pays de la Loire,Chavagnes-en-Paillers,chavagnes-en-paillers,85250,3568,40,88.0,46.8898,-1.2341
3141,17,Charente-Maritime,Nouvelle-Aquitaine,Échillais,echillais,17620,3567,15,239.0,45.9022,-0.9554
3142,59,Nord,Hauts-de-France,Allennes-les-Marais,allennes-les-marais,59251,3567,6,632.0,50.5406,2.946
3143,63,Puy-de-Dôme,Auvergne-Rhône-Alpes,Orcines,orcines,63870,3566,43,83.0,45.789,2.9987
3144,14,Calvados,Normandie,Deauville,deauville,14800,3565,4,946.0,49.3539,0.075
3145,66,Pyrénées-Orientales,Occitanie,Amélie-les-Bains-Palalda,amelie-les-bains-palalda,66110,3565,29,121.0,42.4508,2.687
3146,38,Isère,Auvergne-Rhône-Alpes,Le Pont-de-Beauvoisin,le-pont-de-beauvoisin,38480,3562,7,483.0,45.5304,5.6622
3147,59,Nord,Hauts-de-France,Bergues,bergues,59380,3561,1,2599.0,50.969,2.4342
3148,77,Seine-et-Marne,Île-de-France,Pringy,pringy,77310,3558,4,864.0,48.5175,2.5498
3149,51,Marne,Grand Est,Montmirail,montmirail,51210,3557,48,74.0,48.8713,3.5639
3150,44,Loire-Atlantique,Pays de la Loire,Derval,derval,44590,3556,64,56.0,47.6546,-1.6732
3151,16,Charente,Nouvelle-Aquitaine,Châteauneuf-sur-Charente,chateauneuf-sur-charente,16120,3554,24,148.0,45.5968,-0.0559
3152,35,Ille-et-Vilaine,Bretagne,Nouvoitou,nouvoitou,35410,3554,19,183.0,48.0292,-1.5504
3153,73,Savoie,Auvergne-Rhône-Alpes,Barby,barby,73230,3553,3,1410.0,45.5705,5.9815
3154,12,Aveyron,Occitanie,Aubin,aubin,12110,3552,27,131.0,44.5309,2.2531
3155,13,Bouches-du-Rhône,Provence-Alpes-Côte d'Azur,Plan-d'Orgon,plan-d-orgon,13750,3552,15,237.0,43.818,5.0011
3156,49,Maine-et-Loire,Pays de la Loire,Sainte-Gemmes-sur-Loire,sainte-gemmes-sur-loire,49130,3552,15,240.0,47.4296,-0.5702
3157,17,Charente-Maritime,Nouvelle-Aquitaine,Jonzac,jonzac,17500,3550,13,273.0,45.4413,-0.4237
3158,34,Hérault,Occitanie,Cournonsec,cournonsec,34660,3550,12,291.0,43.5395,3.7024
3159,69,Rhône,Auvergne-Rhône-Alpes,Quincieux,quincieux,69650,3549,18,198.0,45.9168,4.7724
3160,52,Haute-Marne,Grand Est,Nogent,nogent,52800,3548,55,64.0,48.0419,5.3635
3161,43,Haute-Loire,Auvergne-Rhône-Alpes,Espaly-Saint-Marcel,espaly-saint-marcel,43000,3547,6,567.0,45.0442,3.8554
3162,35,Ille-et-Vilaine,Bretagne,Corps-Nuds,corps-nuds,35150,3543,23,155.0,47.981,-1.5706
3163,69,Rhône,Auvergne-Rhône-Alpes,Messimy,messimy,69510,3543,11,321.0,45.6978,4.6748
3164,29,Finistère,Bretagne,Bourg-Blanc,bourg-blanc,29860,3542,29,123.0,48.4933,-4.4968
3165,01,Ain,Auvergne-Rhône-Alpes,Montréal-la-Cluse,montreal-la-cluse,01460,3541,12,284.0,46.181,5.5976
3166,17,Charente-Maritime,Nouvelle-Aquitaine,Bourcefranc-le-Chapus,bourcefranc-le-chapus,17560,3541,13,281.0,45.8455,-1.1369
3167,90,Territoire de Belfort,Bourgogne-Franche-Comté,Danjoutin,danjoutin,90400,3541,6,633.0,47.6187,6.8647
3168,08,Ardennes,Grand Est,Vrigne aux Bois,vrigne-aux-bois,08350,3540,8,441.0,49.7554,4.8652
3169,59,Nord,Hauts-de-France,Steenwerck,steenwerck,59181,3540,27,129.0,50.6829,2.7664
3170,81,Tarn,Occitanie,Puygouzon,puygouzon,81990,3540,13,274.0,43.8809,2.1836
3171,74,Haute-Savoie,Auvergne-Rhône-Alpes,Fillinges,fillinges,74250,3537,12,303.0,46.1703,6.3465
3172,59,Nord,Hauts-de-France,Hornaing,hornaing,59171,3535,9,394.0,50.3693,3.3373
3173,66,Pyrénées-Orientales,Occitanie,Espira-de-l'Agly,espira-de-l-agly,66600,3532,27,129.0,42.7987,2.8231
3174,38,Isère,Auvergne-Rhône-Alpes,Apprieu,apprieu,38140,3530,15,231.0,45.3918,5.4983
3175,81,Tarn,Occitanie,Réalmont,realmont,81120,3529,14,244.0,43.7792,2.1905
3176,29,Finistère,Bretagne,Plouescat,plouescat,29430,3528,15,236.0,48.6676,-4.1851
3177,43,Haute-Loire,Auvergne-Rhône-Alpes,Saint-Germain-Laprade,saint-germain-laprade,43700,3528,28,126.0,45.0353,3.9837
3178,51,Marne,Grand Est,Saint-Brice-Courcelles,saint-brice-courcelles,51370,3526,4,856.0,49.2705,3.9879
3179,31,Haute-Garonne,Occitanie,Baziège,baziege,31450,3523,20,176.0,43.4614,1.6294
3180,44,Loire-Atlantique,Pays de la Loire,Prinquiau,prinquiau,44260,3522,23,154.0,47.3784,-2.0239
3181,71,Saône-et-Loire,Bourgogne-Franche-Comté,Le Breuil,le-breuil,71670,3522,29,122.0,46.7972,4.4982
3182,13,Bouches-du-Rhône,Provence-Alpes-Côte d'Azur,Fontvieille,fontvieille,13990,3521,40,87.0,43.7278,4.7128
3183,40,Landes,Nouvelle-Aquitaine,Soorts-Hossegor,soorts-hossegor,40150,3520,14,246.0,43.6679,-1.4084
3184,45,Loiret,Centre-Val de Loire,Cléry-Saint-André,clery-saint-andre,45370,3520,18,192.0,47.8151,1.7613
3185,15,Cantal,Auvergne-Rhône-Alpes,Mauriac,mauriac,15200,3519,28,124.0,45.2209,2.3209
3186,37,Indre-et-Loire,Centre-Val de Loire,Chanceaux-sur-Choisille,chanceaux-sur-choisille,37390,3519,18,190.0,47.4758,0.705
3187,77,Seine-et-Marne,Île-de-France,Lizy-sur-Ourcq,lizy-sur-ourcq,77440,3519,11,313.0,49.0344,3.0189
3188,85,Vendée,Pays de la Loire,Rocheservière,rocheserviere,85620,3519,28,125.0,46.9227,-1.5017
3189,62,Pas-de-Calais,Hauts-de-France,Lapugnoy,lapugnoy,62122,3518,9,409.0,50.52,2.533
3190,35,Ille-et-Vilaine,Bretagne,Pleumeleuc,pleumeleuc,35137,3517,20,179.0,48.1793,-1.8889
3191,79,Deux-Sèvres,Nouvelle-Aquitaine,Échiré,echire,79410,3517,31,112.0,46.3913,-0.4322
3192,972,Martinique,Martinique,Le Carbet,le-carbet,97221,3517,18,198.0,14.7041,-61.1583
3193,57,Moselle,Grand Est,Saint-Julien-lès-Metz,saint-julien-les-metz,57070,3514,5,771.0,49.1375,6.2101
3194,72,Sarthe,Pays de la Loire,Ruaudin,ruaudin,72230,3514,14,253.0,47.9443,0.2657
3195,37,Indre-et-Loire,Centre-Val de Loire,Nazelles-Négron,nazelles-negron,37530,3512,22,159.0,47.433,0.9489
3196,29,Finistère,Bretagne,Saint-Évarzec,saint-evarzec,29170,3508,25,142.0,47.9556,-4.0124
3197,38,Isère,Auvergne-Rhône-Alpes,Montalieu-Vercieu,montalieu-vercieu,38390,3507,9,394.0,45.8143,5.4036
3198,56,Morbihan,Bretagne,Locoal-Mendon,locoal-mendon,56550,3507,45,78.0,47.6972,-3.1084
3199,33,Gironde,Nouvelle-Aquitaine,Martillac,martillac,33650,3504,17,205.0,44.7176,-0.558
3200,12,Aveyron,Occitanie,Olemps,olemps,12510,3503,13,275.0,44.3391,2.5504
3201,35,Ille-et-Vilaine,Bretagne,Bains-sur-Oust,bains-sur-oust,35600,3502,45,78.0,47.716,-2.074
3202,13,Bouches-du-Rhône,Provence-Alpes-Côte d'Azur,Saint-Savournin,saint-savournin,13119,3501,6,592.0,43.4025,5.5321
3203,65,Hautes-Pyrénées,Occitanie,Barbazan-Debat,barbazan-debat,65690,3500,10,354.0,43.2019,0.1295
3204,88,Vosges,Grand Est,Rupt-sur-Moselle,rupt-sur-moselle,88360,3497,46,76.0,47.9287,6.6657
3205,09,Ariège,Occitanie,Varilhes,varilhes,09120,3495,12,299.0,43.0553,1.6344
3206,68,Haut-Rhin,Grand Est,Issenheim,issenheim,68500,3491,8,427.0,47.9043,7.2555
3207,38,Isère,Auvergne-Rhône-Alpes,Crémieu,cremieu,38460,3490,6,563.0,45.7314,5.2635
3208,04,Alpes-de-Haute-Provence,Provence-Alpes-Côte d'Azur,Sainte-Tulle,sainte-tulle,04220,3489,17,204.0,43.7822,5.7662
3209,06,Alpes-Maritimes,Provence-Alpes-Côte d'Azur,Colomars,colomars,06670,3487,6,556.0,43.757,7.2212
3210,63,Puy-de-Dôme,Auvergne-Rhône-Alpes,Saint-Éloy-les-Mines,saint-eloy-les-mines,63700,3486,22,159.0,46.162,2.8439
3211,07,Ardèche,Auvergne-Rhône-Alpes,Vals-les-Bains,vals-les-bains,07600,3485,20,179.0,44.666,4.3426
3212,44,Loire-Atlantique,Pays de la Loire,Saint-Colomban,saint-colomban,44310,3485,36,97.0,47.0175,-1.5526
3213,64,Pyrénées-Atlantiques,Nouvelle-Aquitaine,Sauvagnon,sauvagnon,64230,3484,17,208.0,43.3916,-0.3872
3214,38,Isère,Auvergne-Rhône-Alpes,Saint-Georges-d'Espéranche,saint-georges-d-esperanche,38790,3483,25,142.0,45.5628,5.089
3215,46,Lot,Occitanie,Gramat,gramat,46500,3482,57,61.0,44.7643,1.7125
3216,43,Haute-Loire,Auvergne-Rhône-Alpes,Saint-Didier-en-Velay,saint-didier-en-velay,43140,3480,26,133.0,45.3064,4.2858
3217,44,Loire-Atlantique,Pays de la Loire,Guenrouet,guenrouet,44530,3480,70,50.0,47.5133,-1.947
3218,26,Drôme,Auvergne-Rhône-Alpes,La Roche-de-Glun,la-roche-de-glun,26600,3478,12,279.0,45.0114,4.8593
3219,34,Hérault,Occitanie,Magalas,magalas,34480,3478,21,167.0,43.4778,3.2216
3220,73,Savoie,Auvergne-Rhône-Alpes,Moûtiers,moutiers,73600,3475,3,1110.0,45.4866,6.538
3221,55,Meuse,Grand Est,Étain,etain,55400,3473,20,173.0,49.2204,5.6311
3222,67,Bas-Rhin,Grand Est,Weyersheim,weyersheim,67720,3473,20,177.0,48.7161,7.8368
3223,50,Manche,Normandie,Bréhal,brehal,50290,3472,13,264.0,48.8979,-1.5278
3224,73,Savoie,Auvergne-Rhône-Alpes,Les Belleville,les-belleville,73440,3472,163,21.0,45.3628,6.506
3225,22,Côtes-d'Armor,Bretagne,Plouër-sur-Rance,plouer-sur-rance,22490,3469,20,172.0,48.5254,-2.0064
3226,42,Loire,Auvergne-Rhône-Alpes,Savigneux,savigneux,42600,3468,19,183.0,45.622,4.1013
3227,74,Haute-Savoie,Auvergne-Rhône-Alpes,Villaz,villaz,74370,3468,15,228.0,45.9538,6.1999
3228,35,Ille-et-Vilaine,Bretagne,Saint-Erblon,saint-erblon,35230,3466,11,318.0,48.02,-1.6465
3229,31,Haute-Garonne,Occitanie,Lavernose-Lacasse,lavernose-lacasse,31410,3465,18,192.0,43.391,1.2411
3230,74,Haute-Savoie,Auvergne-Rhône-Alpes,Taninges,taninges,74440,3465,43,82.0,46.1341,6.6137
3231,49,Maine-et-Loire,Pays de la Loire,Val-du-Layon,val-du-layon,49750,3464,15,236.0,47.3135,-0.6529
3232,89,Yonne,Bourgogne-Franche-Comté,Villeneuve-la-Guyard,villeneuve-la-guyard,89340,3464,17,204.0,48.331,3.0578
3233,29,Finistère,Bretagne,La Forêt-Fouesnant,la-foret-fouesnant,29940,3463,19,185.0,47.9203,-3.9645
3234,49,Maine-et-Loire,Pays de la Loire,Bellevigne-les-Châteaux,bellevigne-les-chateaux,49400,3463,7,527.0,47.1781,-0.0449
3235,67,Bas-Rhin,Grand Est,Gerstheim,gerstheim,67150,3463,18,194.0,48.3808,7.693
3236,60,Oise,Hauts-de-France,Crèvecœur-le-Grand,crevecoeur-le-grand,60360,3462,12,281.0,49.6103,2.0861
3237,62,Pas-de-Calais,Hauts-de-France,Verquin,verquin,62131,3459,4,932.0,50.5013,2.6419
3238,54,Meurthe-et-Moselle,Grand Est,Haucourt-Moulaine,haucourt-moulaine,54860,3458,7,463.0,49.4984,5.8102
3239,67,Bas-Rhin,Grand Est,Lampertheim,lampertheim,67450,3458,7,509.0,48.6561,7.6966
3240,84,Vaucluse,Provence-Alpes-Côte d'Azur,Caromb,caromb,84330,3458,18,193.0,44.11,5.1078
3241,64,Pyrénées-Atlantiques,Nouvelle-Aquitaine,Arcangues,arcangues,64200,3457,18,194.0,43.4261,-1.5079
3242,60,Oise,Hauts-de-France,Orry-la-Ville,orry-la-ville,60560,3455,12,288.0,49.1414,2.5087
3243,32,Gers,Occitanie,Mirande,mirande,32300,3454,24,146.0,43.52,0.4053
3244,68,Haut-Rhin,Grand Est,Orbey,orbey,68370,3453,46,75.0,48.1158,7.1341
3245,34,Hérault,Occitanie,Boujan-sur-Libron,boujan-sur-libron,34760,3452,7,491.0,43.3803,3.2628
3246,33,Gironde,Nouvelle-Aquitaine,Montussan,montussan,33450,3451,8,410.0,44.8843,-0.4294
3247,85,Vendée,Pays de la Loire,Bournezeau,bournezeau,85480,3451,61,57.0,46.6289,-1.139
3248,60,Oise,Hauts-de-France,Sainte-Geneviève,sainte-genevieve,60730,3450,8,430.0,49.2871,2.2008
3249,01,Ain,Auvergne-Rhône-Alpes,Nantua,nantua,01130,3449,14,239.0,46.1486,5.6079
3250,81,Tarn,Occitanie,Marssac-sur-Tarn,marssac-sur-tarn,81150,3449,7,473.0,43.9122,2.0348
3251,66,Pyrénées-Orientales,Occitanie,Sorède,sorede,66690,3448,35,99.0,42.5083,2.988
3252,14,Calvados,Normandie,Troarn,troarn,14670,3446,11,301.0,49.1941,-0.1844
3253,37,Indre-et-Loire,Centre-Val de Loire,Azay-le-Rideau,azay-le-rideau,37190,3442,27,126.0,47.2737,0.4616
3254,33,Gironde,Nouvelle-Aquitaine,Saint-Caprais-de-Bordeaux,saint-caprais-de-bordeaux,33880,3440,10,339.0,44.7544,-0.4262
3255,64,Pyrénées-Atlantiques,Nouvelle-Aquitaine,Artix,artix,64170,3440,9,382.0,43.3984,-0.5728
3256,46,Lot,Occitanie,Saint-Céré,saint-cere,46400,3438,11,302.0,44.8492,1.9027
3257,10,Aube,Grand Est,Aix-Villemaur-Pâlis,aix-villemaur-palis,10160,3437,35,99.0,48.2266,3.7218
3258,43,Haute-Loire,Auvergne-Rhône-Alpes,Langeac,langeac,43300,3437,34,101.0,45.0759,3.4775
3259,84,Vaucluse,Provence-Alpes-Côte d'Azur,Châteauneuf-de-Gadagne,chateauneuf-de-gadagne,84470,3437,13,255.0,43.9307,4.9435
3260,30,Gard,Occitanie,Saint-Julien-les-Rosiers,saint-julien-les-rosiers,30340,3436,14,243.0,44.1934,4.0986
3261,63,Puy-de-Dôme,Auvergne-Rhône-Alpes,La Roche-Blanche,la-roche-blanche,63670,3436,12,294.0,45.7134,3.1384
3262,45,Loiret,Centre-Val de Loire,Traînou,trainou,45470,3435,33,103.0,47.9643,2.097
3263,59,Nord,Hauts-de-France,Landrecies,landrecies,59550,3435,22,158.0,50.117,3.6841
3264,01,Ain,Auvergne-Rhône-Alpes,Béligneux,beligneux,01360,3434,13,258.0,45.8622,5.1415
3265,74,Haute-Savoie,Auvergne-Rhône-Alpes,Saint-Jeoire,saint-jeoire,74490,3431,23,151.0,46.1446,6.4696
3266,79,Deux-Sèvres,Nouvelle-Aquitaine,Vouillé,vouille,79230,3431,22,154.0,46.3199,-0.3555
3267,01,Ain,Auvergne-Rhône-Alpes,Culoz-Béon,culoz-beon,01350,3426,19,179.0,45.8553,5.7716
3268,38,Isère,Auvergne-Rhône-Alpes,Saint-Clair-de-la-Tour,saint-clair-de-la-tour,38110,3425,9,370.0,45.5717,5.4863
3269,56,Morbihan,Bretagne,Crach,crach,56950,3422,32,108.0,47.6307,-2.9949
3270,95,Val-d'Oise,Île-de-France,Marines,marines,95640,3422,8,412.0,49.1499,1.9825
3271,44,Loire-Atlantique,Pays de la Loire,La Chapelle-Heulin,la-chapelle-heulin,44330,3420,14,252.0,47.1745,-1.3468
3272,34,Hérault,Occitanie,Vic-la-Gardiole,vic-la-gardiole,34110,3416,31,111.0,43.4838,3.8046
3273,56,Morbihan,Bretagne,Évellys,evellys,56500,3415,41,83.0,47.9714,-2.8675
3274,13,Bouches-du-Rhône,Provence-Alpes-Côte d'Azur,Mouriès,mouries,13890,3414,38,89.0,43.7053,4.8781
3275,17,Charente-Maritime,Nouvelle-Aquitaine,La Jarrie,la-jarrie,17220,3414,10,358.0,46.1221,-1.0107
3276,29,Finistère,Bretagne,Plougonven,plougonven,29640,3412,70,49.0,48.5064,-3.7354
3277,38,Isère,Auvergne-Rhône-Alpes,La Buisse,la-buisse,38500,3411,12,292.0,45.3319,5.6245
3278,73,Savoie,Auvergne-Rhône-Alpes,Mercury,mercury,73200,3411,22,154.0,45.6929,6.3434
3279,77,Seine-et-Marne,Île-de-France,Thomery,thomery,77810,3411,4,910.0,48.4021,2.7729
3280,01,Ain,Auvergne-Rhône-Alpes,Arbent,arbent,01100,3409,24,144.0,46.2838,5.6879
3281,973,Guyane,Guyane,Roura,roura,97311,3409,3694,1.0,4.4685,-52.5164
3282,86,Vienne,Nouvelle-Aquitaine,Ligugé,liguge,86240,3408,23,149.0,46.5228,0.29
3283,29,Finistère,Bretagne,Melgven,melgven,29140,3405,51,66.0,47.9084,-3.8433
3284,38,Isère,Auvergne-Rhône-Alpes,Fontanil-Cornillon,fontanil-cornillon,38120,3405,5,635.0,45.2554,5.6614
3285,83,Var,Provence-Alpes-Côte d'Azur,Carcès,carces,83570,3405,36,95.0,43.4738,6.1752
3286,33,Gironde,Nouvelle-Aquitaine,Fargues-Saint-Hilaire,fargues-saint-hilaire,33370,3404,7,489.0,44.8202,-0.4399
3287,56,Morbihan,Bretagne,Férel,ferel,56130,3404,30,113.0,47.4865,-2.3385
3288,43,Haute-Loire,Auvergne-Rhône-Alpes,Vals-près-le-Puy,vals-pres-le-puy,43750,3402,5,661.0,45.0229,3.8637
3289,77,Seine-et-Marne,Île-de-France,Chaumes-en-Brie,chaumes-en-brie,77390,3401,20,170.0,48.6635,2.8472
3290,66,Pyrénées-Orientales,Occitanie,Saint-André,saint-andre,66690,3400,10,349.0,42.5541,2.9794
3291,30,Gard,Occitanie,Bernis,bernis,30620,3397,13,264.0,43.7673,4.2824
3292,77,Seine-et-Marne,Île-de-France,Servon,servon,77170,3396,7,460.0,48.7158,2.5914
3293,33,Gironde,Nouvelle-Aquitaine,Pompignac,pompignac,33370,3393,12,292.0,44.8527,-0.4347
3294,38,Isère,Auvergne-Rhône-Alpes,Saint-Romain-de-Jalionas,saint-romain-de-jalionas,38460,3393,14,248.0,45.7527,5.2227
3295,41,Loir-et-Cher,Centre-Val de Loire,Beauce la Romaine,beauce-la-romaine,41240,3393,28,121.0,47.936,1.4605
3296,45,Loiret,Centre-Val de Loire,Saint-Cyr-en-Val,saint-cyr-en-val,45590,3392,44,76.0,47.814,1.9551
3297,67,Bas-Rhin,Grand Est,Mertzwiller,mertzwiller,67580,3391,7,495.0,48.8705,7.687
3298,85,Vendée,Pays de la Loire,L'Herbergement,l-herbergement,85260,3390,17,200.0,46.9153,-1.3745
3299,38,Isère,Auvergne-Rhône-Alpes,Crêts en Belledonne,crets-en-belledonne,38830,3389,27,127.0,45.3569,6.0314
3300,33,Gironde,Nouvelle-Aquitaine,Saucats,saucats,33650,3388,89,38.0,44.6476,-0.6377
3301,17,Charente-Maritime,Nouvelle-Aquitaine,Saint-Sulpice-de-Royan,saint-sulpice-de-royan,17200,3387,21,162.0,45.6752,-1.0108
3302,72,Sarthe,Pays de la Loire,Cérans-Foulletourte,cerans-foulletourte,72330,3387,32,104.0,47.8337,0.0708
3303,68,Haut-Rhin,Grand Est,Hégenheim,hegenheim,68220,3386,7,484.0,47.5607,7.5275
3304,26,Drôme,Auvergne-Rhône-Alpes,Mours-Saint-Eusèbe,mours-saint-eusebe,26540,3385,5,634.0,45.0719,5.058
3305,85,Vendée,Pays de la Loire,Coëx,coex,85220,3383,40,85.0,46.7105,-1.7534
3306,01,Ain,Auvergne-Rhône-Alpes,Feillens,feillens,01570,3381,15,228.0,46.3393,4.8866
3307,01,Ain,Auvergne-Rhône-Alpes,Loyettes,loyettes,01360,3381,21,159.0,45.7953,5.2163
3308,13,Bouches-du-Rhône,Provence-Alpes-Côte d'Azur,Saint-Andiol,saint-andiol,13670,3380,16,210.0,43.8327,4.9498
3309,60,Oise,Hauts-de-France,Andeville,andeville,60570,3380,4,801.0,49.2584,2.1669
3310,91,Essonne,Île-de-France,Briis-sous-Forges,briis-sous-forges,91640,3380,11,302.0,48.6294,2.1304
3311,14,Calvados,Normandie,Moult-Chicheboville,moult-chicheboville,14370,3378,10,332.0,49.1123,-0.1898
3312,34,Hérault,Occitanie,Saint-Brès,saint-bres,34670,3378,5,704.0,43.6656,4.0377
3313,57,Moselle,Grand Est,Morhange,morhange,57340,3377,16,217.0,48.928,6.6388
3314,20,Corse,Corse,Penta-di-Casinca,penta-di-casinca,20213,3376,19,182.0,42.4565,9.4888
3315,63,Puy-de-Dôme,Auvergne-Rhône-Alpes,Brassac-les-Mines,brassac-les-mines,63570,3376,7,473.0,45.4157,3.3188
3316,06,Alpes-Maritimes,Provence-Alpes-Côte d'Azur,Saint-Martin-du-Var,saint-martin-du-var,06670,3375,5,693.0,43.8168,7.2012
3317,38,Isère,Auvergne-Rhône-Alpes,Renage,renage,38140,3374,5,662.0,45.3295,5.4939
3318,45,Loiret,Centre-Val de Loire,Puiseaux,puiseaux,45390,3374,20,166.0,48.2084,2.4679
3319,69,Rhône,Auvergne-Rhône-Alpes,Vourles,vourles,69390,3374,6,606.0,45.6569,4.7691
3320,30,Gard,Occitanie,Quissac,quissac,30260,3373,23,145.0,43.9213,3.9985
3321,57,Moselle,Grand Est,Carling,carling,57490,3373,3,1268.0,49.1675,6.7139
3322,17,Charente-Maritime,Nouvelle-Aquitaine,Sainte-Marie-de-Ré,sainte-marie-de-re,17740,3372,10,332.0,46.1559,-1.3232
3323,33,Gironde,Nouvelle-Aquitaine,Le Porge,le-porge,33680,3371,149,23.0,44.8649,-1.1351
3324,61,Orne,Normandie,Val-au-Perche,val-au-perche,61130,3369,10,354.0,48.2883,0.6987
3325,01,Ain,Auvergne-Rhône-Alpes,Saint-André-de-Corcy,saint-andre-de-corcy,01390,3368,21,160.0,45.9287,4.9529
3326,62,Pas-de-Calais,Hauts-de-France,Hulluch,hulluch,62410,3367,6,584.0,50.4859,2.8175
3327,62,Pas-de-Calais,Hauts-de-France,Merlimont,merlimont,62155,3367,20,165.0,50.4525,1.6099
3328,41,Loir-et-Cher,Centre-Val de Loire,Veuzain-sur-Loire,veuzain-sur-loire,41150,3364,30,112.0,47.5079,1.15
3329,44,Loire-Atlantique,Pays de la Loire,La Bernerie-en-Retz,la-bernerie-en-retz,44760,3364,6,562.0,47.0862,-2.0318
3330,91,Essonne,Île-de-France,Le Mérévillois,le-merevillois,91660,3364,27,123.0,48.3201,2.0963
3331,50,Manche,Normandie,Saint-Sauveur-Villages,saint-sauveur-villages,50490,3362,17,202.0,49.1342,-1.4117
3332,01,Ain,Auvergne-Rhône-Alpes,La Boisse,la-boisse,01120,3361,9,358.0,45.8483,5.0262
3333,30,Gard,Occitanie,Saint-Ambroix,saint-ambroix,30500,3361,12,283.0,44.2489,4.1913
3334,40,Landes,Nouvelle-Aquitaine,Saint-Vincent-de-Paul,saint-vincent-de-paul,40990,3360,33,103.0,43.7726,-0.9965
3335,59,Nord,Hauts-de-France,Mérignies,merignies,59710,3360,9,385.0,50.5048,3.1222
3336,57,Moselle,Grand Est,Clouange,clouange,57185,3359,3,1123.0,49.2636,6.0856
3337,57,Moselle,Grand Est,Cocheren,cocheren,57800,3359,6,598.0,49.1412,6.8491
3338,35,Ille-et-Vilaine,Bretagne,Bourg-des-Comptes,bourg-des-comptes,35890,3358,23,144.0,47.9244,-1.7182
3339,63,Puy-de-Dôme,Auvergne-Rhône-Alpes,Vertaizon,vertaizon,63910,3358,13,261.0,45.7741,3.2842
3340,95,Val-d'Oise,Île-de-France,Chaumontel,chaumontel,95270,3356,4,795.0,49.1277,2.4367
3341,16,Charente,Nouvelle-Aquitaine,Ruffec,ruffec,16700,3353,14,248.0,46.0383,0.1991
3342,74,Haute-Savoie,Auvergne-Rhône-Alpes,Les Houches,les-houches,74310,3353,47,72.0,45.8919,6.7991
3343,67,Bas-Rhin,Grand Est,Bischoffsheim,bischoffsheim,67870,3352,12,269.0,48.4838,7.5317
3344,49,Maine-et-Loire,Pays de la Loire,Durtal,durtal,49430,3351,61,55.0,47.6654,-0.2456
3345,20,Corse,Corse,Grosseto-Prugna,grosseto-prugna,20128,3349,32,105.0,41.8856,8.8755
3346,40,Landes,Nouvelle-Aquitaine,Tosse,tosse,40230,3348,18,186.0,43.6952,-1.316
3347,56,Morbihan,Bretagne,Cléguer,cleguer,56620,3348,32,103.0,47.8624,-3.36
3348,90,Territoire de Belfort,Bourgogne-Franche-Comté,Essert,essert,90850,3348,7,472.0,47.6382,6.8127
3349,33,Gironde,Nouvelle-Aquitaine,Saint-Savin,saint-savin,33920,3347,34,99.0,45.1611,-0.4449
3350,37,Indre-et-Loire,Centre-Val de Loire,Vouvray,vouvray,37210,3346,23,145.0,47.4311,0.8044
3351,60,Oise,Hauts-de-France,Chaumont-en-Vexin,chaumont-en-vexin,60240,3346,19,180.0,49.2733,1.8828
3352,38,Isère,Auvergne-Rhône-Alpes,Froges,froges,38190,3345,6,519.0,45.2684,5.9265
3353,91,Essonne,Île-de-France,Cerny,cerny,91590,3345,17,194.0,48.4837,2.309
3354,29,Finistère,Bretagne,Elliant,elliant,29370,3343,71,47.0,48.0073,-3.9053
3355,59,Nord,Hauts-de-France,Iwuy,iwuy,59141,3343,13,264.0,50.2334,3.3363
3356,78,Yvelines,Île-de-France,Buchelay,buchelay,78200,3340,5,676.0,48.983,1.6788
3357,78,Yvelines,Île-de-France,Neauphle-le-Château,neauphle-le-chateau,78640,3340,2,1518.0,48.8122,1.9031
3358,29,Finistère,Bretagne,Saint-Yvi,saint-yvi,29140,3339,27,122.0,47.9606,-3.9329
3359,38,Isère,Auvergne-Rhône-Alpes,Champ-sur-Drac,champ-sur-drac,38560,3339,9,377.0,45.07,5.724
3360,62,Pas-de-Calais,Hauts-de-France,Saint-Léonard,saint-leonard,62360,3338,4,948.0,50.6944,1.6215
3361,84,Vaucluse,Provence-Alpes-Côte d'Azur,Villelaure,villelaure,84530,3337,18,185.0,43.7066,5.4266
3362,01,Ain,Auvergne-Rhône-Alpes,Attignat,attignat,01340,3336,19,176.0,46.2858,5.1823
3363,20,Corse,Corse,Afa,afa,20167,3336,12,278.0,41.981,8.7975
3364,44,Loire-Atlantique,Pays de la Loire,Le Pallet,le-pallet,44330,3335,11,295.0,47.1424,-1.3464
3365,22,Côtes-d'Armor,Bretagne,Saint-Cast-le-Guildo,saint-cast-le-guildo,22380,3334,23,146.0,48.6077,-2.2499
3366,29,Finistère,Bretagne,Roscoff,roscoff,29680,3334,7,509.0,48.7135,-3.9866
3367,77,Seine-et-Marne,Île-de-France,Collégien,collegien,77090,3334,3,972.0,48.8249,2.6758
3368,95,Val-d'Oise,Île-de-France,Frépillon,frepillon,95740,3334,3,975.0,49.0498,2.2021
3369,41,Loir-et-Cher,Centre-Val de Loire,Mont-près-Chambord,mont-pres-chambord,41250,3333,28,117.0,47.5565,1.4469
3370,89,Yonne,Bourgogne-Franche-Comté,Pont-sur-Yonne,pont-sur-yonne,89140,3333,14,239.0,48.2807,3.1885
3371,30,Gard,Occitanie,Aigues-Vives,aigues-vives,30670,3331,12,276.0,43.7343,4.193
3372,35,Ille-et-Vilaine,Bretagne,Louvigné-du-Désert,louvigne-du-desert,35420,3331,42,79.0,48.4859,-1.1251
3373,29,Finistère,Bretagne,Mellac,mellac,29300,3329,26,126.0,47.8984,-3.5835
3374,66,Pyrénées-Orientales,Occitanie,Baho,baho,66540,3327,8,431.0,42.7066,2.8229
3375,34,Hérault,Occitanie,Lespignan,lespignan,34710,3325,23,145.0,43.2737,3.1689
3376,30,Gard,Occitanie,Anduze,anduze,30140,3324,15,228.0,44.054,3.9766
3377,62,Pas-de-Calais,Hauts-de-France,Wizernes,wizernes,62570,3323,6,527.0,50.7139,2.2263
3378,35,Ille-et-Vilaine,Bretagne,Lécousse,lecousse,35133,3322,11,300.0,48.3584,-1.2183
3379,60,Oise,Hauts-de-France,Choisy-au-Bac,choisy-au-bac,60750,3322,16,209.0,49.4422,2.8956
3380,34,Hérault,Occitanie,Capestang,capestang,34310,3318,41,82.0,43.3184,3.0501
3381,62,Pas-de-Calais,Hauts-de-France,Frévent,frevent,62270,3318,15,217.0,50.27,2.2905
3382,77,Seine-et-Marne,Île-de-France,Annet-sur-Marne,annet-sur-marne,77410,3317,13,253.0,48.9232,2.7067
3383,56,Morbihan,Bretagne,Monterblanc,monterblanc,56250,3316,26,130.0,47.7345,-2.7034
3384,85,Vendée,Pays de la Loire,Treize-Septiers,treize-septiers,85600,3316,23,147.0,47.0016,-1.2268
3385,34,Hérault,Occitanie,Lavérune,laverune,34880,3312,7,463.0,43.5848,3.8003
3386,44,Loire-Atlantique,Pays de la Loire,Mauves-sur-Loire,mauves-sur-loire,44470,3312,14,230.0,47.3146,-1.4019
3387,50,Manche,Normandie,Bourgvallées,bourgvallees,50750,3312,6,526.0,49.0365,-1.132
3388,80,Somme,Hauts-de-France,Boves,boves,80440,3306,26,129.0,49.8392,2.388
3389,44,Loire-Atlantique,Pays de la Loire,Montbert,montbert,44140,3305,29,114.0,47.0669,-1.4723
3390,82,Tarn-et-Garonne,Occitanie,Albias,albias,82350,3305,22,152.0,44.0845,1.4508
3391,77,Seine-et-Marne,Île-de-France,Mareuil-lès-Meaux,mareuil-les-meaux,77100,3304,7,460.0,48.9252,2.8769
3392,65,Hautes-Pyrénées,Occitanie,Odos,odos,65310,3303,9,377.0,43.1949,0.0531
3393,34,Hérault,Occitanie,Mireval,mireval,34110,3302,11,293.0,43.5158,3.8022
3394,77,Seine-et-Marne,Île-de-France,Saint-Mammès,saint-mammes,77670,3302,2,1481.0,48.3863,2.8205
3395,64,Pyrénées-Atlantiques,Nouvelle-Aquitaine,Bassussarry,bassussarry,64200,3301,7,502.0,43.4445,-1.4974
3396,66,Pyrénées-Orientales,Occitanie,Villelongue-de-la-Salanque,villelongue-de-la-salanque,66410,3301,7,457.0,42.7261,2.977
3397,88,Vosges,Grand Est,Anould,anould,88650,3301,24,135.0,48.1794,6.939
3398,12,Aveyron,Occitanie,Sébazac-Concourès,sebazac-concoures,12740,3297,27,121.0,44.4236,2.6156
3399,57,Moselle,Grand Est,Grosbliederstroff,grosbliederstroff,57520,3297,13,252.0,49.1584,7.0214
3400,76,Seine-Maritime,Normandie,Amfreville-la-Mi-Voie,amfreville-la-mi-voie,76920,3296,4,841.0,49.4053,1.1275
3401,40,Landes,Nouvelle-Aquitaine,Narrosse,narrosse,40180,3295,11,313.0,43.6924,-1.005
3402,973,Guyane,Guyane,Montsinéry-Tonnegrande,montsinery-tonnegrande,97356,3295,626,5.0,4.8124,-52.5059
3403,37,Indre-et-Loire,Centre-Val de Loire,Descartes,descartes,37160,3294,38,86.0,46.9958,0.6871
3404,37,Indre-et-Loire,Centre-Val de Loire,Savonnières,savonnieres,37510,3294,17,194.0,47.3452,0.5574
3405,37,Indre-et-Loire,Centre-Val de Loire,La Membrolle-sur-Choisille,la-membrolle-sur-choisille,37390,3291,7,480.0,47.4452,0.6268
3406,27,Eure,Normandie,La Chapelle-Longueville,la-chapelle-longueville,27950,3290,5,726.0,49.1085,1.4115
3407,79,Deux-Sèvres,Nouvelle-Aquitaine,Airvault,airvault,79600,3287,49,67.0,46.8323,-0.1532
3408,01,Ain,Auvergne-Rhône-Alpes,Ceyzériat,ceyzeriat,01250,3285,9,357.0,46.1822,5.3191
3409,33,Gironde,Nouvelle-Aquitaine,Podensac,podensac,33720,3285,8,396.0,44.6479,-0.3576
3410,77,Seine-et-Marne,Île-de-France,Boissy-le-Châtel,boissy-le-chatel,77169,3285,10,331.0,48.8247,3.1379
3411,44,Loire-Atlantique,Pays de la Loire,Besné,besne,44160,3284,18,185.0,47.3828,-2.0703
3412,34,Hérault,Occitanie,Saint-Just,saint-just,34400,3282,6,533.0,43.657,4.1108
3413,31,Haute-Garonne,Occitanie,Longages,longages,31410,3280,21,153.0,43.3571,1.2114
3414,33,Gironde,Nouvelle-Aquitaine,Castillon-la-Bataille,castillon-la-bataille,33350,3279,6,576.0,44.8622,-0.0244
3415,38,Isère,Auvergne-Rhône-Alpes,Saint-Étienne-de-Saint-Geoirs,saint-etienne-de-saint-geoirs,38590,3279,19,175.0,45.3468,5.3504
3416,44,Loire-Atlantique,Pays de la Loire,Saint-Nicolas-de-Redon,saint-nicolas-de-redon,44460,3279,22,148.0,47.6364,-2.0522
3417,56,Morbihan,Bretagne,Sérent,serent,56460,3279,60,54.0,47.8246,-2.4993
3418,20,Corse,Corse,Sarrola-Carcopino,sarrola-carcopino,20167,3278,27,121.0,41.9981,8.8276
3419,31,Haute-Garonne,Occitanie,Lagardelle-sur-Lèze,lagardelle-sur-leze,31870,3277,14,240.0,43.4162,1.3929
3420,59,Nord,Hauts-de-France,Houplin-Ancoisne,houplin-ancoisne,59263,3275,6,505.0,50.5686,2.9943
3421,77,Seine-et-Marne,Île-de-France,Rubelles,rubelles,77950,3273,4,837.0,48.5654,2.6808
3422,25,Doubs,Bourgogne-Franche-Comté,Doubs,doubs,25300,3272,9,367.0,46.9321,6.3651
3423,26,Drôme,Auvergne-Rhône-Alpes,Malissard,malissard,26120,3271,10,322.0,44.9001,4.9584
3424,77,Seine-et-Marne,Île-de-France,Moussy-le-Neuf,moussy-le-neuf,77230,3270,15,220.0,49.0711,2.6038
3425,74,Haute-Savoie,Auvergne-Rhône-Alpes,Bonne,bonne,74380,3269,9,381.0,46.1735,6.3181
3426,83,Var,Provence-Alpes-Côte d'Azur,Forcalqueiret,forcalqueiret,83136,3269,11,306.0,43.3357,6.0884
3427,14,Calvados,Normandie,Luc-sur-Mer,luc-sur-mer,14530,3268,4,910.0,49.3075,-0.3562
3428,28,Eure-et-Loir,Centre-Val de Loire,La Loupe,la-loupe,28240,3268,7,442.0,48.4733,1.0261
3429,10,Aube,Grand Est,Les Noës-près-Troyes,les-noes-pres-troyes,10420,3267,1,4356.0,48.3033,4.0407
3430,31,Haute-Garonne,Occitanie,Seilh,seilh,31840,3266,6,531.0,43.692,1.3574
3431,85,Vendée,Pays de la Loire,Sallertaine,sallertaine,85300,3265,50,66.0,46.867,-1.958
3432,29,Finistère,Bretagne,Le Folgoët,le-folgoet,29260,3264,10,333.0,48.5678,-4.3513
3433,33,Gironde,Nouvelle-Aquitaine,Saint-Médard-d'Eyrans,saint-medard-d-eyrans,33650,3263,13,256.0,44.714,-0.5125
3434,45,Loiret,Centre-Val de Loire,Dordives,dordives,45680,3263,15,215.0,48.1435,2.7741
3435,60,Oise,Hauts-de-France,Précy-sur-Oise,precy-sur-oise,60460,3259,10,331.0,49.2024,2.3616
3436,88,Vosges,Grand Est,Le Thillot,le-thillot,88160,3257,15,214.0,47.8827,6.7775
3437,03,Allier,Auvergne-Rhône-Alpes,Creuzier-le-Vieux,creuzier-le-vieux,03300,3254,11,287.0,46.1632,3.4387
3438,50,Manche,Normandie,Gouville-sur-Mer,gouville-sur-mer,50560,3254,13,244.0,49.1077,-1.5315
3439,43,Haute-Loire,Auvergne-Rhône-Alpes,Sainte-Florine,sainte-florine,43250,3253,8,425.0,45.4018,3.3096
3440,50,Manche,Normandie,Les Pieux,les-pieux,50340,3253,16,207.0,49.5118,-1.811
3441,02,Aisne,Hauts-de-France,Saint-Michel,saint-michel,02830,3252,42,77.0,49.931,4.15
3442,06,Alpes-Maritimes,Provence-Alpes-Côte d'Azur,Auribeau-sur-Siagne,auribeau-sur-siagne,06810,3251,5,617.0,43.6105,6.9118
3443,60,Oise,Hauts-de-France,Pontpoint,pontpoint,60700,3251,19,170.0,49.3006,2.65
3444,74,Haute-Savoie,Auvergne-Rhône-Alpes,Magland,magland,74300,3251,40,81.0,46.009,6.6455
3445,82,Tarn-et-Garonne,Occitanie,La Ville-Dieu-du-Temple,la-ville-dieu-du-temple,82290,3251,26,124.0,44.0417,1.221
3446,11,Aude,Occitanie,Salles-d'Aude,salles-d-aude,11110,3250,18,178.0,43.2349,3.1082
3447,59,Nord,Hauts-de-France,Haveluy,haveluy,59255,3250,5,684.0,50.356,3.4016
3448,69,Rhône,Auvergne-Rhône-Alpes,Montanay,montanay,69250,3249,7,451.0,45.8793,4.8657
3449,16,Charente,Nouvelle-Aquitaine,Magnac-sur-Touvre,magnac-sur-touvre,16600,3248,8,414.0,45.6558,0.2384
3450,28,Eure-et-Loir,Centre-Val de Loire,Brou,brou,28160,3248,20,165.0,48.2189,1.1557
3451,44,Loire-Atlantique,Pays de la Loire,Frossay,frossay,44320,3248,60,54.0,47.2514,-1.9371
3452,27,Eure,Normandie,Romilly-sur-Andelle,romilly-sur-andelle,27610,3247,9,379.0,49.3333,1.2569
3453,29,Finistère,Bretagne,Pleuven,pleuven,29170,3247,14,238.0,47.9132,-4.049
3454,34,Hérault,Occitanie,Portiragnes,portiragnes,34420,3247,20,162.0,43.3024,3.3458
3455,09,Ariège,Occitanie,La Tour-du-Crieu,la-tour-du-crieu,09100,3246,10,313.0,43.1071,1.6651
3456,53,Mayenne,Pays de la Loire,Cossé-le-Vivien,cosse-le-vivien,53230,3246,45,72.0,47.9452,-0.9284
3457,59,Nord,Hauts-de-France,Bavay,bavay,59570,3246,10,312.0,50.2913,3.8029
3458,59,Nord,Hauts-de-France,Coutiches,coutiches,59310,3246,16,198.0,50.4493,3.1906
3459,25,Doubs,Bourgogne-Franche-Comté,Exincourt,exincourt,25400,3245,4,925.0,47.5017,6.8371
3460,80,Somme,Hauts-de-France,Flixecourt,flixecourt,80420,3245,12,276.0,50.013,2.0865
3461,38,Isère,Auvergne-Rhône-Alpes,Cessieu,cessieu,38110,3244,14,224.0,45.5694,5.3746
3462,11,Aude,Occitanie,Bram,bram,11150,3239,18,182.0,43.2511,2.1108
3463,05,Hautes-Alpes,Provence-Alpes-Côte d'Azur,Veynes,veynes,05400,3238,44,74.0,44.5599,5.8227
3464,50,Manche,Normandie,Picauville,picauville,50250,3237,19,168.0,49.38,-1.3964
3465,29,Finistère,Bretagne,Carantec,carantec,29660,3236,9,350.0,48.6693,-3.9118
3466,20,Corse,Corse,Ville-di-Pietrabugno,ville-di-pietrabugno,20200,3232,8,426.0,42.7165,9.4263
3467,57,Moselle,Grand Est,Bousse,bousse,57310,3231,9,365.0,49.2755,6.2052
3468,22,Côtes-d'Armor,Bretagne,Plélo,plelo,22170,3230,44,73.0,48.5567,-2.9183
3469,26,Drôme,Auvergne-Rhône-Alpes,Dieulefit,dieulefit,26220,3230,28,117.0,44.5354,5.0685
3470,17,Charente-Maritime,Nouvelle-Aquitaine,Montendre,montendre,17130,3228,26,125.0,45.2859,-0.3862
3471,59,Nord,Hauts-de-France,Fretin,fretin,59273,3227,13,242.0,50.5676,3.1306
3472,66,Pyrénées-Orientales,Occitanie,Saint-Hippolyte,saint-hippolyte,66510,3227,26,126.0,42.8104,2.9754
3473,70,Haute-Saône,Bourgogne-Franche-Comté,Échenoz-la-Méline,echenoz-la-meline,70000,3225,8,394.0,47.5949,6.1381
3474,16,Charente,Nouvelle-Aquitaine,Saint-Michel,saint-michel,16470,3224,2,1295.0,45.64,0.111
3475,28,Eure-et-Loir,Centre-Val de Loire,Illiers-Combray,illiers-combray,28120,3224,34,95.0,48.3018,1.2132
3476,34,Hérault,Occitanie,Lignan-sur-Orb,lignan-sur-orb,34490,3224,3,951.0,43.383,3.1728
3477,64,Pyrénées-Atlantiques,Nouvelle-Aquitaine,Nay,nay,64800,3224,5,615.0,43.1766,-0.2624
3478,44,Loire-Atlantique,Pays de la Loire,La Chapelle-Launay,la-chapelle-launay,44260,3221,25,130.0,47.3474,-1.9786
3479,66,Pyrénées-Orientales,Occitanie,Latour-Bas-Elne,latour-bas-elne,66200,3221,3,961.0,42.6041,3.0067
3480,20,Corse,Corse,L'Île-Rousse,l-ile-rousse,20220,3220,3,1234.0,42.6344,8.9364
3481,37,Indre-et-Loire,Centre-Val de Loire,Rochecorbon,rochecorbon,37210,3220,17,191.0,47.4338,0.7605
3482,58,Nièvre,Bourgogne-Franche-Comté,La Machine,la-machine,58260,3220,18,178.0,46.8875,3.4617
3483,04,Alpes-de-Haute-Provence,Provence-Alpes-Côte d'Azur,Volx,volx,04130,3219,19,172.0,43.8677,5.8252
3484,57,Moselle,Grand Est,Spicheren,spicheren,57350,3218,8,394.0,49.1947,6.9706
3485,01,Ain,Auvergne-Rhône-Alpes,Vonnas,vonnas,01540,3216,18,178.0,46.2132,4.9945
3486,79,Deux-Sèvres,Nouvelle-Aquitaine,Argentonnay,argentonnay,79150,3213,29,112.0,46.9721,-0.4164
3487,20,Corse,Corse,Vescovato,vescovato,20215,3212,18,182.0,42.5122,9.4756
3488,45,Loiret,Centre-Val de Loire,Semoy,semoy,45400,3211,8,415.0,47.9363,1.9652
3489,29,Finistère,Bretagne,Plogonnec,plogonnec,29180,3210,54,60.0,48.0694,-4.1759
3490,49,Maine-et-Loire,Pays de la Loire,Maulévrier,maulevrier,49360,3208,34,95.0,47.0159,-0.7662
3491,63,Puy-de-Dôme,Auvergne-Rhône-Alpes,Mur-sur-Allier,mur-sur-allier,63115,3208,8,380.0,45.7603,3.2421
3492,22,Côtes-d'Armor,Bretagne,Rostrenen,rostrenen,22110,3207,32,99.0,48.2223,-3.3105
3493,31,Haute-Garonne,Occitanie,Vernet,vernet,31810,3207,11,301.0,43.4272,1.4193
3494,33,Gironde,Nouvelle-Aquitaine,Ambès,ambes,33810,3207,25,129.0,45.0123,-0.5486
3495,59,Nord,Hauts-de-France,Anor,anor,59186,3204,22,143.0,49.9965,4.1216
3496,59,Nord,Hauts-de-France,Escaudœuvres,escaudoeuvres,59161,3204,7,483.0,50.1937,3.2712
3497,81,Tarn,Occitanie,Puylaurens,puylaurens,81700,3204,82,39.0,43.5793,2.0087
3498,14,Calvados,Normandie,Hermanville-sur-Mer,hermanville-sur-mer,14880,3203,8,390.0,49.2832,-0.3224
3499,38,Isère,Auvergne-Rhône-Alpes,Dolomieu,dolomieu,38110,3203,13,240.0,45.6179,5.4759
3500,44,Loire-Atlantique,Pays de la Loire,Rouans,rouans,44640,3203,38,85.0,47.18,-1.8462
3501,56,Morbihan,Bretagne,Merlevenez,merlevenez,56700,3203,18,181.0,47.7302,-3.2429
3502,57,Moselle,Grand Est,Knutange,knutange,57240,3202,2,1318.0,49.3373,6.0319
3503,10,Aube,Grand Est,Saint-Parres-aux-Tertres,saint-parres-aux-tertres,10410,3201,12,269.0,48.2935,4.1362
3504,89,Yonne,Bourgogne-Franche-Comté,Saint-Georges-sur-Baulche,saint-georges-sur-baulche,89000,3201,10,331.0,47.8028,3.5163
3505,20,Corse,Corse,Bonifacio,bonifacio,20169,3200,141,23.0,41.4217,9.1973
3506,42,Loire,Auvergne-Rhône-Alpes,Renaison,renaison,42370,3200,23,137.0,46.0454,3.911
3507,69,Rhône,Auvergne-Rhône-Alpes,Montagny,montagny,69700,3200,8,393.0,45.6296,4.752
3508,68,Haut-Rhin,Grand Est,Buhl,buhl,68530,3199,9,365.0,47.9259,7.1799
3509,46,Lot,Occitanie,Souillac,souillac,46200,3198,26,123.0,44.9144,1.465
3510,77,Seine-et-Marne,Île-de-France,Verneuil-l'Étang,verneuil-l-etang,77390,3198,8,413.0,48.6367,2.8295
3511,971,Guadeloupe,Guadeloupe,Capesterre-de-Marie-Galante,capesterre-de-marie-galante,97140,3198,46,69.0,15.9176,-61.2296
3512,69,Rhône,Auvergne-Rhône-Alpes,Toussieu,toussieu,69780,3195,5,628.0,45.6585,4.9819
3513,17,Charente-Maritime,Nouvelle-Aquitaine,Marsilly,marsilly,17137,3194,12,265.0,46.2289,-1.1375
3514,39,Jura,Bourgogne-Franche-Comté,Arbois,arbois,39600,3193,45,70.0,46.8876,5.773
3515,53,Mayenne,Pays de la Loire,Montsûrs,montsurs,53150,3193,11,293.0,48.1636,-0.5575
3516,31,Haute-Garonne,Occitanie,Gagnac-sur-Garonne,gagnac-sur-garonne,31150,3192,5,684.0,43.7077,1.3636
3517,74,Haute-Savoie,Auvergne-Rhône-Alpes,Neuvecelle,neuvecelle,74500,3192,4,796.0,46.3929,6.6091
3518,40,Landes,Nouvelle-Aquitaine,Tartas,tartas,40400,3191,30,105.0,43.8156,-0.7791
3519,76,Seine-Maritime,Normandie,Offranville,offranville,76550,3191,17,184.0,49.871,1.0334
3520,49,Maine-et-Loire,Pays de la Loire,La Tessoualle,la-tessoualle,49280,3189,21,150.0,47.0113,-0.834
3521,85,Vendée,Pays de la Loire,Le Boupère,le-boupere,85510,3189,44,73.0,46.7867,-0.9341
3522,12,Aveyron,Occitanie,Druelle Balsac,druelle-balsac,12000,3188,36,90.0,44.3782,2.4721
3523,44,Loire-Atlantique,Pays de la Loire,Saint-Malo-de-Guersac,saint-malo-de-guersac,44550,3188,15,208.0,47.3608,-2.173
3524,50,Manche,Normandie,Quettreville-sur-Sienne,quettreville-sur-sienne,50660,3188,16,199.0,48.968,-1.4322
3525,69,Rhône,Auvergne-Rhône-Alpes,Lissieu,lissieu,69380,3188,6,562.0,45.8582,4.7496
3526,29,Finistère,Bretagne,Pleyber-Christ,pleyber-christ,29410,3186,46,70.0,48.5081,-3.8754
3527,86,Vienne,Nouvelle-Aquitaine,Dissay,dissay,86130,3185,24,135.0,46.698,0.4452
3528,06,Alpes-Maritimes,Provence-Alpes-Côte d'Azur,Saint-Paul-de-Vence,saint-paul-de-vence,06570,3183,7,438.0,43.6928,7.1196
3529,58,Nièvre,Bourgogne-Franche-Comté,Imphy,imphy,58160,3183,17,191.0,46.9366,3.2815
3530,50,Manche,Normandie,Isigny-le-Buat,isigny-le-buat,50540,3182,74,43.0,48.6236,-1.1798
3531,51,Marne,Grand Est,Blancs-Coteaux,blancs-coteaux,51130,3182,36,89.0,48.9227,3.9714
3532,37,Indre-et-Loire,Centre-Val de Loire,Saint-Martin-le-Beau,saint-martin-le-beau,37270,3181,19,166.0,47.3586,0.9078
3533,59,Nord,Hauts-de-France,Berlaimont,berlaimont,59145,3180,13,241.0,50.2065,3.7939
3534,55,Meuse,Grand Est,Thierville-sur-Meuse,thierville-sur-meuse,55840,3179,12,276.0,49.172,5.3404
3535,43,Haute-Loire,Auvergne-Rhône-Alpes,Coubon,coubon,43700,3177,23,140.0,44.9966,3.9242
3536,88,Vosges,Grand Est,Chantraine,chantraine,88000,3177,6,519.0,48.167,6.4244
3537,22,Côtes-d'Armor,Bretagne,Saint-Quay-Portrieux,saint-quay-portrieux,22410,3175,4,804.0,48.6552,-2.8403
3538,47,Lot-et-Garonne,Nouvelle-Aquitaine,Sainte-Bazeille,sainte-bazeille,47180,3173,21,153.0,44.5306,0.1052
3539,59,Nord,Hauts-de-France,Hoymille,hoymille,59492,3173,6,567.0,50.9744,2.4543
3540,72,Sarthe,Pays de la Loire,Guécélard,guecelard,72230,3172,12,261.0,47.885,0.1405
3541,85,Vendée,Pays de la Loire,La Gaubretière,la-gaubretiere,85130,3172,30,105.0,46.9351,-1.0541
3542,56,Morbihan,Bretagne,Mauron,mauron,56430,3170,67,47.0,48.0839,-2.3094
3543,74,Haute-Savoie,Auvergne-Rhône-Alpes,Pers-Jussy,pers-jussy,74930,3170,19,171.0,46.1006,6.264
3544,89,Yonne,Bourgogne-Franche-Comté,Appoigny,appoigny,89380,3170,22,142.0,47.8669,3.5206
3545,61,Orne,Normandie,Saint-Georges-des-Groseillers,saint-georges-des-groseillers,61100,3164,7,435.0,48.7705,-0.5655
3546,72,Sarthe,Pays de la Loire,Mayet,mayet,72360,3164,54,58.0,47.7618,0.2809
3547,12,Aveyron,Occitanie,Baraqueville,baraqueville,12160,3163,34,92.0,44.2824,2.4527
3548,18,Cher,Centre-Val de Loire,La Guerche-sur-l'Aubois,la-guerche-sur-l-aubois,18150,3162,54,59.0,46.9528,2.945
3549,78,Yvelines,Île-de-France,Porcheville,porcheville,78440,3162,5,684.0,48.9781,1.768
3550,17,Charente-Maritime,Nouvelle-Aquitaine,Meschers-sur-Gironde,meschers-sur-gironde,17132,3160,16,199.0,45.5616,-0.9592
3551,44,Loire-Atlantique,Pays de la Loire,Le Landreau,le-landreau,44430,3160,24,134.0,47.2089,-1.3006
3552,41,Loir-et-Cher,Centre-Val de Loire,Saint-Gervais-la-Forêt,saint-gervais-la-foret,41350,3159,9,350.0,47.5642,1.3582
3553,07,Ardèche,Auvergne-Rhône-Alpes,Davézieux,davezieux,07430,3158,6,552.0,45.2533,4.6989
3554,59,Nord,Hauts-de-France,Boussois,boussois,59168,3157,6,501.0,50.2951,4.0473
3555,71,Saône-et-Loire,Bourgogne-Franche-Comté,Crêches-sur-Saône,creches-sur-saone,71680,3156,9,335.0,46.24,4.788
3556,04,Alpes-de-Haute-Provence,Provence-Alpes-Côte d'Azur,Valensole,valensole,04210,3155,128,25.0,43.8386,5.9392
3557,17,Charente-Maritime,Nouvelle-Aquitaine,Dolus-d'Oléron,dolus-d-oleron,17550,3155,29,109.0,45.9069,-1.2583
3558,39,Jura,Bourgogne-Franche-Comté,Montmorot,montmorot,39570,3154,11,278.0,46.685,5.5136
3559,67,Bas-Rhin,Grand Est,Scherwiller,scherwiller,67750,3153,19,167.0,48.2927,7.415
3560,44,Loire-Atlantique,Pays de la Loire,Corcoué-sur-Logne,corcoue-sur-logne,44650,3152,51,62.0,46.958,-1.6033
3561,76,Seine-Maritime,Normandie,Saint-Jacques-sur-Darnétal,saint-jacques-sur-darnetal,76160,3152,17,188.0,49.4485,1.207
3562,08,Ardennes,Grand Est,Fumay,fumay,08170,3151,38,84.0,49.9705,4.6612
3563,33,Gironde,Nouvelle-Aquitaine,Saint-Seurin-sur-l'Isle,saint-seurin-sur-l-isle,33660,3151,9,354.0,45.0093,-0.004
3564,49,Maine-et-Loire,Pays de la Loire,Briollay,briollay,49125,3151,14,218.0,47.5758,-0.4954
3565,59,Nord,Hauts-de-France,Arleux,arleux,59151,3151,11,283.0,50.2834,3.1041
3566,77,Seine-et-Marne,Île-de-France,Évry-Grégy-sur-Yerre,evry-gregy-sur-yerre,77166,3150,19,165.0,48.6531,2.641
3567,25,Doubs,Bourgogne-Franche-Comté,Saône,saone,25660,3148,21,152.0,47.2131,6.1126
3568,44,Loire-Atlantique,Pays de la Loire,Château-Thébaud,chateau-thebaud,44690,3147,18,178.0,47.1169,-1.4467
3569,67,Bas-Rhin,Grand Est,Soultz-sous-Forêts,soultz-sous-forets,67250,3147,15,204.0,48.9509,7.8705
3570,21,Côte-d'Or,Bourgogne-Franche-Comté,Neuilly-Crimolois,neuilly-crimolois,21800,3146,5,691.0,47.2723,5.1143
3571,24,Dordogne,Nouvelle-Aquitaine,Marsac-sur-l'Isle,marsac-sur-l-isle,24430,3143,10,311.0,45.1816,0.6475
3572,59,Nord,Hauts-de-France,La Sentinelle,la-sentinelle,59174,3143,4,816.0,50.3502,3.4766
3573,57,Moselle,Grand Est,Fontoy,fontoy,57650,3142,17,184.0,49.3583,5.996
3574,07,Ardèche,Auvergne-Rhône-Alpes,Charmes-sur-Rhône,charmes-sur-rhone,07800,3139,6,532.0,44.8632,4.8312
3575,60,Oise,Hauts-de-France,Breuil-le-Vert,breuil-le-vert,60600,3139,7,430.0,49.3629,2.419
3576,47,Lot-et-Garonne,Nouvelle-Aquitaine,Colayrac-Saint-Cirq,colayrac-saint-cirq,47450,3138,22,145.0,44.2351,0.5587
3577,03,Allier,Auvergne-Rhône-Alpes,Lapalisse,lapalisse,03120,3137,33,96.0,46.2613,3.6453
3578,62,Pas-de-Calais,Hauts-de-France,Pont-à-Vendin,pont-a-vendin,62880,3136,2,1515.0,50.4771,2.8865
3579,60,Oise,Hauts-de-France,Béthisy-Saint-Pierre,bethisy-saint-pierre,60320,3135,6,486.0,49.3053,2.8027
3580,66,Pyrénées-Orientales,Occitanie,Palau-del-Vidre,palau-del-vidre,66690,3135,10,301.0,42.5662,2.9595
3581,67,Bas-Rhin,Grand Est,Seltz,seltz,67470,3135,21,150.0,48.8952,8.0922
3582,71,Saône-et-Loire,Bourgogne-Franche-Comté,Ouroux-sur-Saône,ouroux-sur-saone,71370,3134,23,138.0,46.7249,4.9505
3583,14,Calvados,Normandie,Carpiquet,carpiquet,14650,3133,6,527.0,49.1872,-0.4452
3584,59,Nord,Hauts-de-France,Quarouble,quarouble,59243,3131,12,254.0,50.4056,3.626
3585,69,Rhône,Auvergne-Rhône-Alpes,Thurins,thurins,69510,3131,19,162.0,45.6809,4.6252
3586,14,Calvados,Normandie,Villers-Bocage,villers-bocage,14310,3130,6,533.0,49.0782,-0.6491
3587,25,Doubs,Bourgogne-Franche-Comté,Voujeaucourt,voujeaucourt,25420,3130,9,330.0,47.473,6.788
3588,30,Gard,Occitanie,Montfrin,montfrin,30490,3129,15,203.0,43.8769,4.5869
3589,40,Landes,Nouvelle-Aquitaine,Pouillon,pouillon,40350,3128,50,63.0,43.6067,-1
3590,59,Nord,Hauts-de-France,Proville,proville,59267,3128,6,496.0,50.1566,3.2042
3591,63,Puy-de-Dôme,Auvergne-Rhône-Alpes,Maringues,maringues,63350,3127,22,143.0,45.922,3.3435
3592,38,Isère,Auvergne-Rhône-Alpes,Bernin,bernin,38190,3126,8,406.0,45.2636,5.8624
3593,45,Loiret,Centre-Val de Loire,Châtillon-sur-Loire,chatillon-sur-loire,45360,3126,40,78.0,47.5754,2.7435
3594,43,Haute-Loire,Auvergne-Rhône-Alpes,Tence,tence,43190,3123,52,60.0,45.1169,4.304
3595,09,Ariège,Occitanie,Mirepoix,mirepoix,09500,3120,48,65.0,43.1137,1.8707
3596,30,Gard,Occitanie,Saint-Geniès-de-Malgoirès,saint-genies-de-malgoires,30190,3120,12,257.0,43.9477,4.214
3597,35,Ille-et-Vilaine,Bretagne,Piré-Chancé,pire-chance,35150,3120,37,85.0,48.0146,-1.406
3598,60,Oise,Hauts-de-France,La Chapelle-en-Serval,la-chapelle-en-serval,60520,3120,11,289.0,49.1226,2.5261
3599,45,Loiret,Centre-Val de Loire,Saint-Hilaire-Saint-Mesmin,saint-hilaire-saint-mesmin,45160,3118,14,221.0,47.8497,1.8313
3600,80,Somme,Hauts-de-France,Rue,rue,80120,3111,29,106.0,50.2796,1.6697
3601,22,Côtes-d'Armor,Bretagne,Plouézec,plouezec,22470,3110,29,109.0,48.745,-2.976
3602,31,Haute-Garonne,Occitanie,Montberon,montberon,31140,3110,6,484.0,43.7188,1.4901
3603,54,Meurthe-et-Moselle,Grand Est,Damelevières,damelevieres,54360,3110,8,379.0,48.5648,6.3967
3604,76,Seine-Maritime,Normandie,Quincampoix,quincampoix,76230,3110,21,151.0,49.5172,1.1738
3605,89,Yonne,Bourgogne-Franche-Comté,Brienon-sur-Armançon,brienon-sur-armancon,89210,3110,26,120.0,48.001,3.6183
3606,25,Doubs,Bourgogne-Franche-Comté,Les Fins,les-fins,25500,3109,26,121.0,47.0794,6.628
3607,23,Creuse,Nouvelle-Aquitaine,Aubusson,aubusson,23200,3108,19,161.0,45.9472,2.1701
3608,34,Hérault,Occitanie,Lansargues,lansargues,34130,3107,19,168.0,43.6314,4.0789
3609,06,Alpes-Maritimes,Provence-Alpes-Côte d'Azur,Le Tignet,le-tignet,06530,3105,11,274.0,43.6257,6.8538
3610,50,Manche,Normandie,Donville-les-Bains,donville-les-bains,50350,3103,3,1108.0,48.852,-1.5732
3611,16,Charente,Nouvelle-Aquitaine,Chasseneuil-sur-Bonnieure,chasseneuil-sur-bonnieure,16260,3101,33,94.0,45.8242,0.4453
3612,54,Meurthe-et-Moselle,Grand Est,Custines,custines,54670,3101,12,265.0,48.7896,6.1416
3613,56,Morbihan,Bretagne,Camors,camors,56330,3099,37,84.0,47.8293,-3.0016
3614,88,Vosges,Grand Est,Éloyes,eloyes,88510,3099,13,247.0,48.0915,6.6238
3615,45,Loiret,Centre-Val de Loire,Lailly-en-Val,lailly-en-val,45740,3098,46,67.0,47.747,1.7185
3616,31,Haute-Garonne,Occitanie,Montesquieu-Volvestre,montesquieu-volvestre,31310,3096,60,52.0,43.1778,1.2184
3617,63,Puy-de-Dôme,Auvergne-Rhône-Alpes,Châteaugay,chateaugay,63119,3096,9,342.0,45.8544,3.0996
3618,83,Var,Provence-Alpes-Côte d'Azur,Besse-sur-Issole,besse-sur-issole,83890,3095,37,83.0,43.339,6.1839
3619,33,Gironde,Nouvelle-Aquitaine,Camblanes-et-Meynac,camblanes-et-meynac,33360,3093,9,349.0,44.7643,-0.474
3620,29,Finistère,Bretagne,Saint-Thégonnec Loc-Eguiner,saint-thegonnec-loc-eguiner,29410,3089,42,74.0,48.5113,-3.9387
3621,38,Isère,Auvergne-Rhône-Alpes,Le Grand-Lemps,le-grand-lemps,38690,3089,13,240.0,45.3971,5.4155
3622,84,Vaucluse,Provence-Alpes-Côte d'Azur,Bédoin,bedoin,84410,3086,91,34.0,44.1337,5.2342
3623,91,Essonne,Île-de-France,Étiolles,etiolles,91450,3086,12,264.0,48.6485,2.4852
3624,22,Côtes-d'Armor,Bretagne,Louannec,louannec,22700,3085,14,215.0,48.7791,-3.4104
3625,77,Seine-et-Marne,Île-de-France,Château-Landon,chateau-landon,77570,3085,29,105.0,48.149,2.6976
3626,40,Landes,Nouvelle-Aquitaine,Rion-des-Landes,rion-des-landes,40370,3084,118,26.0,43.9318,-0.9436
3627,84,Vaucluse,Provence-Alpes-Côte d'Azur,Velleron,velleron,84740,3084,16,187.0,43.9604,5.0145
3628,69,Rhône,Auvergne-Rhône-Alpes,Solaize,solaize,69360,3082,8,380.0,45.6462,4.8331
3629,78,Yvelines,Île-de-France,Morainvilliers,morainvilliers,78630,3082,7,413.0,48.9351,1.9437
3630,95,Val-d'Oise,Île-de-France,Asnières-sur-Oise,asnieres-sur-oise,95270,3082,14,218.0,49.1387,2.3895
3631,33,Gironde,Nouvelle-Aquitaine,Saint-Ciers-sur-Gironde,saint-ciers-sur-gironde,33820,3081,38,81.0,45.2947,-0.6648
3632,49,Maine-et-Loire,Pays de la Loire,Trémentines,trementines,49340,3081,35,88.0,47.1261,-0.8036
3633,37,Indre-et-Loire,Centre-Val de Loire,Azay-sur-Cher,azay-sur-cher,37270,3080,23,134.0,47.3365,0.8427
3634,68,Haut-Rhin,Grand Est,Pulversheim,pulversheim,68840,3080,8,364.0,47.8408,7.3016
3635,34,Hérault,Occitanie,Murviel-lès-Béziers,murviel-les-beziers,34490,3077,33,95.0,43.4597,3.1362
3636,50,Manche,Normandie,Sourdeval,sourdeval,50150,3077,37,83.0,48.7333,-0.8965
3637,33,Gironde,Nouvelle-Aquitaine,Avensan,avensan,33480,3076,53,58.0,45.0033,-0.7574
3638,38,Isère,Auvergne-Rhône-Alpes,Le Touvet,le-touvet,38660,3076,12,260.0,45.3512,5.9481
3639,47,Lot-et-Garonne,Nouvelle-Aquitaine,Miramont-de-Guyenne,miramont-de-guyenne,47800,3076,17,184.0,44.5883,0.3578
3640,73,Savoie,Auvergne-Rhône-Alpes,Gilly-sur-Isère,gilly-sur-isere,73200,3076,7,434.0,45.6549,6.3487
3641,38,Isère,Auvergne-Rhône-Alpes,Autrans-Méaudre en Vercors,autrans-meaudre-en-vercors,38112,3075,34,91.0,45.1713,5.5444
3642,76,Seine-Maritime,Normandie,Gruchet-le-Valasse,gruchet-le-valasse,76210,3074,14,215.0,49.5473,0.5149
3643,27,Eure,Normandie,Gasny,gasny,27620,3072,13,239.0,49.1004,1.5977
3644,49,Maine-et-Loire,Pays de la Loire,Saint-Léger-sous-Cholet,saint-leger-sous-cholet,49280,3072,10,316.0,47.1022,-0.9007
3645,31,Haute-Garonne,Occitanie,Bérat,berat,31370,3071,24,126.0,43.3771,1.1742
3646,44,Loire-Atlantique,Pays de la Loire,Bouvron,bouvron,44130,3069,47,65.0,47.42,-1.8691
3647,61,Orne,Normandie,Vimoutiers,vimoutiers,61120,3069,16,191.0,48.9254,0.1954
3648,78,Yvelines,Île-de-France,Villiers-Saint-Frédéric,villiers-saint-frederic,78640,3068,5,605.0,48.8201,1.883
3649,27,Eure,Normandie,Guichainville,guichainville,27930,3067,15,200.0,48.9847,1.1841
3650,11,Aude,Occitanie,Quillan,quillan,11500,3066,22,140.0,42.8833,2.1733
3651,05,Hautes-Alpes,Provence-Alpes-Côte d'Azur,Chorges,chorges,05230,3065,57,54.0,44.5473,6.287
3652,57,Moselle,Grand Est,Ottange,ottange,57840,3065,16,197.0,49.4364,6.0031
3653,11,Aude,Occitanie,Sallèles-d'Aude,salleles-d-aude,11590,3064,13,244.0,43.2712,2.9342
3654,38,Isère,Auvergne-Rhône-Alpes,Le Bourg-d'Oisans,le-bourg-d-oisans,38520,3063,56,55.0,45.0367,6.0275
3655,73,Savoie,Auvergne-Rhône-Alpes,Yenne,yenne,73170,3063,23,132.0,45.708,5.7612
3656,74,Haute-Savoie,Auvergne-Rhône-Alpes,Beaumont,beaumont,74160,3063,10,315.0,46.0978,6.1202
3657,34,Hérault,Occitanie,Thézan-lès-Béziers,thezan-les-beziers,34490,3062,14,224.0,43.4126,3.1593
3658,17,Charente-Maritime,Nouvelle-Aquitaine,Breuillet,breuillet,17920,3060,20,151.0,45.7005,-1.054
3659,14,Calvados,Normandie,Le Molay-Littry,le-molay-littry,14330,3059,27,113.0,49.2344,-0.8796
3660,83,Var,Provence-Alpes-Côte d'Azur,Signes,signes,83870,3059,133,23.0,43.2759,5.8498
3661,33,Gironde,Nouvelle-Aquitaine,Galgon,galgon,33133,3058,15,203.0,44.991,-0.278
3662,44,Loire-Atlantique,Pays de la Loire,Erbray,erbray,44110,3058,58,52.0,47.6681,-1.3269
3663,86,Vienne,Nouvelle-Aquitaine,Boivre-la-Vallée,boivre-la-vallee,86470,3058,25,123.0,46.5391,0.087
3664,22,Côtes-d'Armor,Bretagne,Plancoët,plancoet,22130,3057,12,265.0,48.5176,-2.2184
3665,56,Morbihan,Bretagne,Ploemel,ploemel,56400,3056,25,121.0,47.6629,-3.0754
3666,32,Gers,Occitanie,Gimont,gimont,32200,3055,28,110.0,43.6175,0.8815
3667,60,Oise,Hauts-de-France,Agnetz,agnetz,60600,3055,13,230.0,49.3944,2.3784
3668,83,Var,Provence-Alpes-Côte d'Azur,Le Plan-de-la-Tour,le-plan-de-la-tour,83120,3055,38,80.0,43.337,6.5462
3669,72,Sarthe,Pays de la Loire,Saint-Calais,saint-calais,72120,3054,23,134.0,47.932,0.7418
3670,85,Vendée,Pays de la Loire,La Tranche-sur-Mer,la-tranche-sur-mer,85360,3054,21,145.0,46.3567,-1.4193
3671,59,Nord,Hauts-de-France,Emmerin,emmerin,59320,3053,5,613.0,50.5906,3.0062
3672,72,Sarthe,Pays de la Loire,Teloché,teloche,72220,3053,23,134.0,47.8904,0.2805
3673,01,Ain,Auvergne-Rhône-Alpes,Saint-Didier-sur-Chalaronne,saint-didier-sur-chalaronne,01140,3052,25,121.0,46.1877,4.823
3674,57,Moselle,Grand Est,Puttelange-aux-Lacs,puttelange-aux-lacs,57510,3051,17,181.0,49.0537,6.9178
3675,59,Nord,Hauts-de-France,Salomé,salome,59496,3051,5,572.0,50.5381,2.8361
3676,21,Côte-d'Or,Bourgogne-Franche-Comté,Gevrey-Chambertin,gevrey-chambertin,21220,3049,25,122.0,47.2188,4.9865
3677,44,Loire-Atlantique,Pays de la Loire,Maisdon-sur-Sèvre,maisdon-sur-sevre,44690,3047,17,176.0,47.1181,-1.3884
3678,29,Finistère,Bretagne,Plouédern,plouedern,29800,3046,20,156.0,48.4829,-4.2552
3679,30,Gard,Occitanie,Saint-Quentin-la-Poterie,saint-quentin-la-poterie,30700,3046,24,126.0,44.0582,4.441
3680,45,Loiret,Centre-Val de Loire,Saint-Denis-de-l'Hôtel,saint-denis-de-l-hotel,45550,3046,25,120.0,47.8839,2.1496
3681,88,Vosges,Grand Est,Cornimont,cornimont,88310,3045,40,76.0,47.9613,6.8768
3682,56,Morbihan,Bretagne,Carentoir,carentoir,56910,3043,59,51.0,47.8239,-2.1227
3683,69,Rhône,Auvergne-Rhône-Alpes,Fontaines-Saint-Martin,fontaines-saint-martin,69270,3043,3,1127.0,45.8445,4.8521
3684,24,Dordogne,Nouvelle-Aquitaine,Nontron,nontron,24300,3041,26,119.0,45.5337,0.6823
3685,22,Côtes-d'Armor,Bretagne,Ploubazlanec,ploubazlanec,22620,3040,15,196.0,48.8047,-3.0308
3686,84,Vaucluse,Provence-Alpes-Côte d'Azur,Gargas,gargas,84400,3039,15,204.0,43.8939,5.3435
3687,17,Charente-Maritime,Nouvelle-Aquitaine,Saint-Jean-de-Liversay,saint-jean-de-liversay,17170,3038,42,73.0,46.2822,-0.8821
3688,88,Vosges,Grand Est,Moyenmoutier,moyenmoutier,88420,3037,34,88.0,48.3893,6.9146
3689,17,Charente-Maritime,Nouvelle-Aquitaine,Médis,medis,17600,3036,24,128.0,45.6423,-0.9599
3690,09,Ariège,Occitanie,Tarascon-sur-Ariège,tarascon-sur-ariege,09400,3034,9,352.0,42.8451,1.5977
3691,10,Aube,Grand Est,Bréviandes,breviandes,10450,3034,6,489.0,48.2568,4.1049
3692,972,Martinique,Martinique,Le Marigot,le-marigot,97225,3034,22,139.0,14.7795,-61.053
3693,69,Rhône,Auvergne-Rhône-Alpes,Lozanne,lozanne,69380,3031,6,543.0,45.853,4.6846
3694,07,Ardèche,Auvergne-Rhône-Alpes,Villeneuve-de-Berg,villeneuve-de-berg,07170,3029,25,121.0,44.5455,4.5119
3695,24,Dordogne,Nouvelle-Aquitaine,Champcevinel,champcevinel,24750,3029,18,165.0,45.2198,0.7227
3696,38,Isère,Auvergne-Rhône-Alpes,Saint-Siméon-de-Bressieux,saint-simeon-de-bressieux,38870,3029,19,161.0,45.321,5.266
3697,42,Loire,Auvergne-Rhône-Alpes,Boën-sur-Lignon,boen-sur-lignon,42130,3029,6,506.0,45.7496,4.0074
3698,42,Loire,Auvergne-Rhône-Alpes,Commelle-Vernay,commelle-vernay,42120,3029,13,239.0,45.996,4.0569
3699,57,Moselle,Grand Est,Gandrange,gandrange,57175,3029,4,737.0,49.2723,6.1353
3700,62,Pas-de-Calais,Hauts-de-France,Rinxent,rinxent,62720,3028,8,358.0,50.8064,1.7418
3701,19,Corrèze,Nouvelle-Aquitaine,Cosnac,cosnac,19360,3026,20,150.0,45.1301,1.5837
3702,22,Côtes-d'Armor,Bretagne,Pleudihen-sur-Rance,pleudihen-sur-rance,22690,3025,25,121.0,48.5138,-1.9451
3703,41,Loir-et-Cher,Centre-Val de Loire,Saint-Ouen,saint-ouen,41100,3024,11,270.0,47.8238,1.0673
3704,61,Orne,Normandie,Tourouvre au Perche,tourouvre-au-perche,61190,3023,24,125.0,48.6065,0.6321
3705,65,Hautes-Pyrénées,Occitanie,Soues,soues,65430,3023,4,767.0,43.2067,0.0991
3706,91,Essonne,Île-de-France,Saint-Vrain,saint-vrain,91770,3023,12,261.0,48.5361,2.3254
3707,62,Pas-de-Calais,Hauts-de-France,Saint-Venant,saint-venant,62350,3022,14,210.0,50.6237,2.5183
3708,68,Haut-Rhin,Grand Est,Sainte-Croix-en-Plaine,sainte-croix-en-plaine,68127,3022,26,117.0,48.0092,7.405
3709,55,Meuse,Grand Est,Belleville-sur-Meuse,belleville-sur-meuse,55430,3021,10,297.0,49.1798,5.3976
3710,07,Ardèche,Auvergne-Rhône-Alpes,Chomérac,chomerac,07210,3020,19,156.0,44.7113,4.668
3711,34,Hérault,Occitanie,Puisserguier,puisserguier,34620,3020,28,107.0,43.379,3.056
3712,78,Yvelines,Île-de-France,Feucherolles,feucherolles,78810,3020,13,229.0,48.8787,1.9847
3713,59,Nord,Hauts-de-France,Lezennes,lezennes,59260,3019,2,1417.0,50.6101,3.1174
3714,88,Vosges,Grand Est,Contrexéville,contrexeville,88140,3019,15,201.0,48.186,5.8906
3715,24,Dordogne,Nouvelle-Aquitaine,La Roche-Chalais,la-roche-chalais,24490,3018,90,34.0,45.1292,0.0494
3716,17,Charente-Maritime,Nouvelle-Aquitaine,La Flotte,la-flotte,17630,3017,12,245.0,46.1829,-1.3194
3717,06,Alpes-Maritimes,Provence-Alpes-Côte d'Azur,La Turbie,la-turbie,06320,3015,7,409.0,43.7462,7.3973
3718,44,Loire-Atlantique,Pays de la Loire,Paimbœuf,paimboeuf,44560,3015,2,1816.0,47.2912,-2.028
3719,77,Seine-et-Marne,Île-de-France,Pommeuse,pommeuse,77515,3015,13,234.0,48.8169,3.0077
3720,44,Loire-Atlantique,Pays de la Loire,Port-Saint-Père,port-saint-pere,44710,3013,33,92.0,47.1383,-1.7674
3721,77,Seine-et-Marne,Île-de-France,Faremoutiers,faremoutiers,77515,3013,11,277.0,48.7787,3.0038
3722,85,Vendée,Pays de la Loire,Nesmy,nesmy,85310,3012,25,122.0,46.5904,-1.4107
3723,45,Loiret,Centre-Val de Loire,Mardié,mardie,45430,3011,17,175.0,47.9028,2.0721
3724,59,Nord,Hauts-de-France,Thiant,thiant,59224,3011,9,353.0,50.2962,3.4395
3725,57,Moselle,Grand Est,Manom,manom,57100,3010,10,289.0,49.3793,6.1726
3726,07,Ardèche,Auvergne-Rhône-Alpes,Cruas,cruas,07350,3009,16,191.0,44.6552,4.7554
3727,14,Calvados,Normandie,Démouville,demouville,14840,3008,4,836.0,49.1751,-0.2606
3728,83,Var,Provence-Alpes-Côte d'Azur,Barjols,barjols,83670,3006,30,99.0,43.5484,5.973
3729,33,Gironde,Nouvelle-Aquitaine,Sainte-Hélène,sainte-helene,33480,3004,129,23.0,44.9653,-0.9071
3730,59,Nord,Hauts-de-France,Lecelles,lecelles,59226,3004,16,184.0,50.4766,3.3964
3731,59,Nord,Hauts-de-France,Chéreng,chereng,59152,3001,4,716.0,50.6108,3.211
3732,81,Tarn,Occitanie,Coufouleux,coufouleux,81800,3001,27,111.0,43.7993,1.7337
3733,25,Doubs,Bourgogne-Franche-Comté,Thise,thise,25220,3000,9,336.0,47.2875,6.0804
3734,44,Loire-Atlantique,Pays de la Loire,Chauvé,chauve,44320,3000,41,73.0,47.1602,-2.0132
3735,02,Aisne,Hauts-de-France,Crouy,crouy,02880,2999,10,290.0,49.4073,3.3684
3736,38,Isère,Auvergne-Rhône-Alpes,Chapareillan,chapareillan,38530,2997,30,99.0,45.4623,5.9576
3737,44,Loire-Atlantique,Pays de la Loire,Crossac,crossac,44160,2997,26,116.0,47.4055,-2.1528
3738,45,Loiret,Centre-Val de Loire,Lorris,lorris,45260,2997,45,67.0,47.863,2.502
3739,44,Loire-Atlantique,Pays de la Loire,Sainte-Anne-sur-Brivet,sainte-anne-sur-brivet,44160,2996,26,114.0,47.4541,-2.0288
3740,59,Nord,Hauts-de-France,Willems,willems,59780,2996,6,511.0,50.6322,3.2314
3741,38,Isère,Auvergne-Rhône-Alpes,Saint-Nazaire-les-Eymes,saint-nazaire-les-eymes,38330,2995,9,343.0,45.2648,5.8482
3742,87,Haute-Vienne,Nouvelle-Aquitaine,Boisseuil,boisseuil,87220,2994,19,155.0,45.7604,1.3273
3743,61,Orne,Normandie,La Ferté-en-Ouche,la-ferte-en-ouche,61550,2993,8,392.0,48.8436,0.4951
3744,73,Savoie,Auvergne-Rhône-Alpes,Drumettaz-Clarafond,drumettaz-clarafond,73420,2992,11,265.0,45.661,5.9377
3745,69,Rhône,Auvergne-Rhône-Alpes,Albigny-sur-Saône,albigny-sur-saone,69250,2991,3,1124.0,45.8666,4.8284
3746,03,Allier,Auvergne-Rhône-Alpes,Dompierre-sur-Besbre,dompierre-sur-besbre,03290,2990,46,65.0,46.5336,3.6787
3747,17,Charente-Maritime,Nouvelle-Aquitaine,Gémozac,gemozac,17260,2989,32,93.0,45.5616,-0.6901
3748,57,Moselle,Grand Est,Courcelles-Chaussy,courcelles-chaussy,57530,2986,16,184.0,49.1206,6.3946
3749,28,Eure-et-Loir,Centre-Val de Loire,Senonches,senonches,28250,2985,63,48.0,48.5584,1.0144
3750,85,Vendée,Pays de la Loire,Les Epesses,les-epesses,85590,2984,32,95.0,46.8927,-0.903
3751,30,Gard,Occitanie,Saint-Laurent-des-Arbres,saint-laurent-des-arbres,30126,2981,16,182.0,44.0522,4.6885
3752,69,Rhône,Auvergne-Rhône-Alpes,Sérézin-du-Rhône,serezin-du-rhone,69360,2981,4,778.0,45.6285,4.8248
3753,86,Vienne,Nouvelle-Aquitaine,Iteuil,iteuil,86240,2981,22,135.0,46.4812,0.2904
3754,88,Vosges,Grand Est,Bruyères,bruyeres,88600,2981,16,186.0,48.2155,6.7139
3755,12,Aveyron,Occitanie,Bozouls,bozouls,12340,2978,70,43.0,44.4724,2.7142
3756,31,Haute-Garonne,Occitanie,Cintegabelle,cintegabelle,31550,2978,54,56.0,43.3,1.5375
3757,69,Rhône,Auvergne-Rhône-Alpes,Saint-Germain-au-Mont-d'Or,saint-germain-au-mont-d-or,69650,2978,5,553.0,45.8842,4.8036
3758,90,Territoire de Belfort,Bourgogne-Franche-Comté,Grandvillars,grandvillars,90600,2978,15,196.0,47.5378,6.9754
3759,43,Haute-Loire,Auvergne-Rhône-Alpes,Retournac,retournac,43130,2977,46,65.0,45.2223,4.0224
3760,70,Haute-Saône,Bourgogne-Franche-Comté,Port-sur-Saône,port-sur-saone,70170,2977,25,121.0,47.6893,6.034
3761,57,Moselle,Grand Est,Vitry-sur-Orne,vitry-sur-orne,57185,2975,8,388.0,49.2761,6.0937
3762,69,Rhône,Auvergne-Rhône-Alpes,Pollionnay,pollionnay,69290,2974,16,189.0,45.7707,4.6585
3763,52,Haute-Marne,Grand Est,Joinville,joinville,52300,2972,19,156.0,48.4324,5.1268
3764,43,Haute-Loire,Auvergne-Rhône-Alpes,Beauzac,beauzac,43590,2971,36,83.0,45.2528,4.0953
3765,47,Lot-et-Garonne,Nouvelle-Aquitaine,Bias,bias,47300,2971,12,241.0,44.4102,0.6702
3766,31,Haute-Garonne,Occitanie,Fonbeauzard,fonbeauzard,31140,2968,1,2301.0,43.6792,1.4368
3767,83,Var,Provence-Alpes-Côte d'Azur,La Motte,la-motte,83920,2968,29,102.0,43.5091,6.5506
3768,50,Manche,Normandie,Sainte-Mère-Église,sainte-mere-eglise,50480,2965,18,167.0,49.4205,-1.2967
3769,54,Meurthe-et-Moselle,Grand Est,Gorcy,gorcy,54730,2965,4,720.0,49.5351,5.6852
3770,22,Côtes-d'Armor,Bretagne,Merdrignac,merdrignac,22230,2964,57,52.0,48.1961,-2.3946
3771,34,Hérault,Occitanie,Saint-Thibéry,saint-thibery,34630,2963,19,160.0,43.3931,3.3939
3772,81,Tarn,Occitanie,Sorèze,soreze,81540,2963,42,71.0,43.4409,2.0807
3773,73,Savoie,Auvergne-Rhône-Alpes,Saint-Genix-les-Villages,saint-genix-les-villages,73240,2962,12,242.0,45.6102,5.6703
3774,80,Somme,Hauts-de-France,Rosières-en-Santerre,rosieres-en-santerre,80170,2962,13,220.0,49.8164,2.7018
3775,74,Haute-Savoie,Auvergne-Rhône-Alpes,Megève,megeve,74120,2961,44,68.0,45.8397,6.6241
3776,26,Drôme,Auvergne-Rhône-Alpes,Montmeyran,montmeyran,26120,2960,24,125.0,44.8362,4.9821
3777,30,Gard,Occitanie,Aubais,aubais,30250,2958,12,249.0,43.7498,4.1422
3778,86,Vienne,Nouvelle-Aquitaine,Dangé-Saint-Romain,dange-saint-romain,86220,2958,35,85.0,46.926,0.6063
3779,85,Vendée,Pays de la Loire,Mouchamps,mouchamps,85640,2957,55,54.0,46.7899,-1.0509
3780,29,Finistère,Bretagne,Rédené,redene,29300,2955,25,120.0,47.856,-3.4884
3781,64,Pyrénées-Atlantiques,Nouvelle-Aquitaine,Mauléon-Licharre,mauleon-licharre,64130,2954,13,233.0,43.214,-0.8842
3782,85,Vendée,Pays de la Loire,Sainte-Hermine,sainte-hermine,85210,2951,35,84.0,46.5677,-0.9645
3783,91,Essonne,Île-de-France,Boutigny-sur-Essonne,boutigny-sur-essonne,91820,2950,16,182.0,48.4359,2.3924
3784,31,Haute-Garonne,Occitanie,Noé,noe,31410,2949,10,301.0,43.3644,1.2704
3785,42,Loire,Auvergne-Rhône-Alpes,Bourg-Argental,bourg-argental,42220,2949,20,146.0,45.3038,4.5622
3786,49,Maine-et-Loire,Pays de la Loire,Saint-Lambert-la-Potherie,saint-lambert-la-potherie,49070,2949,14,209.0,47.487,-0.6904
3787,77,Seine-et-Marne,Île-de-France,Coupvray,coupvray,77700,2949,8,365.0,48.8853,2.7935
3788,06,Alpes-Maritimes,Provence-Alpes-Côte d'Azur,Le Bar-sur-Loup,le-bar-sur-loup,06620,2947,14,204.0,43.6993,6.9674
3789,31,Haute-Garonne,Occitanie,Lapeyrouse-Fossat,lapeyrouse-fossat,31180,2947,10,310.0,43.7033,1.5103
3790,76,Seine-Maritime,Normandie,Cany-Barville,cany-barville,76450,2947,14,217.0,49.78,0.6314
3791,84,Vaucluse,Provence-Alpes-Côte d'Azur,Saint-Saturnin-lès-Apt,saint-saturnin-les-apt,84490,2947,77,38.0,43.961,5.3566
3792,86,Vienne,Nouvelle-Aquitaine,Beaumont Saint-Cyr,beaumont-saint-cyr,86130,2947,22,134.0,46.7256,0.4556
3793,79,Deux-Sèvres,Nouvelle-Aquitaine,Frontenay-Rohan-Rohan,frontenay-rohan-rohan,79270,2946,34,88.0,46.2611,-0.5313
3794,57,Moselle,Grand Est,Valmont,valmont,57730,2945,9,319.0,49.0797,6.6951
3795,73,Savoie,Auvergne-Rhône-Alpes,Tresserve,tresserve,73100,2945,8,383.0,45.6765,5.8888
3796,70,Haute-Saône,Bourgogne-Franche-Comté,Saint-Loup-sur-Semouse,saint-loup-sur-semouse,70800,2944,17,175.0,47.891,6.2644
3797,73,Savoie,Auvergne-Rhône-Alpes,Modane,modane,73500,2944,75,39.0,45.1963,6.6462
3798,80,Somme,Hauts-de-France,Ailly-sur-Somme,ailly-sur-somme,80470,2944,15,193.0,49.9159,2.1851
3799,31,Haute-Garonne,Occitanie,Labastidette,labastidette,31600,2943,6,465.0,43.4554,1.2411
3800,34,Hérault,Occitanie,Aniane,aniane,34150,2943,30,97.0,43.686,3.5911
3801,50,Manche,Normandie,Mortain-Bocage,mortain-bocage,50140,2943,7,398.0,48.6077,-0.9259
3802,62,Pas-de-Calais,Hauts-de-France,Drocourt,drocourt,62320,2943,3,858.0,50.3901,2.9328
3803,50,Manche,Normandie,Agon-Coutainville,agon-coutainville,50230,2941,13,234.0,49.0298,-1.5807
3804,60,Oise,Hauts-de-France,Saint-Maximin,saint-maximin,60740,2941,12,237.0,49.2262,2.4552
3805,74,Haute-Savoie,Auvergne-Rhône-Alpes,Chens-sur-Léman,chens-sur-leman,74140,2941,11,272.0,46.31,6.2673
3806,29,Finistère,Bretagne,Plozévet,plozevet,29710,2940,28,107.0,47.9793,-4.4164
3807,04,Alpes-de-Haute-Provence,Provence-Alpes-Côte d'Azur,Gréoux-les-Bains,greoux-les-bains,04800,2939,70,42.0,43.7628,5.8597
3808,69,Rhône,Auvergne-Rhône-Alpes,Cailloux-sur-Fontaines,cailloux-sur-fontaines,69270,2937,8,350.0,45.8592,4.8817
3809,20,Corse,Corse,San-Martino-di-Lota,san-martino-di-lota,20200,2936,10,306.0,42.7306,9.4289
3810,02,Aisne,Hauts-de-France,Fresnoy-le-Grand,fresnoy-le-grand,02230,2934,15,194.0,49.9553,3.417
3811,49,Maine-et-Loire,Pays de la Loire,Allonnes,allonnes,49650,2933,36,80.0,47.3069,0.0081
3812,40,Landes,Nouvelle-Aquitaine,Pontonx-sur-l'Adour,pontonx-sur-l-adour,40465,2932,49,60.0,43.7927,-0.9367
3813,18,Cher,Centre-Val de Loire,Sancoins,sancoins,18600,2930,54,55.0,46.8184,2.9095
3814,34,Hérault,Occitanie,Montbazin,montbazin,34560,2928,21,137.0,43.5325,3.6694
3815,85,Vendée,Pays de la Loire,Angles,angles,85750,2926,33,88.0,46.3873,-1.4045
3816,86,Vienne,Nouvelle-Aquitaine,Nouaillé-Maupertuis,nouaille-maupertuis,86340,2926,22,132.0,46.5055,0.4191
3817,02,Aisne,Hauts-de-France,Fère-en-Tardenois,fere-en-tardenois,02130,2925,21,140.0,49.1833,3.5126
3818,16,Charente,Nouvelle-Aquitaine,Rouillac,rouillac,16170,2925,29,100.0,45.7937,-0.0729
3819,83,Var,Provence-Alpes-Côte d'Azur,Néoules,neoules,83136,2925,25,116.0,43.2912,6.0267
3820,86,Vienne,Nouvelle-Aquitaine,Smarves,smarves,86240,2925,20,143.0,46.5118,0.3569
3821,22,Côtes-d'Armor,Bretagne,Broons,broons,22250,2924,36,82.0,48.3135,-2.2418
3822,61,Orne,Normandie,Rives d'Andaine,rives-d-andaine,61140,2924,16,186.0,48.5352,-0.4434
3823,72,Sarthe,Pays de la Loire,Précigné,precigne,72300,2924,58,50.0,47.7631,-0.3154
3824,33,Gironde,Nouvelle-Aquitaine,Soulac-sur-Mer,soulac-sur-mer,33780,2922,31,95.0,45.5057,-1.0694
3825,66,Pyrénées-Orientales,Occitanie,Ponteilla,ponteilla,66300,2922,14,209.0,42.6347,2.8288
3826,71,Saône-et-Loire,Bourgogne-Franche-Comté,Sennecey-le-Grand,sennecey-le-grand,71240,2922,27,109.0,46.6373,4.886
3827,35,Ille-et-Vilaine,Bretagne,Saint-Coulomb,saint-coulomb,35350,2920,18,162.0,48.6807,-1.9236
3828,03,Allier,Auvergne-Rhône-Alpes,Abrest,abrest,03200,2919,10,283.0,46.0962,3.4514
3829,65,Hautes-Pyrénées,Occitanie,Ibos,ibos,65420,2919,33,88.0,43.2464,-0.0013
3830,66,Pyrénées-Orientales,Occitanie,Saint-Féliu-d'Avall,saint-feliu-d-avall,66170,2918,11,277.0,42.6733,2.7498
3831,42,Loire,Auvergne-Rhône-Alpes,Saint-Genest-Malifaux,saint-genest-malifaux,42660,2917,47,62.0,45.3523,4.4351
3832,72,Sarthe,Pays de la Loire,Montfort-le-Gesnois,montfort-le-gesnois,72450,2917,19,156.0,48.0574,0.3988
3833,31,Haute-Garonne,Occitanie,Lespinasse,lespinasse,31150,2915,4,688.0,43.7174,1.3821
3834,64,Pyrénées-Atlantiques,Nouvelle-Aquitaine,Urcuit,urcuit,64990,2914,14,208.0,43.483,-1.3487
3835,81,Tarn,Occitanie,Blaye-les-Mines,blaye-les-mines,81400,2914,9,327.0,44.033,2.1436
3836,85,Vendée,Pays de la Loire,Les Brouzils,les-brouzils,85260,2914,42,70.0,46.8898,-1.3389
3837,60,Oise,Hauts-de-France,Bury,bury,60250,2913,17,172.0,49.3127,2.3613
3838,74,Haute-Savoie,Auvergne-Rhône-Alpes,Chavanod,chavanod,74650,2913,13,220.0,45.8857,6.0517
3839,35,Ille-et-Vilaine,Bretagne,Rives-du-Couesnon,rives-du-couesnon,35140,2911,19,157.0,48.2878,-1.3421
3840,51,Marne,Grand Est,Dormans,dormans,51700,2911,23,129.0,49.0636,3.6447
3841,66,Pyrénées-Orientales,Occitanie,Saint-Génis-des-Fontaines,saint-genis-des-fontaines,66740,2911,10,292.0,42.5488,2.9221
3842,83,Var,Provence-Alpes-Côte d'Azur,Bagnols-en-Forêt,bagnols-en-foret,83600,2909,43,68.0,43.5328,6.7089
3843,90,Territoire de Belfort,Bourgogne-Franche-Comté,Giromagny,giromagny,90200,2908,6,513.0,47.7425,6.8198
3844,17,Charente-Maritime,Nouvelle-Aquitaine,L'Houmeau,l-houmeau,17137,2907,4,658.0,46.1935,-1.1841
3845,29,Finistère,Bretagne,Plouvorn,plouvorn,29420,2907,35,82.0,48.5759,-4.0139
3846,64,Pyrénées-Atlantiques,Nouvelle-Aquitaine,Pontacq,pontacq,64530,2904,29,100.0,43.2048,-0.1103
3847,67,Bas-Rhin,Grand Est,Duttlenheim,duttlenheim,67120,2903,9,331.0,48.5248,7.5706
3848,73,Savoie,Auvergne-Rhône-Alpes,La Biolle,la-biolle,73410,2896,13,223.0,45.7561,5.9175
3849,95,Val-d'Oise,Île-de-France,Margency,margency,95580,2896,1,4022.0,49.0017,2.2892
3850,72,Sarthe,Pays de la Loire,Connerré,connerre,72160,2895,17,174.0,48.0504,0.4703
3851,34,Hérault,Occitanie,Mudaison,mudaison,34130,2894,8,357.0,43.6406,4.037
3852,62,Pas-de-Calais,Hauts-de-France,Labourse,labourse,62113,2894,5,624.0,50.4934,2.6851
3853,95,Val-d'Oise,Île-de-France,Montlignon,montlignon,95680,2894,3,1030.0,49.0157,2.2882
3854,64,Pyrénées-Atlantiques,Nouvelle-Aquitaine,Villefranque,villefranque,64990,2893,17,168.0,43.4452,-1.4462
3855,79,Deux-Sèvres,Nouvelle-Aquitaine,Mauzé-sur-le-Mignon,mauze-sur-le-mignon,79210,2893,24,120.0,46.1907,-0.6436
3856,91,Essonne,Île-de-France,Champcueil,champcueil,91750,2893,16,176.0,48.5052,2.4447
3857,08,Ardennes,Grand Est,Vivier-au-Court,vivier-au-court,08440,2892,9,307.0,49.7325,4.8217
3858,22,Côtes-d'Armor,Bretagne,Trélivan,trelivan,22100,2892,11,255.0,48.427,-2.1025
3859,38,Isère,Auvergne-Rhône-Alpes,Valencin,valencin,38540,2891,10,302.0,45.6058,5.0259
3860,42,Loire,Auvergne-Rhône-Alpes,Chavanay,chavanay,42410,2889,15,192.0,45.4161,4.7266
3861,72,Sarthe,Pays de la Loire,Fresnay-sur-Sarthe,fresnay-sur-sarthe,72130,2889,2,1376.0,48.2855,0.0812
3862,87,Haute-Vienne,Nouvelle-Aquitaine,Saint-Priest-Taurion,saint-priest-taurion,87480,2889,27,107.0,45.9011,1.4038
3863,07,Ardèche,Auvergne-Rhône-Alpes,Le Pouzin,le-pouzin,07250,2888,11,260.0,44.7537,4.7491
3864,31,Haute-Garonne,Occitanie,Brax,brax,31490,2885,4,641.0,43.6154,1.2309
3865,64,Pyrénées-Atlantiques,Nouvelle-Aquitaine,Bordes,bordes,64510,2885,7,392.0,43.2435,-0.2725
3866,76,Seine-Maritime,Normandie,Houppeville,houppeville,76770,2884,21,138.0,49.5037,1.0909
3867,44,Loire-Atlantique,Pays de la Loire,Mouzillon,mouzillon,44330,2883,16,176.0,47.1291,-1.274
3868,59,Nord,Hauts-de-France,Pont-à-Marcq,pont-a-marcq,59710,2883,2,1276.0,50.5218,3.1156
3869,34,Hérault,Occitanie,Saint-Drézéry,saint-drezery,34160,2882,10,275.0,43.7308,3.9764
3870,24,Dordogne,Nouvelle-Aquitaine,Lalinde,lalinde,24150,2881,28,104.0,44.858,0.7442
3871,33,Gironde,Nouvelle-Aquitaine,Yvrac,yvrac,33370,2881,9,337.0,44.8817,-0.4705
3872,59,Nord,Hauts-de-France,Courchelettes,courchelettes,59552,2881,2,1746.0,50.342,3.0595
3873,86,Vienne,Nouvelle-Aquitaine,Cissé,cisse,86170,2881,17,166.0,46.6485,0.2448
3874,67,Bas-Rhin,Grand Est,Gries,gries,67240,2879,12,236.0,48.7516,7.8268
3875,29,Finistère,Bretagne,Plougasnou,plougasnou,29630,2878,34,84.0,48.6788,-3.8142
3876,61,Orne,Normandie,Longny les Villages,longny-les-villages,61290,2878,40,73.0,48.5419,0.8033
3877,10,Aube,Grand Est,Bar-sur-Seine,bar-sur-seine,10110,2877,28,104.0,48.1144,4.3787
3878,38,Isère,Auvergne-Rhône-Alpes,Diémoz,diemoz,38790,2876,14,208.0,45.5911,5.0893
3879,64,Pyrénées-Atlantiques,Nouvelle-Aquitaine,Briscous,briscous,64240,2876,32,91.0,43.46,-1.3274
3880,57,Moselle,Grand Est,Ham-sous-Varsberg,ham-sous-varsberg,57880,2875,7,441.0,49.1806,6.6529
3881,60,Oise,Hauts-de-France,Auneuil,auneuil,60390,2875,22,129.0,49.3709,1.991
3882,25,Doubs,Bourgogne-Franche-Comté,Vieux-Charmont,vieux-charmont,25600,2873,3,1127.0,47.525,6.8431
3883,53,Mayenne,Pays de la Loire,Argentré,argentre,53210,2873,37,77.0,48.0942,-0.624
3884,77,Seine-et-Marne,Île-de-France,La Grande-Paroisse,la-grande-paroisse,77130,2873,29,99.0,48.3938,2.8918
3885,83,Var,Provence-Alpes-Côte d'Azur,Tourrettes,tourrettes,83440,2873,34,84.0,43.609,6.7252
3886,85,Vendée,Pays de la Loire,Brem-sur-Mer,brem-sur-mer,85470,2872,16,178.0,46.6085,-1.8081
3887,01,Ain,Auvergne-Rhône-Alpes,Pont-d'Ain,pont-d-ain,01160,2871,11,256.0,46.0556,5.3491
3888,10,Aube,Grand Est,Saint-Lyé,saint-lye,10180,2870,33,87.0,48.3464,3.9728
3889,78,Yvelines,Île-de-France,Montfort-l'Amaury,montfort-l-amaury,78490,2870,6,500.0,48.7717,1.8081
3890,19,Corrèze,Nouvelle-Aquitaine,Argentat-sur-Dordogne,argentat-sur-dordogne,19320,2869,22,130.0,45.1166,1.9319
3891,38,Isère,Auvergne-Rhône-Alpes,Aoste,aoste,38490,2869,10,286.0,45.6015,5.611
3892,07,Ardèche,Auvergne-Rhône-Alpes,Saint-Étienne-de-Fontbellon,saint-etienne-de-fontbellon,07200,2868,10,298.0,44.5962,4.378
3893,40,Landes,Nouvelle-Aquitaine,Saint-Geours-de-Maremne,saint-geours-de-maremne,40230,2868,43,66.0,43.6854,-1.2348
3894,56,Morbihan,Bretagne,Saint-Jean-Brévelay,saint-jean-brevelay,56660,2868,42,69.0,47.8314,-2.7243
3895,48,Lozère,Occitanie,Langogne,langogne,48300,2867,31,92.0,44.7211,3.8318
3896,49,Maine-et-Loire,Pays de la Loire,Seiches-sur-le-Loir,seiches-sur-le-loir,49140,2866,29,99.0,47.5963,-0.3646
3897,84,Vaucluse,Provence-Alpes-Côte d'Azur,Sérignan-du-Comtat,serignan-du-comtat,84830,2866,20,141.0,44.1933,4.8496
3898,24,Dordogne,Nouvelle-Aquitaine,Thiviers,thiviers,24800,2865,29,100.0,45.4262,0.9064
3899,86,Vienne,Nouvelle-Aquitaine,Saint-Julien-l'Ars,saint-julien-l-ars,86800,2863,19,153.0,46.5546,0.4931
3900,42,Loire,Auvergne-Rhône-Alpes,Panissières,panissieres,42360,2862,26,108.0,45.7926,4.3428
3901,62,Pas-de-Calais,Hauts-de-France,Fleurbaix,fleurbaix,62840,2862,13,220.0,50.6407,2.8304
3902,76,Seine-Maritime,Normandie,Blangy-sur-Bresle,blangy-sur-bresle,76340,2862,17,164.0,49.9163,1.6316
3903,09,Ariège,Occitanie,Saint-Jean-du-Falga,saint-jean-du-falga,09100,2860,4,706.0,43.0848,1.6229
3904,57,Moselle,Grand Est,Bertrange,bertrange,57310,2859,7,422.0,49.3154,6.1929
3905,68,Haut-Rhin,Grand Est,Hésingue,hesingue,68220,2859,9,315.0,47.5809,7.5141
3906,49,Maine-et-Loire,Pays de la Loire,Saint-Christophe-du-Bois,saint-christophe-du-bois,49280,2858,22,131.0,47.0309,-0.971
3907,85,Vendée,Pays de la Loire,Jard-sur-Mer,jard-sur-mer,85520,2858,17,170.0,46.4267,-1.6083
3908,68,Haut-Rhin,Grand Est,Vieux-Thann,vieux-thann,68800,2855,5,558.0,47.8069,7.13
3909,34,Hérault,Occitanie,Montblanc,montblanc,34290,2854,27,105.0,43.3775,3.3569
3910,57,Moselle,Grand Est,Woustviller,woustviller,57915,2854,11,264.0,49.0797,7.0062
3911,29,Finistère,Bretagne,Taulé,taule,29670,2853,30,97.0,48.6001,-3.9011
3912,62,Pas-de-Calais,Hauts-de-France,Allouagne,allouagne,62157,2852,8,366.0,50.535,2.5047
3913,82,Tarn-et-Garonne,Occitanie,Lafrançaise,lafrancaise,82130,2852,50,57.0,44.1319,1.2375
3914,56,Morbihan,Bretagne,Rieux,rieux,56350,2851,28,103.0,47.6063,-2.1288
3915,02,Aisne,Hauts-de-France,La Fère,la-fere,02800,2850,7,417.0,49.6683,3.3694
3916,31,Haute-Garonne,Occitanie,Buzet-sur-Tarn,buzet-sur-tarn,31660,2850,30,94.0,43.7721,1.6099
3917,65,Hautes-Pyrénées,Occitanie,Argelès-Gazost,argeles-gazost,65400,2850,3,919.0,43.0071,-0.0966
3918,42,Loire,Auvergne-Rhône-Alpes,Balbigny,balbigny,42510,2848,17,168.0,45.8299,4.1813
3919,44,Loire-Atlantique,Pays de la Loire,Saint-Molf,saint-molf,44350,2848,23,123.0,47.3862,-2.4139
3920,59,Nord,Hauts-de-France,Sainghin-en-Mélantois,sainghin-en-melantois,59262,2848,11,269.0,50.5856,3.1632
3921,95,Val-d'Oise,Île-de-France,Vémars,vemars,95470,2848,8,345.0,49.0602,2.5706
3922,35,Ille-et-Vilaine,Bretagne,Plerguer,plerguer,35540,2846,20,140.0,48.534,-1.8478
3923,88,Vosges,Grand Est,Fraize,fraize,88230,2846,16,183.0,48.1876,7.0268
3924,45,Loiret,Centre-Val de Loire,Donnery,donnery,45450,2843,22,130.0,47.9144,2.11
3925,72,Sarthe,Pays de la Loire,Spay,spay,72700,2843,14,201.0,47.9215,0.1501
3926,36,Indre,Centre-Val de Loire,Levroux,levroux,36110,2842,56,50.0,46.9744,1.5919
3927,26,Drôme,Auvergne-Rhône-Alpes,Mercurol-Veaunes,mercurol-veaunes,26600,2841,21,137.0,45.0738,4.8958
3928,40,Landes,Nouvelle-Aquitaine,Labouheyre,labouheyre,40210,2839,36,78.0,44.2243,-0.9107
3929,56,Morbihan,Bretagne,Cléguérec,cleguerec,56480,2839,63,45.0,48.1275,-3.0649
3930,76,Seine-Maritime,Normandie,Goderville,goderville,76110,2839,8,354.0,49.6465,0.356
3931,01,Ain,Auvergne-Rhône-Alpes,Péron,peron,01630,2838,26,109.0,46.1933,5.9141
3932,60,Oise,Hauts-de-France,Noailles,noailles,60430,2837,10,282.0,49.3219,2.1924
3933,63,Puy-de-Dôme,Auvergne-Rhône-Alpes,Orcet,orcet,63670,2837,6,463.0,45.7077,3.1749
3934,25,Doubs,Bourgogne-Franche-Comté,Charquemont,charquemont,25140,2835,22,130.0,47.2017,6.8485
3935,50,Manche,Normandie,Sartilly-Baie-Bocage,sartilly-baie-bocage,50530,2835,12,242.0,48.7448,-1.4441
3936,59,Nord,Hauts-de-France,Beuvry-la-Forêt,beuvry-la-foret,59310,2834,13,224.0,50.4509,3.2832
3937,01,Ain,Auvergne-Rhône-Alpes,Ambronay,ambronay,01500,2833,34,84.0,46.0099,5.3627
3938,18,Cher,Centre-Val de Loire,Avord,avord,18520,2833,28,101.0,47.0313,2.6635
3939,54,Meurthe-et-Moselle,Grand Est,Rosières-aux-Salines,rosieres-aux-salines,54110,2833,28,103.0,48.5961,6.341
3940,33,Gironde,Nouvelle-Aquitaine,Margaux-Cantenac,margaux-cantenac,33460,2831,7,387.0,45.0363,-0.6788
3941,43,Haute-Loire,Auvergne-Rhône-Alpes,Polignac,polignac,43000,2831,33,86.0,45.0784,3.8599
3942,45,Loiret,Centre-Val de Loire,Corquilleroy,corquilleroy,45120,2831,14,204.0,48.0416,2.6943
3943,57,Moselle,Grand Est,Hambach,hambach,57910,2831,17,162.0,49.0618,7.0404
3944,25,Doubs,Bourgogne-Franche-Comté,L'Isle-sur-le-Doubs,l-isle-sur-le-doubs,25250,2830,11,263.0,47.4242,6.5912
3945,973,Guyane,Guyane,Sinnamary,sinnamary,97315,2830,1294,2.0,5.2418,-53.0097
3946,62,Pas-de-Calais,Hauts-de-France,Éleu-dit-Leauwette,eleu-dit-leauwette,62300,2829,1,2358.0,50.4188,2.8123
3947,50,Manche,Normandie,Ducey-Les Chéris,ducey-les-cheris,50220,2828,11,251.0,48.62,-1.2661
3948,69,Rhône,Auvergne-Rhône-Alpes,Chasselay,chasselay,69380,2828,13,219.0,45.8733,4.7699
3949,77,Seine-et-Marne,Île-de-France,Saint-Germain-Laval,saint-germain-laval,77130,2828,9,320.0,48.4104,3.0004
3950,56,Morbihan,Bretagne,Sainte-Anne-d'Auray,sainte-anne-d-auray,56400,2827,5,569.0,47.7007,-2.9497
3951,07,Ardèche,Auvergne-Rhône-Alpes,Le Cheylard,le-cheylard,07160,2825,14,208.0,44.9061,4.422
3952,59,Nord,Hauts-de-France,Genech,genech,59242,2825,8,375.0,50.529,3.2254
3953,34,Hérault,Occitanie,Sussargues,sussargues,34160,2824,6,437.0,43.7105,3.9884
3954,62,Pas-de-Calais,Hauts-de-France,Chocques,chocques,62920,2824,8,357.0,50.54,2.5616
3955,31,Haute-Garonne,Occitanie,Venerque,venerque,31810,2823,14,195.0,43.4363,1.4629
3956,44,Loire-Atlantique,Pays de la Loire,Batz-sur-Mer,batz-sur-mer,44740,2823,13,215.0,47.2789,-2.4701
3957,30,Gard,Occitanie,Rodilhan,rodilhan,30230,2821,5,605.0,43.8253,4.4333
3958,41,Loir-et-Cher,Centre-Val de Loire,Saint-Aignan,saint-aignan,41110,2821,18,153.0,47.2493,1.335
3959,59,Nord,Hauts-de-France,Wignehies,wignehies,59212,2821,14,202.0,50.0142,4.0043
3960,37,Indre-et-Loire,Centre-Val de Loire,Vernou-sur-Brenne,vernou-sur-brenne,37210,2820,26,109.0,47.4399,0.8407
3961,62,Pas-de-Calais,Hauts-de-France,Burbure,burbure,62151,2819,6,510.0,50.5332,2.4626
3962,71,Saône-et-Loire,Bourgogne-Franche-Comté,Charolles,charolles,71120,2819,20,141.0,46.4508,4.2736
3963,77,Seine-et-Marne,Île-de-France,Rozay-en-Brie,rozay-en-brie,77540,2819,3,892.0,48.6821,2.9623
3964,49,Maine-et-Loire,Pays de la Loire,Candé,cande,49440,2818,5,577.0,47.5596,-1.0335
3965,37,Indre-et-Loire,Centre-Val de Loire,Sorigny,sorigny,37250,2817,43,65.0,47.2281,0.6871
3966,33,Gironde,Nouvelle-Aquitaine,Laruscade,laruscade,33620,2814,46,61.0,45.1206,-0.3394
3967,35,Ille-et-Vilaine,Bretagne,Crevin,crevin,35320,2814,8,333.0,47.931,-1.6602
3968,29,Finistère,Bretagne,Pont-Aven,pont-aven,29930,2813,29,98.0,47.8742,-3.7651
3969,33,Gironde,Nouvelle-Aquitaine,Toulenne,toulenne,33210,2813,7,429.0,44.5665,-0.2735
3970,85,Vendée,Pays de la Loire,L'Île-d'Olonne,l-ile-d-olonne,85340,2813,20,144.0,46.57,-1.7767
3971,89,Yonne,Bourgogne-Franche-Comté,Saint-Clément,saint-clement,89100,2812,8,332.0,48.2234,3.3183
3972,44,Loire-Atlantique,Pays de la Loire,Brains,brains,44830,2811,15,182.0,47.1699,-1.7238
3973,08,Ardennes,Grand Est,Carignan,carignan,08110,2810,14,198.0,49.6389,5.1739
3974,17,Charente-Maritime,Nouvelle-Aquitaine,Saint-Georges-des-Coteaux,saint-georges-des-coteaux,17810,2810,19,146.0,45.7728,-0.7006
3975,71,Saône-et-Loire,Bourgogne-Franche-Comté,Torcy,torcy,71210,2810,20,143.0,46.7651,4.4596
3976,86,Vienne,Nouvelle-Aquitaine,Thuré,thure,86540,2809,44,64.0,46.8412,0.4565
3977,56,Morbihan,Bretagne,Le Faouët,le-faouet,56320,2808,35,80.0,48.0425,-3.5111
3978,60,Oise,Hauts-de-France,Venette,venette,60280,2808,9,327.0,49.4207,2.7839
3979,28,Eure-et-Loir,Centre-Val de Loire,Courville-sur-Eure,courville-sur-eure,28190,2806,11,251.0,48.4533,1.2483
3980,62,Pas-de-Calais,Hauts-de-France,Anzin-Saint-Aubin,anzin-saint-aubin,62223,2806,5,543.0,50.3206,2.7384
3981,76,Seine-Maritime,Normandie,Buchy,buchy,76750,2805,4,756.0,49.5859,1.3394
3982,04,Alpes-de-Haute-Provence,Provence-Alpes-Côte d'Azur,Peyruis,peyruis,04310,2804,23,120.0,44.0351,5.9306
3983,37,Indre-et-Loire,Centre-Val de Loire,Athée-sur-Cher,athee-sur-cher,37270,2804,34,81.0,47.3143,0.8958
3984,57,Moselle,Grand Est,Macheren,macheren,57730,2802,17,164.0,49.0948,6.7675
3985,84,Vaucluse,Provence-Alpes-Côte d'Azur,Althen-des-Paluds,althen-des-paluds,84210,2802,7,425.0,44.0055,4.9585
3986,91,Essonne,Île-de-France,Maisse,maisse,91720,2802,21,130.0,48.3961,2.3744
3987,35,Ille-et-Vilaine,Bretagne,Saint-Jouan-des-Guérets,saint-jouan-des-guerets,35430,2801,9,305.0,48.6043,-1.9667
3988,63,Puy-de-Dôme,Auvergne-Rhône-Alpes,Pérignat-lès-Sarliève,perignat-les-sarlieve,63170,2801,4,724.0,45.7324,3.1444
3989,29,Finistère,Bretagne,Le Conquet,le-conquet,29217,2799,9,317.0,48.3715,-4.8817
3990,44,Loire-Atlantique,Pays de la Loire,La Planche,la-planche,44140,2799,24,115.0,47.0244,-1.4382
3991,19,Corrèze,Nouvelle-Aquitaine,Uzerche,uzerche,19140,2798,24,116.0,45.428,1.5663
3992,31,Haute-Garonne,Occitanie,Pinsaguel,pinsaguel,31120,2798,5,543.0,43.503,1.3919
3993,26,Drôme,Auvergne-Rhône-Alpes,Châteauneuf-du-Rhône,chateauneuf-du-rhone,26780,2796,28,101.0,44.5028,4.7323
3994,33,Gironde,Nouvelle-Aquitaine,Listrac-Médoc,listrac-medoc,33480,2796,61,46.0,45.0699,-0.827
3995,56,Morbihan,Bretagne,Plumelin,plumelin,56500,2796,31,89.0,47.8711,-2.8843
3996,11,Aude,Occitanie,Pennautier,pennautier,11610,2795,19,151.0,43.2522,2.3083
3997,57,Moselle,Grand Est,Dieuze,dieuze,57260,2794,9,296.0,48.8078,6.7175
3998,66,Pyrénées-Orientales,Occitanie,Arles-sur-Tech,arles-sur-tech,66150,2794,29,97.0,42.4531,2.6228
3999,41,Loir-et-Cher,Centre-Val de Loire,Cour-Cheverny,cour-cheverny,41700,2793,30,94.0,47.5057,1.4725
4000,83,Var,Provence-Alpes-Côte d'Azur,Les Adrets-de-l'Estérel,les-adrets-de-l-esterel,83600,2793,22,124.0,43.5385,6.8177
4001,56,Morbihan,Bretagne,Val d'Oust,val-d-oust,56460,2790,10,280.0,47.8694,-2.425
4002,60,Oise,Hauts-de-France,Grandvilliers,grandvilliers,60210,2786,7,420.0,49.6676,1.9265
4003,81,Tarn,Occitanie,Pont-de-Larn,pont-de-larn,81660,2786,34,82.0,43.5301,2.4066
4004,33,Gironde,Nouvelle-Aquitaine,Cadillac-sur-Garonne,cadillac-sur-garonne,33410,2785,5,515.0,44.6407,-0.3076
4005,49,Maine-et-Loire,Pays de la Loire,Jarzé Villages,jarze-villages,49140,2785,33,83.0,47.5606,-0.2563
4006,66,Pyrénées-Orientales,Occitanie,Saint-Nazaire,saint-nazaire,66570,2785,10,268.0,42.6619,2.9895
4007,02,Aisne,Hauts-de-France,Villeneuve-sur-Aisne,villeneuve-sur-aisne,02190,2784,18,155.0,49.4409,3.9744
4008,21,Côte-d'Or,Bourgogne-Franche-Comté,Venarey-les-Laumes,venarey-les-laumes,21150,2784,10,269.0,47.5375,4.447
4009,22,Côtes-d'Armor,Bretagne,Quintin,quintin,22800,2783,3,886.0,48.4029,-2.9132
4010,26,Drôme,Auvergne-Rhône-Alpes,Saint-Jean-en-Royans,saint-jean-en-royans,26190,2783,28,99.0,45.0068,5.2853
4011,49,Maine-et-Loire,Pays de la Loire,Bécon-les-Granits,becon-les-granits,49370,2782,47,60.0,47.5044,-0.8015
4012,54,Meurthe-et-Moselle,Grand Est,Chaligny,chaligny,54230,2782,13,208.0,48.6421,6.0905
4013,56,Morbihan,Bretagne,Péaule,peaule,56130,2782,39,71.0,47.5843,-2.3376
4014,28,Eure-et-Loir,Centre-Val de Loire,Pierres,pierres,28130,2780,11,264.0,48.5883,1.5566
4015,53,Mayenne,Pays de la Loire,Meslay-du-Maine,meslay-du-maine,53170,2780,24,114.0,47.9451,-0.5604
4016,59,Nord,Hauts-de-France,Sains-du-Nord,sains-du-nord,59177,2779,16,173.0,50.086,4.0362
4017,74,Haute-Savoie,Auvergne-Rhône-Alpes,Amancy,amancy,74800,2779,9,323.0,46.0722,6.3269
4018,42,Loire,Auvergne-Rhône-Alpes,L'Étrat,l-etrat,42580,2778,9,321.0,45.4942,4.3716
4019,60,Oise,Hauts-de-France,Sérifontaine,serifontaine,60590,2778,21,134.0,49.3597,1.7965
4020,52,Haute-Marne,Grand Est,Wassy,wassy,52130,2777,34,81.0,48.5019,4.9343
4021,24,Dordogne,Nouvelle-Aquitaine,Mussidan,mussidan,24400,2776,4,727.0,45.0298,0.3641
4022,54,Meurthe-et-Moselle,Grand Est,Cosnes-et-Romain,cosnes-et-romain,54400,2775,16,171.0,49.5269,5.7084
4023,44,Loire-Atlantique,Pays de la Loire,Boussay,boussay,44190,2773,26,105.0,47.0546,-1.1659
4024,80,Somme,Hauts-de-France,Saleux,saleux,80480,2773,8,345.0,49.8622,2.2191
4025,85,Vendée,Pays de la Loire,Mareuil-sur-Lay-Dissais,mareuil-sur-lay-dissais,85320,2773,26,108.0,46.5321,-1.2322
4026,17,Charente-Maritime,Nouvelle-Aquitaine,Saint-Agnant,saint-agnant,17620,2772,23,122.0,45.8677,-0.9545
4027,29,Finistère,Bretagne,Gouesnach,gouesnach,29950,2772,17,162.0,47.9179,-4.1097
4028,59,Nord,Hauts-de-France,Masnières,masnieres,59241,2772,11,251.0,50.1048,3.2013
4029,67,Bas-Rhin,Grand Est,Sarre-Union,sarre-union,67260,2772,15,179.0,48.9443,7.0862
4030,85,Vendée,Pays de la Loire,L'Aiguillon-la-Presqu'île,l-aiguillon-la-presqu-ile,85460,2772,10,273.0,46.31,-1.2801
4031,89,Yonne,Bourgogne-Franche-Comté,Montholon,montholon,89710,2772,18,152.0,47.9004,3.3211
4032,972,Martinique,Martinique,Basse-Pointe,basse-pointe,97218,2768,28,99.0,14.841,-61.1237
4033,13,Bouches-du-Rhône,Provence-Alpes-Côte d'Azur,Alleins,alleins,13980,2764,17,164.0,43.7098,5.1558
4034,27,Eure,Normandie,Beaumont-le-Roger,beaumont-le-roger,27170,2764,37,76.0,49.0579,0.7515
4035,31,Haute-Garonne,Occitanie,Ayguesvives,ayguesvives,31450,2764,13,207.0,43.4236,1.5965
4036,36,Indre,Centre-Val de Loire,Chabris,chabris,36210,2764,41,67.0,47.253,1.6672
4037,44,Loire-Atlantique,Pays de la Loire,Saint-Viaud,saint-viaud,44320,2764,32,85.0,47.2418,-1.987
4038,35,Ille-et-Vilaine,Bretagne,Pléchâtel,plechatel,35470,2763,36,76.0,47.8759,-1.7224
4039,83,Var,Provence-Alpes-Côte d'Azur,Seillans,seillans,83440,2763,89,31.0,43.6326,6.6024
4040,22,Côtes-d'Armor,Bretagne,Pabu,pabu,22200,2762,8,346.0,48.5861,-3.1445
4041,66,Pyrénées-Orientales,Occitanie,Maureillas-las-Illas,maureillas-las-illas,66480,2762,43,65.0,42.4635,2.7999
4042,77,Seine-et-Marne,Île-de-France,Bourron-Marlotte,bourron-marlotte,77780,2762,11,246.0,48.3366,2.6982
4043,87,Haute-Vienne,Nouvelle-Aquitaine,Bessines-sur-Gartempe,bessines-sur-gartempe,87250,2762,56,50.0,46.1115,1.3581
4044,10,Aube,Grand Est,Arcis-sur-Aube,arcis-sur-aube,10700,2759,9,292.0,48.5275,4.1403
4045,24,Dordogne,Nouvelle-Aquitaine,Montignac-Lascaux,montignac-lascaux,24290,2759,36,76.0,45.0644,1.1589
4046,28,Eure-et-Loir,Centre-Val de Loire,Saint-Georges-sur-Eure,saint-georges-sur-eure,28190,2759,15,178.0,48.4214,1.3583
4047,34,Hérault,Occitanie,Saint-Martin-de-Londres,saint-martin-de-londres,34380,2759,39,72.0,43.7953,3.7119
4048,59,Nord,Hauts-de-France,Neuville-sur-Escaut,neuville-sur-escaut,59293,2757,5,579.0,50.2922,3.3491
4049,69,Rhône,Auvergne-Rhône-Alpes,Colombier-Saugnieu,colombier-saugnieu,69125,2757,28,99.0,45.7174,5.1084
4050,84,Vaucluse,Provence-Alpes-Côte d'Azur,Malaucène,malaucene,84340,2756,45,61.0,44.1804,5.1559
4051,69,Rhône,Auvergne-Rhône-Alpes,Ampuis,ampuis,69420,2751,15,178.0,45.5034,4.8079
4052,77,Seine-et-Marne,Île-de-France,Grisy-Suisnes,grisy-suisnes,77166,2749,18,151.0,48.68,2.6801
4053,91,Essonne,Île-de-France,Vert-le-Petit,vert-le-petit,91710,2749,7,402.0,48.5508,2.3668
4054,01,Ain,Auvergne-Rhône-Alpes,Saint-Maurice-de-Gourdans,saint-maurice-de-gourdans,01800,2748,25,108.0,45.819,5.172
4055,20,Corse,Corse,Zonza,zonza,20144,2748,135,20.0,41.7145,9.2719
4056,14,Calvados,Normandie,Fontaine-Étoupefour,fontaine-etoupefour,14790,2747,5,534.0,49.1381,-0.4536
4057,77,Seine-et-Marne,Île-de-France,Donnemarie-Dontilly,donnemarie-dontilly,77520,2747,12,228.0,48.4816,3.1206
4058,50,Manche,Normandie,Marigny-Le-Lozon,marigny-le-lozon,50570,2746,10,262.0,49.1256,-1.2609
4059,70,Haute-Saône,Bourgogne-Franche-Comté,Ronchamp,ronchamp,70250,2746,23,117.0,47.7161,6.6375
4060,56,Morbihan,Bretagne,Bignan,bignan,56500,2745,46,60.0,47.8737,-2.7498
4061,31,Haute-Garonne,Occitanie,Miremont,miremont,31190,2744,23,121.0,43.3733,1.4177
4062,38,Isère,Auvergne-Rhône-Alpes,Saint-André-le-Gaz,saint-andre-le-gaz,38490,2742,9,305.0,45.5477,5.5336
4063,24,Dordogne,Nouvelle-Aquitaine,Lamonzie-Saint-Martin,lamonzie-saint-martin,24680,2741,21,133.0,44.8336,0.3856
4064,86,Vienne,Nouvelle-Aquitaine,Valdivienne,valdivienne,86300,2740,61,45.0,46.4992,0.6357
4065,10,Aube,Grand Est,Brienne-le-Château,brienne-le-chateau,10500,2738,22,126.0,48.3988,4.5278
4066,13,Bouches-du-Rhône,Provence-Alpes-Côte d'Azur,Maillane,maillane,13910,2738,17,162.0,43.8231,4.7832
4067,95,Val-d'Oise,Île-de-France,Roissy-en-France,roissy-en-france,95700,2738,14,193.0,49.0036,2.5188
4068,34,Hérault,Occitanie,Vendres,vendres,34350,2736,38,72.0,43.2569,3.2304
4069,63,Puy-de-Dôme,Auvergne-Rhône-Alpes,Aigueperse,aigueperse,63260,2736,11,260.0,46.0145,3.2024
4070,72,Sarthe,Pays de la Loire,Cherré-Au,cherre-au,72400,2735,18,148.0,48.1742,0.671
4071,37,Indre-et-Loire,Centre-Val de Loire,Artannes-sur-Indre,artannes-sur-indre,37260,2734,21,129.0,47.2735,0.5918
4072,53,Mayenne,Pays de la Loire,Loiron-Ruillé,loiron-ruille,53320,2732,23,120.0,48.062,-0.942
4073,77,Seine-et-Marne,Île-de-France,Vulaines-sur-Seine,vulaines-sur-seine,77870,2731,4,622.0,48.4335,2.7757
4074,86,Vienne,Nouvelle-Aquitaine,Nieuil-l'Espoir,nieuil-l-espoir,86340,2729,21,129.0,46.491,0.4589
4075,33,Gironde,Nouvelle-Aquitaine,Sallebœuf,salleboeuf,33370,2728,15,186.0,44.8423,-0.392
4076,66,Pyrénées-Orientales,Occitanie,Baixas,baixas,66390,2727,19,143.0,42.744,2.8079
4077,94,Val-de-Marne,Île-de-France,Périgny,perigny,94520,2725,3,987.0,48.6974,2.562
4078,80,Somme,Hauts-de-France,Ailly-sur-Noye,ailly-sur-noye,80250,2724,25,107.0,49.7493,2.3524
4079,41,Loir-et-Cher,Centre-Val de Loire,Saint-Georges-sur-Cher,saint-georges-sur-cher,41400,2723,24,115.0,47.3027,1.1346
4080,57,Moselle,Grand Est,Montois-la-Montagne,montois-la-montagne,57860,2723,7,386.0,49.2267,6.0248
4081,85,Vendée,Pays de la Loire,Saint-Gervais,saint-gervais,85230,2723,43,64.0,46.9323,-1.9826
4082,16,Charente,Nouvelle-Aquitaine,Confolens,confolens,16500,2722,19,143.0,46.0245,0.6639
4083,95,Val-d'Oise,Île-de-France,Bernes-sur-Oise,bernes-sur-oise,95340,2722,6,492.0,49.1678,2.2997
4084,01,Ain,Auvergne-Rhône-Alpes,Massieux,massieux,01600,2721,3,850.0,45.9101,4.8279
4085,64,Pyrénées-Atlantiques,Nouvelle-Aquitaine,Sare,sare,64310,2720,52,53.0,43.2968,-1.5822
4086,02,Aisne,Hauts-de-France,Essômes-sur-Marne,essomes-sur-marne,02400,2719,29,95.0,49.033,3.3427
4087,30,Gard,Occitanie,Fourques,fourques,30300,2719,38,71.0,43.7105,4.5459
4088,34,Hérault,Occitanie,Balaruc-le-Vieux,balaruc-le-vieux,34540,2719,7,395.0,43.465,3.6971
4089,67,Bas-Rhin,Grand Est,Weitbruch,weitbruch,67500,2719,15,180.0,48.7606,7.7806
4090,17,Charente-Maritime,Nouvelle-Aquitaine,Étaules,etaules,17750,2717,12,228.0,45.7273,-1.1054
4091,56,Morbihan,Bretagne,Plumelec,plumelec,56420,2714,58,46.0,47.8237,-2.6227
4092,38,Isère,Auvergne-Rhône-Alpes,Chanas,chanas,38150,2706,12,235.0,45.3193,4.8327
4093,67,Bas-Rhin,Grand Est,Marmoutier,marmoutier,67440,2706,14,191.0,48.6953,7.3684
4094,72,Sarthe,Pays de la Loire,Saint-Saturnin,saint-saturnin,72650,2706,10,279.0,48.0607,0.1755
4095,73,Savoie,Auvergne-Rhône-Alpes,Saint-Baldoph,saint-baldoph,73190,2706,6,443.0,45.5303,5.9459
4096,19,Corrèze,Nouvelle-Aquitaine,Donzenac,donzenac,19270,2705,24,111.0,45.2318,1.5245
4097,07,Ardèche,Auvergne-Rhône-Alpes,Roiffieux,roiffieux,07100,2704,19,139.0,45.2208,4.6528
4098,61,Orne,Normandie,Bagnoles de l'Orne Normandie,bagnoles-de-l-orne-normandie,61140,2704,9,285.0,48.5696,-0.4174
4099,55,Meuse,Grand Est,Revigny-sur-Ornain,revigny-sur-ornain,55800,2702,19,140.0,48.8268,4.9769
4100,62,Pas-de-Calais,Hauts-de-France,Cauchy-à-la-Tour,cauchy-a-la-tour,62260,2702,3,861.0,50.5057,2.4505
4101,68,Haut-Rhin,Grand Est,Volgelsheim,volgelsheim,68600,2702,9,308.0,48.0252,7.5443
4102,87,Haute-Vienne,Nouvelle-Aquitaine,Saint-Just-le-Martel,saint-just-le-martel,87590,2701,32,85.0,45.852,1.3873
4103,29,Finistère,Bretagne,Névez,nevez,29920,2700,26,106.0,47.8091,-3.7745
4104,31,Haute-Garonne,Occitanie,Montréjeau,montrejeau,31210,2700,8,339.0,43.0876,0.5588
4105,72,Sarthe,Pays de la Loire,Saint-Mars-la-Brière,saint-mars-la-briere,72470,2699,35,78.0,48.0266,0.3826
4106,13,Bouches-du-Rhône,Provence-Alpes-Côte d'Azur,Orgon,orgon,13660,2698,35,78.0,43.7844,5.0294
4107,69,Rhône,Auvergne-Rhône-Alpes,Loire-sur-Rhône,loire-sur-rhone,69700,2698,16,164.0,45.5482,4.7847
4108,67,Bas-Rhin,Grand Est,Huttenheim,huttenheim,67230,2697,13,215.0,48.3497,7.5703
4109,95,Val-d'Oise,Île-de-France,Andilly,andilly,95580,2697,3,981.0,49.0098,2.302
4110,28,Eure-et-Loir,Centre-Val de Loire,Anet,anet,28260,2696,8,341.0,48.851,1.4432
4111,30,Gard,Occitanie,Bessèges,besseges,30160,2695,10,263.0,44.2889,4.107
4112,33,Gironde,Nouvelle-Aquitaine,Cézac,cezac,33620,2694,19,139.0,45.0867,-0.4171
4113,53,Mayenne,Pays de la Loire,Villaines-la-Juhel,villaines-la-juhel,53700,2694,29,94.0,48.3379,-0.2918
4114,44,Loire-Atlantique,Pays de la Loire,Joué-sur-Erdre,joue-sur-erdre,44440,2693,55,49.0,47.5084,-1.4312
4115,01,Ain,Auvergne-Rhône-Alpes,Balan,balan,01360,2692,18,150.0,45.8268,5.1076
4116,41,Loir-et-Cher,Centre-Val de Loire,Chailles,chailles,41120,2691,19,145.0,47.5392,1.3128
4117,63,Puy-de-Dôme,Auvergne-Rhône-Alpes,Puy-Guillaume,puy-guillaume,63290,2690,25,108.0,45.9644,3.5024
4118,37,Indre-et-Loire,Centre-Val de Loire,Beaumont-en-Véron,beaumont-en-veron,37420,2688,19,142.0,47.1957,0.1797
4119,79,Deux-Sèvres,Nouvelle-Aquitaine,Magné,magne,79460,2687,15,182.0,46.3103,-0.5567
4120,41,Loir-et-Cher,Centre-Val de Loire,Cellettes,cellettes,41120,2686,21,129.0,47.5263,1.3814
4121,33,Gironde,Nouvelle-Aquitaine,Vendays-Montalivet,vendays-montalivet,33930,2684,101,27.0,45.3378,-1.0953
4122,28,Eure-et-Loir,Centre-Val de Loire,Hanches,hanches,28130,2683,16,165.0,48.6048,1.6436
4123,62,Pas-de-Calais,Hauts-de-France,Camiers,camiers,62176,2683,16,166.0,50.5606,1.6129
4124,29,Finistère,Bretagne,Guilvinec,guilvinec,29730,2682,2,1118.0,47.7995,-4.2871
4125,64,Pyrénées-Atlantiques,Nouvelle-Aquitaine,Lahonce,lahonce,64990,2681,10,274.0,43.4816,-1.402
4126,49,Maine-et-Loire,Pays de la Loire,Ingrandes-le-Fresne-sur-Loire,ingrandes-le-fresne-sur-loire,49123,2680,7,398.0,47.4319,-0.9323
4127,56,Morbihan,Bretagne,Port-Louis,port-louis,56290,2679,1,2109.0,47.7091,-3.3517
4128,59,Nord,Hauts-de-France,Trélon,trelon,59132,2679,39,68.0,50.0686,4.126
4129,41,Loir-et-Cher,Centre-Val de Loire,Noyers-sur-Cher,noyers-sur-cher,41140,2677,23,118.0,47.2835,1.4052
4130,33,Gironde,Nouvelle-Aquitaine,Portets,portets,33640,2676,15,174.0,44.6783,-0.4263
4131,38,Isère,Auvergne-Rhône-Alpes,Saint-Just-Chaleyssin,saint-just-chaleyssin,38540,2676,14,191.0,45.5867,5.0077
4132,33,Gironde,Nouvelle-Aquitaine,Saint-Quentin-de-Baron,saint-quentin-de-baron,33750,2675,9,305.0,44.8175,-0.2811
4133,67,Bas-Rhin,Grand Est,Geudertheim,geudertheim,67170,2675,12,232.0,48.7063,7.7652
4134,67,Bas-Rhin,Grand Est,Rhinau,rhinau,67860,2675,17,155.0,48.3086,7.7027
4135,57,Moselle,Grand Est,Œting,oeting,57600,2674,4,625.0,49.1735,6.908
4136,59,Nord,Hauts-de-France,Verlinghem,verlinghem,59237,2673,10,264.0,50.682,2.9965
4137,02,Aisne,Hauts-de-France,Beautor,beautor,02800,2672,8,354.0,49.6472,3.3361
4138,11,Aude,Occitanie,Vinassan,vinassan,11110,2671,9,299.0,43.207,3.0969
4139,79,Deux-Sèvres,Nouvelle-Aquitaine,Châtillon-sur-Thouet,chatillon-sur-thouet,79200,2671,16,164.0,46.6801,-0.255
4140,67,Bas-Rhin,Grand Est,Lipsheim,lipsheim,67640,2670,5,535.0,48.4892,7.6568
4141,51,Marne,Grand Est,Warmeriville,warmeriville,51110,2669,23,114.0,49.3513,4.2443
4142,77,Seine-et-Marne,Île-de-France,Longperrier,longperrier,77230,2669,5,574.0,49.0506,2.6566
4143,34,Hérault,Occitanie,Colombiers,colombiers,34440,2668,10,261.0,43.3175,3.1415
4144,38,Isère,Auvergne-Rhône-Alpes,Lans-en-Vercors,lans-en-vercors,38250,2668,39,68.0,45.1254,5.5858
4145,47,Lot-et-Garonne,Nouvelle-Aquitaine,Montayral,montayral,47500,2668,25,107.0,44.4705,0.9865
4146,13,Bouches-du-Rhône,Provence-Alpes-Côte d'Azur,Mollégès,molleges,13940,2666,14,187.0,43.8034,4.9466
4147,57,Moselle,Grand Est,Morsbach,morsbach,57600,2666,5,522.0,49.1657,6.8675
4148,74,Haute-Savoie,Auvergne-Rhône-Alpes,Alby-sur-Chéran,alby-sur-cheran,74540,2665,7,408.0,45.8145,6.0197
4149,95,Val-d'Oise,Île-de-France,Saint-Martin-du-Tertre,saint-martin-du-tertre,95270,2663,12,227.0,49.1008,2.3353
4150,25,Doubs,Bourgogne-Franche-Comté,École-Valentin,ecole-valentin,25480,2662,3,827.0,47.2743,5.9877
4151,57,Moselle,Grand Est,Scy-Chazelles,scy-chazelles,57160,2662,4,602.0,49.1148,6.1214
4152,59,Nord,Hauts-de-France,Râches,raches,59194,2660,5,543.0,50.4208,3.1338
4153,74,Haute-Savoie,Auvergne-Rhône-Alpes,Morzine,morzine,74110,2660,44,60.0,46.172,6.7432
4154,07,Ardèche,Auvergne-Rhône-Alpes,Les Vans,les-vans,07140,2659,31,85.0,44.3884,4.1145
4155,25,Doubs,Bourgogne-Franche-Comté,Miserey-Salines,miserey-salines,25480,2659,6,431.0,47.2897,5.9705
4156,26,Drôme,Auvergne-Rhône-Alpes,Aouste-sur-Sye,aouste-sur-sye,26400,2659,18,148.0,44.7027,5.0604
4157,33,Gironde,Nouvelle-Aquitaine,La Lande-de-Fronsac,la-lande-de-fronsac,33240,2659,9,312.0,44.9849,-0.3797
4158,77,Seine-et-Marne,Île-de-France,Cannes-Écluse,cannes-ecluse,77130,2659,9,308.0,48.3608,2.9888
4159,24,Dordogne,Nouvelle-Aquitaine,La Force,la-force,24130,2658,16,170.0,44.8799,0.358
4160,62,Pas-de-Calais,Hauts-de-France,Souchez,souchez,62153,2658,7,396.0,50.3894,2.7453
4161,22,Côtes-d'Armor,Bretagne,La Roche-Jaudy,la-roche-jaudy,22450,2657,2,1468.0,48.7304,-3.23
4162,69,Rhône,Auvergne-Rhône-Alpes,Pommiers,pommiers,69480,2657,8,341.0,45.9581,4.6928
4163,77,Seine-et-Marne,Île-de-France,Guérard,guerard,77580,2655,20,134.0,48.8128,2.9533
4164,83,Var,Provence-Alpes-Côte d'Azur,Gassin,gassin,83580,2655,25,107.0,43.2385,6.5876
4165,59,Nord,Hauts-de-France,Marpent,marpent,59164,2654,5,544.0,50.2913,4.0751
4166,60,Oise,Hauts-de-France,Cauffry,cauffry,60290,2654,5,563.0,49.3138,2.428
4167,54,Meurthe-et-Moselle,Grand Est,Auboué,auboue,54580,2652,4,589.0,49.2125,5.9752
4168,59,Nord,Hauts-de-France,Vieux-Berquin,vieux-berquin,59232,2649,26,101.0,50.6936,2.6229
4169,01,Ain,Auvergne-Rhône-Alpes,Polliat,polliat,01310,2648,20,131.0,46.2504,5.1355
4170,07,Ardèche,Auvergne-Rhône-Alpes,Vernosc-lès-Annonay,vernosc-les-annonay,07430,2648,17,160.0,45.224,4.7254
4171,54,Meurthe-et-Moselle,Grand Est,Gondreville,gondreville,54840,2648,25,104.0,48.684,5.9801
4172,34,Hérault,Occitanie,Vailhauquès,vailhauques,34570,2647,16,164.0,43.6652,3.7304
4173,36,Indre,Centre-Val de Loire,Villedieu-sur-Indre,villedieu-sur-indre,36320,2647,58,45.0,46.834,1.5177
4174,62,Pas-de-Calais,Hauts-de-France,Coquelles,coquelles,62231,2647,9,298.0,50.9279,1.8226
4175,14,Calvados,Normandie,Louvigny,louvigny,14111,2646,6,467.0,49.1533,-0.3959
4176,38,Isère,Auvergne-Rhône-Alpes,Saint-Georges-de-Commiers,saint-georges-de-commiers,38450,2646,14,186.0,45.0356,5.7218
4177,10,Aube,Grand Est,Villenauxe-la-Grande,villenauxe-la-grande,10370,2645,18,146.0,48.5951,3.5428
4178,26,Drôme,Auvergne-Rhône-Alpes,Alixan,alixan,26300,2645,28,94.0,44.9843,5.0167
4179,44,Loire-Atlantique,Pays de la Loire,Saint-Mars-de-Coutais,saint-mars-de-coutais,44680,2645,35,77.0,47.0779,-1.7457
4180,18,Cher,Centre-Val de Loire,Méreau,mereau,18120,2644,19,141.0,47.1804,2.0548
4181,45,Loiret,Centre-Val de Loire,Chevilly,chevilly,45520,2644,42,63.0,48.0318,1.8918
4182,43,Haute-Loire,Auvergne-Rhône-Alpes,Saint-Maurice-de-Lignon,saint-maurice-de-lignon,43200,2643,30,88.0,45.2225,4.1394
4183,59,Nord,Hauts-de-France,Haspres,haspres,59198,2642,12,216.0,50.2642,3.412
4184,72,Sarthe,Pays de la Loire,La Milesse,la-milesse,72650,2642,10,252.0,48.0663,0.1331
4185,76,Seine-Maritime,Normandie,Épouville,epouville,76133,2641,6,468.0,49.5654,0.2286
4186,34,Hérault,Occitanie,Caux,caux,34720,2640,25,106.0,43.5031,3.3709
4187,35,Ille-et-Vilaine,Bretagne,Étrelles,etrelles,35370,2640,28,95.0,48.0699,-1.2104
4188,27,Eure,Normandie,Ivry-la-Bataille,ivry-la-bataille,27540,2638,8,340.0,48.8847,1.4467
4189,31,Haute-Garonne,Occitanie,Drémil-Lafage,dremil-lafage,31280,2638,13,210.0,43.592,1.5996
4190,54,Meurthe-et-Moselle,Grand Est,Trieux,trieux,54750,2638,9,299.0,49.3222,5.9507
4191,81,Tarn,Occitanie,Soual,soual,81580,2638,14,188.0,43.5493,2.1258
4192,84,Vaucluse,Provence-Alpes-Côte d'Azur,Sainte-Cécile-les-Vignes,sainte-cecile-les-vignes,84290,2637,20,132.0,44.2344,4.8949
4193,44,Loire-Atlantique,Pays de la Loire,Corsept,corsept,44560,2636,24,109.0,47.2672,-2.0894
4194,26,Drôme,Auvergne-Rhône-Alpes,Peyrins,peyrins,26380,2635,25,104.0,45.0994,5.0441
4195,41,Loir-et-Cher,Centre-Val de Loire,Villefranche-sur-Cher,villefranche-sur-cher,41200,2635,27,97.0,47.3093,1.757
4196,76,Seine-Maritime,Normandie,Fontaine-la-Mallet,fontaine-la-mallet,76290,2635,6,412.0,49.5415,0.1399
4197,38,Isère,Auvergne-Rhône-Alpes,Nivolas-Vermelle,nivolas-vermelle,38300,2632,6,426.0,45.5638,5.3084
4198,83,Var,Provence-Alpes-Côte d'Azur,Bras,bras,83149,2632,36,73.0,43.4723,5.9558
4199,85,Vendée,Pays de la Loire,Saint-Christophe-du-Ligneron,saint-christophe-du-ligneron,85670,2632,42,62.0,46.8142,-1.7387
4200,43,Haute-Loire,Auvergne-Rhône-Alpes,Dunières,dunieres,43220,2631,35,76.0,45.216,4.3426
4201,50,Manche,Normandie,Grandparigny,grandparigny,50600,2629,12,222.0,48.6071,-1.0655
4202,13,Bouches-du-Rhône,Provence-Alpes-Côte d'Azur,Charleval,charleval,13350,2628,14,183.0,43.7205,5.2461
4203,69,Rhône,Auvergne-Rhône-Alpes,Taluyers,taluyers,69440,2628,8,322.0,45.6343,4.7265
4204,67,Bas-Rhin,Grand Est,Hilsenheim,hilsenheim,67600,2626,20,129.0,48.2956,7.5743
4205,37,Indre-et-Loire,Centre-Val de Loire,Saint-Branchs,saint-branchs,37320,2625,52,51.0,47.2164,0.7571
4206,53,Mayenne,Pays de la Loire,Ambrières-les-Vallées,ambrieres-les-vallees,53300,2623,38,68.0,48.4242,-0.6268
4207,49,Maine-et-Loire,Pays de la Loire,Le Plessis-Grammoire,le-plessis-grammoire,49124,2622,9,277.0,47.4941,-0.4365
4208,57,Moselle,Grand Est,Neufchef,neufchef,57700,2621,17,158.0,49.3149,6.0139
4209,77,Seine-et-Marne,Île-de-France,Montigny-sur-Loing,montigny-sur-loing,77690,2621,9,286.0,48.3381,2.7572
4210,28,Eure-et-Loir,Centre-Val de Loire,Châteauneuf-en-Thymerais,chateauneuf-en-thymerais,28170,2620,4,641.0,48.5928,1.2391
4211,31,Haute-Garonne,Occitanie,Rieux-Volvestre,rieux-volvestre,31310,2619,33,80.0,43.2538,1.2096
4212,74,Haute-Savoie,Auvergne-Rhône-Alpes,Étrembières,etrembieres,74100,2619,5,488.0,46.1696,6.2108
4213,62,Pas-de-Calais,Hauts-de-France,Richebourg,richebourg,62136,2618,17,150.0,50.5822,2.7505
4214,74,Haute-Savoie,Auvergne-Rhône-Alpes,Vallières-sur-Fier,vallieres-sur-fier,74150,2618,9,292.0,45.9151,5.9144
4215,83,Var,Provence-Alpes-Côte d'Azur,Seillons-Source-d'Argens,seillons-source-d-argens,83470,2617,25,104.0,43.5156,5.8775
4216,87,Haute-Vienne,Nouvelle-Aquitaine,Bosmie-l'Aiguille,bosmie-l-aiguille,87110,2617,8,326.0,45.7634,1.2047
4217,54,Meurthe-et-Moselle,Grand Est,Foug,foug,54570,2616,26,102.0,48.6748,5.779
4218,62,Pas-de-Calais,Hauts-de-France,La Couture,la-couture,62136,2616,13,195.0,50.5773,2.6969
4219,67,Bas-Rhin,Grand Est,Dorlisheim,dorlisheim,67120,2616,11,228.0,48.5199,7.4761
4220,90,Territoire de Belfort,Bourgogne-Franche-Comté,Châtenois-les-Forges,chatenois-les-forges,90700,2616,9,299.0,47.5602,6.834
4221,33,Gironde,Nouvelle-Aquitaine,Sainte-Foy-la-Grande,sainte-foy-la-grande,33220,2615,1,4432.0,44.8407,0.2171
4222,91,Essonne,Île-de-France,Gometz-le-Châtel,gometz-le-chatel,91940,2615,5,525.0,48.6729,2.142
4223,50,Manche,Normandie,Percy-en-Normandie,percy-en-normandie,50410,2614,37,70.0,48.9174,-1.1939
4224,24,Dordogne,Nouvelle-Aquitaine,Le Bugue,le-bugue,24260,2613,30,86.0,44.9249,0.9198
4225,62,Pas-de-Calais,Hauts-de-France,Équihen-Plage,equihen-plage,62224,2613,4,660.0,50.6791,1.5789
4226,72,Sarthe,Pays de la Loire,Noyen-sur-Sarthe,noyen-sur-sarthe,72430,2613,43,61.0,47.8569,-0.1031
4227,83,Var,Provence-Alpes-Côte d'Azur,Le Thoronet,le-thoronet,83340,2613,37,72.0,43.4585,6.2905
4228,83,Var,Provence-Alpes-Côte d'Azur,Figanières,figanieres,83830,2610,28,92.0,43.5642,6.4915
4229,35,Ille-et-Vilaine,Bretagne,Martigné-Ferchaud,martigne-ferchaud,35640,2608,75,35.0,47.828,-1.323
4230,68,Haut-Rhin,Grand Est,Baldersheim,baldersheim,68390,2607,13,203.0,47.7968,7.4063
4231,57,Moselle,Grand Est,Cattenom,cattenom,57570,2606,26,101.0,49.4138,6.2345
4232,77,Seine-et-Marne,Île-de-France,Vernou-la-Celle-sur-Seine,vernou-la-celle-sur-seine,77670,2606,22,117.0,48.4058,2.851
4233,56,Morbihan,Bretagne,Plougoumelen,plougoumelen,56400,2605,22,119.0,47.6589,-2.8932
4234,59,Nord,Hauts-de-France,Wahagnies,wahagnies,59261,2605,6,456.0,50.4848,3.0284
4235,39,Jura,Bourgogne-Franche-Comté,Damparis,damparis,39500,2603,9,294.0,47.0674,5.3994
4236,56,Morbihan,Bretagne,Saint-Dolay,saint-dolay,56130,2603,49,53.0,47.5402,-2.1695
4237,02,Aisne,Hauts-de-France,Athies-sous-Laon,athies-sous-laon,02840,2601,15,168.0,49.5754,3.6905
4238,02,Aisne,Hauts-de-France,Vervins,vervins,02140,2600,10,251.0,49.8371,3.9226
4239,03,Allier,Auvergne-Rhône-Alpes,Huriel,huriel,03380,2600,35,74.0,46.3757,2.4812
4240,21,Côte-d'Or,Bourgogne-Franche-Comté,Arc-sur-Tille,arc-sur-tille,21560,2600,23,114.0,47.3394,5.2007
4241,28,Eure-et-Loir,Centre-Val de Loire,Toury,toury,28310,2600,19,137.0,48.1954,1.9425
4242,59,Nord,Hauts-de-France,Avelin,avelin,59710,2600,14,187.0,50.5397,3.085
4243,55,Meuse,Grand Est,Ancerville,ancerville,55170,2599,21,122.0,48.6391,5.0266
4244,79,Deux-Sèvres,Nouvelle-Aquitaine,Loretz-d'Argenton,loretz-d-argenton,79290,2599,26,100.0,47.0578,-0.2732
4245,35,Ille-et-Vilaine,Bretagne,Sens-de-Bretagne,sens-de-bretagne,35490,2597,31,83.0,48.3367,-1.5563
4246,91,Essonne,Île-de-France,Champlan,champlan,91160,2597,4,700.0,48.7083,2.2775
4247,27,Eure,Normandie,Pîtres,pitres,27590,2596,11,236.0,49.3302,1.2159
4248,76,Seine-Maritime,Normandie,Criel-sur-Mer,criel-sur-mer,76910,2596,21,122.0,50.0221,1.3215
4249,85,Vendée,Pays de la Loire,La Châtaigneraie,la-chataigneraie,85120,2596,8,326.0,46.6423,-0.7402
4250,03,Allier,Auvergne-Rhône-Alpes,Saint-Yorre,saint-yorre,03270,2595,6,399.0,46.0615,3.4672
4251,05,Hautes-Alpes,Provence-Alpes-Côte d'Azur,La Bâtie-Neuve,la-batie-neuve,05230,2595,27,95.0,44.5817,6.2151
4252,60,Oise,Hauts-de-France,Longueil-Annel,longueil-annel,60150,2595,6,429.0,49.4665,2.8537
4253,67,Bas-Rhin,Grand Est,La Broque,la-broque,67130,2595,23,112.0,48.4597,7.163
4254,71,Saône-et-Loire,Bourgogne-Franche-Comté,Champforgeuil,champforgeuil,71530,2595,7,360.0,46.8145,4.8236
4255,11,Aude,Occitanie,Palaja,palaja,11570,2594,15,173.0,43.169,2.3905
4256,81,Tarn,Occitanie,Cagnac-les-Mines,cagnac-les-mines,81130,2594,25,104.0,43.981,2.1177
4257,56,Morbihan,Bretagne,Gestel,gestel,56530,2592,6,417.0,47.8092,-3.4368
4258,67,Bas-Rhin,Grand Est,Oberschaeffolsheim,oberschaeffolsheim,67203,2592,8,340.0,48.5897,7.6486
4259,17,Charente-Maritime,Nouvelle-Aquitaine,La Jarne,la-jarne,17220,2591,8,308.0,46.1215,-1.074
4260,30,Gard,Occitanie,Boisset-et-Gaujac,boisset-et-gaujac,30140,2591,14,179.0,44.0508,4.0282
4261,35,Ille-et-Vilaine,Bretagne,Val-d'Izé,val-d-ize,35450,2591,46,57.0,48.1861,-1.2987
4262,33,Gironde,Nouvelle-Aquitaine,Beychac-et-Caillau,beychac-et-caillau,33750,2590,16,164.0,44.8708,-0.3726
4263,69,Rhône,Auvergne-Rhône-Alpes,Orliénas,orlienas,69530,2590,10,250.0,45.6609,4.7207
4264,84,Vaucluse,Provence-Alpes-Côte d'Azur,Caderousse,caderousse,84860,2590,32,80.0,44.1155,4.746
4265,88,Vosges,Grand Est,Granges-Aumontzey,granges-aumontzey,88640,2590,30,87.0,48.1342,6.8151
4266,86,Vienne,Nouvelle-Aquitaine,Lusignan,lusignan,86600,2589,38,68.0,46.4404,0.1186
4267,38,Isère,Auvergne-Rhône-Alpes,Saint-Étienne-de-Crossey,saint-etienne-de-crossey,38960,2587,13,197.0,45.3797,5.6344
4268,69,Rhône,Auvergne-Rhône-Alpes,Saint-Pierre-la-Palud,saint-pierre-la-palud,69210,2587,7,346.0,45.7833,4.6163
4269,31,Haute-Garonne,Occitanie,Montgiscard,montgiscard,31450,2586,13,196.0,43.4507,1.5687
4270,38,Isère,Auvergne-Rhône-Alpes,Villages du Lac de Paladru,villages-du-lac-de-paladru,38850,2586,13,206.0,45.4743,5.5339
4271,60,Oise,Hauts-de-France,Breuil-le-Sec,breuil-le-sec,60840,2586,9,289.0,49.379,2.4567
4272,59,Nord,Hauts-de-France,Nomain,nomain,59310,2585,19,135.0,50.5039,3.2426
4273,76,Seine-Maritime,Normandie,Yerville,yerville,76760,2584,10,247.0,49.6752,0.8902
4274,67,Bas-Rhin,Grand Est,Dettwiller,dettwiller,67490,2582,11,240.0,48.7604,7.4517
4275,71,Saône-et-Loire,Bourgogne-Franche-Comté,Gergy,gergy,71590,2582,39,66.0,46.8724,4.9159
4276,02,Aisne,Hauts-de-France,Charly-sur-Marne,charly-sur-marne,02310,2581,21,125.0,48.9821,3.2936
4277,33,Gironde,Nouvelle-Aquitaine,Cubzac-les-Ponts,cubzac-les-ponts,33240,2581,9,289.0,44.9674,-0.4426
4278,56,Morbihan,Bretagne,Le Bono,le-bono,56400,2581,6,414.0,47.6381,-2.938
4279,59,Nord,Hauts-de-France,Frelinghien,frelinghien,59236,2581,11,229.0,50.7043,2.9525
4280,88,Vosges,Grand Est,Xertigny,xertigny,88220,2579,50,51.0,48.0318,6.369
4281,01,Ain,Auvergne-Rhône-Alpes,Montrevel-en-Bresse,montrevel-en-bresse,01340,2578,10,257.0,46.3262,5.1122
4282,60,Oise,Hauts-de-France,Fitz-James,fitz-james,60600,2578,10,262.0,49.3991,2.4293
4283,30,Gard,Occitanie,Bagard,bagard,30140,2577,15,178.0,44.0684,4.0422
4284,44,Loire-Atlantique,Pays de la Loire,Les Touches,les-touches,44390,2577,35,73.0,47.4552,-1.4166
4285,59,Nord,Hauts-de-France,Watten,watten,59143,2577,8,331.0,50.8317,2.2315
4286,62,Pas-de-Calais,Hauts-de-France,Sailly-Labourse,sailly-labourse,62113,2577,6,422.0,50.4986,2.7048
4287,22,Côtes-d'Armor,Bretagne,Grâces,graces,22200,2576,14,182.0,48.5478,-3.1847
4288,42,Loire,Auvergne-Rhône-Alpes,Pouilly-sous-Charlieu,pouilly-sous-charlieu,42720,2576,16,156.0,46.1344,4.1315
4289,11,Aude,Occitanie,Conques-sur-Orbiel,conques-sur-orbiel,11600,2575,26,99.0,43.2815,2.38
4290,33,Gironde,Nouvelle-Aquitaine,Castres-Gironde,castres-gironde,33640,2575,7,369.0,44.6866,-0.4566
4291,30,Gard,Occitanie,Meynes,meynes,30840,2572,17,155.0,43.8765,4.5524
4292,45,Loiret,Centre-Val de Loire,Ouzouer-sur-Loire,ouzouer-sur-loire,45570,2572,36,72.0,47.7862,2.47
4293,45,Loiret,Centre-Val de Loire,Nogent-sur-Vernisson,nogent-sur-vernisson,45290,2569,33,77.0,47.8338,2.726
4294,72,Sarthe,Pays de la Loire,Roëzé-sur-Sarthe,roeze-sur-sarthe,72210,2569,27,96.0,47.8939,0.0641
4295,73,Savoie,Auvergne-Rhône-Alpes,La Léchère,la-lechere,73260,2569,97,26.0,45.5261,6.4666
4296,89,Yonne,Bourgogne-Franche-Comté,Toucy,toucy,89130,2569,35,73.0,47.7328,3.2882
4297,47,Lot-et-Garonne,Nouvelle-Aquitaine,Clairac,clairac,47320,2568,34,76.0,44.3657,0.3901
4298,76,Seine-Maritime,Normandie,Tourville-la-Rivière,tourville-la-riviere,76410,2568,8,318.0,49.3363,1.0966
4299,91,Essonne,Île-de-France,Ormoy,ormoy,91540,2568,2,1388.0,48.5714,2.4576
4300,26,Drôme,Auvergne-Rhône-Alpes,Allex,allex,26400,2567,20,126.0,44.7718,4.9157
4301,29,Finistère,Bretagne,Plouénan,plouenan,29420,2567,31,83.0,48.6183,-3.99
4302,76,Seine-Maritime,Normandie,Criquetot-l'Esneval,criquetot-l-esneval,76280,2567,14,187.0,49.6344,0.2689
4303,20,Corse,Corse,Calenzana,calenzana,20214,2566,185,14.0,42.4736,8.7864
4304,06,Alpes-Maritimes,Provence-Alpes-Côte d'Azur,L'Escarène,l-escarene,06440,2563,11,243.0,43.8303,7.3665
4305,22,Côtes-d'Armor,Bretagne,Taden,taden,22100,2563,20,126.0,48.4867,-2.0536
4306,66,Pyrénées-Orientales,Occitanie,Corneilla-del-Vercol,corneilla-del-vercol,66200,2561,5,477.0,42.6228,2.9512
4307,74,Haute-Savoie,Auvergne-Rhône-Alpes,Saint-Paul-en-Chablais,saint-paul-en-chablais,74500,2560,14,178.0,46.3685,6.6393
4308,01,Ain,Auvergne-Rhône-Alpes,Chalamont,chalamont,01320,2559,33,78.0,46.0149,5.1735
4309,86,Vienne,Nouvelle-Aquitaine,Civray,civray,86400,2558,9,294.0,46.1427,0.2994
4310,20,Corse,Corse,Ventiseri,ventiseri,20240,2556,47,54.0,41.9386,9.3552
4311,62,Pas-de-Calais,Hauts-de-France,Auxi-le-Château,auxi-le-chateau,62390,2556,27,93.0,50.2366,2.1174
4312,37,Indre-et-Loire,Centre-Val de Loire,Parçay-Meslay,parcay-meslay,37210,2555,14,181.0,47.4547,0.7394
4313,60,Oise,Hauts-de-France,Maignelay-Montigny,maignelay-montigny,60420,2555,19,135.0,49.5502,2.5129
4314,03,Allier,Auvergne-Rhône-Alpes,Bourbon-l'Archambault,bourbon-l-archambault,03160,2554,55,46.0,46.5829,3.0448
4315,11,Aude,Occitanie,Ouveillan,ouveillan,11590,2554,30,85.0,43.2926,2.9687
4316,01,Ain,Auvergne-Rhône-Alpes,Saint-Étienne-du-Bois,saint-etienne-du-bois,01370,2553,29,89.0,46.2755,5.2793
4317,35,Ille-et-Vilaine,Bretagne,Saint-Domineuc,saint-domineuc,35190,2553,16,162.0,48.3611,-1.8695
4318,59,Nord,Hauts-de-France,Saultain,saultain,59990,2553,6,396.0,50.3359,3.5832
4319,56,Morbihan,Bretagne,Le Palais,le-palais,56360,2552,18,144.0,47.3407,-3.1664
4320,49,Maine-et-Loire,Pays de la Loire,Vivy,vivy,49680,2551,23,109.0,47.3211,-0.071
4321,57,Moselle,Grand Est,Falck,falck,57550,2550,6,416.0,49.2257,6.6385
4322,02,Aisne,Hauts-de-France,Anizy-le-Grand,anizy-le-grand,02320,2549,10,263.0,49.5159,3.4426
4323,63,Puy-de-Dôme,Auvergne-Rhône-Alpes,Ennezat,ennezat,63720,2549,19,136.0,45.8965,3.2162
4324,45,Loiret,Centre-Val de Loire,Loury,loury,45470,2548,34,74.0,48.0047,2.0997
4325,80,Somme,Hauts-de-France,Mers-les-Bains,mers-les-bains,80350,2548,6,460.0,50.0723,1.4031
4326,29,Finistère,Bretagne,Guiclan,guiclan,29410,2547,43,59.0,48.5485,-3.9759
4327,49,Maine-et-Loire,Pays de la Loire,Les Bois d'Anjou,les-bois-d-anjou,49250,2543,22,114.0,47.4536,-0.1695
4328,77,Seine-et-Marne,Île-de-France,Chartrettes,chartrettes,77590,2543,10,252.0,48.4958,2.7091
4329,74,Haute-Savoie,Auvergne-Rhône-Alpes,Archamps,archamps,74160,2542,11,237.0,46.1207,6.1417
4330,02,Aisne,Hauts-de-France,Villeneuve-Saint-Germain,villeneuve-saint-germain,02200,2541,4,570.0,49.3809,3.3595
4331,19,Corrèze,Nouvelle-Aquitaine,Bort-les-Orgues,bort-les-orgues,19110,2541,15,172.0,45.3939,2.4849
4332,22,Côtes-d'Armor,Bretagne,Trégastel,tregastel,22730,2541,7,354.0,48.8166,-3.512
4333,44,Loire-Atlantique,Pays de la Loire,Casson,casson,44390,2540,16,157.0,47.3925,-1.548
4334,04,Alpes-de-Haute-Provence,Provence-Alpes-Côte d'Azur,Barcelonnette,barcelonnette,04400,2539,17,153.0,44.3751,6.6463
4335,56,Morbihan,Bretagne,Marzan,marzan,56130,2539,34,74.0,47.5441,-2.3599
4336,60,Oise,Hauts-de-France,Rantigny,rantigny,60290,2539,4,607.0,49.3346,2.4357
4337,01,Ain,Auvergne-Rhône-Alpes,Neyron,neyron,01700,2538,5,478.0,45.8204,4.9356
4338,14,Calvados,Normandie,Colleville-Montgomery,colleville-montgomery,14880,2537,8,318.0,49.276,-0.3062
4339,62,Pas-de-Calais,Hauts-de-France,Verton,verton,62180,2537,11,229.0,50.4026,1.6497
4340,14,Calvados,Normandie,La Rivière-Saint-Sauveur,la-riviere-saint-sauveur,14600,2535,5,473.0,49.4086,0.2641
4341,24,Dordogne,Nouvelle-Aquitaine,Eymet,eymet,24500,2535,31,81.0,44.6762,0.4001
4342,34,Hérault,Occitanie,Cers,cers,34420,2535,8,316.0,43.3314,3.3176
4343,44,Loire-Atlantique,Pays de la Loire,Couffé,couffe,44521,2535,40,64.0,47.3873,-1.2853
4344,56,Morbihan,Bretagne,Josselin,josselin,56120,2535,4,570.0,47.9548,-2.5517
4345,85,Vendée,Pays de la Loire,Nieul-le-Dolent,nieul-le-dolent,85430,2535,28,90.0,46.5688,-1.5141
4346,35,Ille-et-Vilaine,Bretagne,La Richardais,la-richardais,35780,2534,3,797.0,48.61,-2.043
4347,50,Manche,Normandie,Port-Bail-sur-Mer,port-bail-sur-mer,50580,2534,21,120.0,49.3403,-1.6888
4348,35,Ille-et-Vilaine,Bretagne,Cintré,cintre,35310,2533,8,300.0,48.109,-1.8837
4349,50,Manche,Normandie,Saint-Jean-d'Elle,saint-jean-d-elle,50810,2532,14,187.0,49.0934,-0.9551
4350,14,Calvados,Normandie,Saint-Vigor-le-Grand,saint-vigor-le-grand,14400,2529,10,261.0,49.291,-0.6753
4351,22,Côtes-d'Armor,Bretagne,Jugon-les-Lacs,jugon-les-lacs,22270,2529,27,95.0,48.4014,-2.3217
4352,83,Var,Provence-Alpes-Côte d'Azur,Solliès-Ville,sollies-ville,83210,2529,14,179.0,43.1804,6.0232
4353,971,Guadeloupe,Guadeloupe,Saint-Louis,saint-louis,97134,2528,58,44.0,15.9654,-61.2732
4354,33,Gironde,Nouvelle-Aquitaine,Saint-Yzan-de-Soudiac,saint-yzan-de-soudiac,33920,2527,11,226.0,45.1548,-0.4047
4355,35,Ille-et-Vilaine,Bretagne,La Fresnais,la-fresnais,35111,2527,14,176.0,48.5846,-1.8383
4356,76,Seine-Maritime,Normandie,Val-de-Scie,val-de-scie,76720,2526,11,224.0,49.7147,1.1339
4357,35,Ille-et-Vilaine,Bretagne,Saint-Lunaire,saint-lunaire,35800,2525,10,243.0,48.62,-2.1004
4358,63,Puy-de-Dôme,Auvergne-Rhône-Alpes,Aydat,aydat,63970,2524,51,50.0,45.6663,2.9899
4359,81,Tarn,Occitanie,Arthès,arthes,81160,2523,10,250.0,43.9653,2.2268
4360,85,Vendée,Pays de la Loire,Sainte-Flaive-des-Loups,sainte-flaive-des-loups,85150,2522,36,70.0,46.6068,-1.5786
4361,14,Calvados,Normandie,Lion-sur-Mer,lion-sur-mer,14780,2521,5,526.0,49.3011,-0.3329
4362,38,Isère,Auvergne-Rhône-Alpes,Brié-et-Angonnes,brie-et-angonnes,38320,2521,10,256.0,45.122,5.78
4363,38,Isère,Auvergne-Rhône-Alpes,Satolas-et-Bonce,satolas-et-bonce,38290,2520,17,151.0,45.6821,5.1218
4364,50,Manche,Normandie,Saint-Amand-Villages,saint-amand-villages,50160,2520,29,86.0,49.0411,-0.9306
4365,67,Bas-Rhin,Grand Est,Entzheim,entzheim,67960,2520,8,303.0,48.5353,7.6341
4366,85,Vendée,Pays de la Loire,Saint-Martin-des-Noyers,saint-martin-des-noyers,85140,2520,41,61.0,46.7216,-1.2009
4367,41,Loir-et-Cher,Centre-Val de Loire,Villebarou,villebarou,41000,2519,9,275.0,47.6252,1.3187
4368,58,Nièvre,Bourgogne-Franche-Comté,Guérigny,guerigny,58130,2519,7,339.0,47.0972,3.2177
4369,69,Rhône,Auvergne-Rhône-Alpes,Dommartin,dommartin,69380,2519,7,354.0,45.8372,4.7122
4370,21,Côte-d'Or,Bourgogne-Franche-Comté,Plombières-lès-Dijon,plombieres-les-dijon,21370,2518,15,169.0,47.3368,4.9473
4371,76,Seine-Maritime,Normandie,Arelaune-en-Seine,arelaune-en-seine,76940,2518,45,56.0,49.4654,0.7492
4372,30,Gard,Occitanie,Le Cailar,le-cailar,30740,2517,30,83.0,43.653,4.2417
4373,66,Pyrénées-Orientales,Occitanie,Collioure,collioure,66190,2517,12,210.0,42.5087,3.0744
4374,30,Gard,Occitanie,La Calmette,la-calmette,30190,2516,11,224.0,43.9272,4.2649
4375,35,Ille-et-Vilaine,Bretagne,Talensac,talensac,35160,2516,22,116.0,48.0905,-1.9224
4376,44,Loire-Atlantique,Pays de la Loire,Piriac-sur-Mer,piriac-sur-mer,44420,2516,12,208.0,47.3838,-2.5449
4377,56,Morbihan,Bretagne,Noyal-Muzillac,noyal-muzillac,56190,2516,49,51.0,47.5946,-2.4614
4378,14,Calvados,Normandie,Saint-Martin-de-Fontenay,saint-martin-de-fontenay,14320,2515,11,234.0,49.1125,-0.4095
4379,03,Allier,Auvergne-Rhône-Alpes,Néris-les-Bains,neris-les-bains,03310,2514,33,76.0,46.3028,2.6809
4380,68,Haut-Rhin,Grand Est,Zillisheim,zillisheim,68720,2514,8,304.0,47.6863,7.3035
4381,74,Haute-Savoie,Auvergne-Rhône-Alpes,Lugrin,lugrin,74500,2513,13,188.0,46.3909,6.6748
4382,28,Eure-et-Loir,Centre-Val de Loire,Janville-en-Beauce,janville-en-beauce,28310,2512,12,204.0,48.1998,1.8474
4383,78,Yvelines,Île-de-France,Garancières,garancieres,78890,2512,10,242.0,48.8223,1.7602
4384,87,Haute-Vienne,Nouvelle-Aquitaine,Nexon,nexon,87800,2512,41,61.0,45.6648,1.1779
4385,07,Ardèche,Auvergne-Rhône-Alpes,Saint-Jean-de-Muzols,saint-jean-de-muzols,07300,2511,11,231.0,45.0775,4.8001
4386,22,Côtes-d'Armor,Bretagne,Penvénan,penvenan,22710,2511,20,123.0,48.8223,-3.3016
4387,53,Mayenne,Pays de la Loire,Gorron,gorron,53120,2511,15,169.0,48.4209,-0.7969
4388,76,Seine-Maritime,Normandie,Gainneville,gainneville,76700,2511,5,547.0,49.5176,0.2574
4389,77,Seine-et-Marne,Île-de-France,Héricy,hericy,77850,2511,11,234.0,48.4439,2.7859
4390,25,Doubs,Bourgogne-Franche-Comté,Les Auxons,les-auxons,25870,2510,4,652.0,47.3001,5.9557
4391,32,Gers,Occitanie,Pavie,pavie,32550,2510,25,101.0,43.6055,0.5857
4392,53,Mayenne,Pays de la Loire,Renazé,renaze,53800,2510,17,149.0,47.7846,-1.0363
4393,81,Tarn,Occitanie,Aiguefonde,aiguefonde,81200,2510,19,131.0,43.4893,2.3264
4394,86,Vienne,Nouvelle-Aquitaine,Rouillé,rouille,86480,2510,52,48.0,46.422,0.0282
4395,88,Vosges,Grand Est,Saulxures-sur-Moselotte,saulxures-sur-moselotte,88290,2510,32,79.0,47.9519,6.7687
4396,56,Morbihan,Bretagne,Malestroit,malestroit,56140,2509,6,426.0,47.8076,-2.3867
4397,59,Nord,Hauts-de-France,Morbecque,morbecque,59190,2509,45,56.0,50.6803,2.5336
4398,14,Calvados,Normandie,Rots,rots,14980,2508,12,207.0,49.2153,-0.4913
4399,31,Haute-Garonne,Occitanie,Daux,daux,31700,2508,17,149.0,43.6849,1.2685
4400,03,Allier,Auvergne-Rhône-Alpes,Prémilhat,premilhat,03410,2507,21,119.0,46.3082,2.5476
4401,26,Drôme,Auvergne-Rhône-Alpes,Montboucher-sur-Jabron,montboucher-sur-jabron,26740,2507,10,251.0,44.5535,4.816
4402,38,Isère,Auvergne-Rhône-Alpes,Goncelin,goncelin,38570,2507,15,173.0,45.3365,5.9886
4403,62,Pas-de-Calais,Hauts-de-France,Gonnehem,gonnehem,62920,2507,15,163.0,50.5657,2.5691
4404,31,Haute-Garonne,Occitanie,Caraman,caraman,31460,2506,31,82.0,43.5324,1.7487
4405,85,Vendée,Pays de la Loire,Chauché,chauche,85140,2506,42,60.0,46.8272,-1.2668
4406,85,Vendée,Pays de la Loire,Les Landes-Genusson,les-landes-genusson,85130,2506,31,80.0,46.9697,-1.1254
4407,88,Vosges,Grand Est,Étival-Clairefontaine,etival-clairefontaine,88480,2506,27,92.0,48.3666,6.8351
4408,02,Aisne,Hauts-de-France,Le Nouvion-en-Thiérache,le-nouvion-en-thierache,02170,2505,49,51.0,50.0097,3.808
4409,18,Cher,Centre-Val de Loire,Saint-Martin-d'Auxigny,saint-martin-d-auxigny,18110,2505,24,103.0,47.2164,2.3843
4410,38,Isère,Auvergne-Rhône-Alpes,Vaulx-Milieu,vaulx-milieu,38090,2505,9,278.0,45.6174,5.1868
4411,40,Landes,Nouvelle-Aquitaine,Castets,castets,40260,2505,91,27.0,43.8806,-1.1487
4412,22,Côtes-d'Armor,Bretagne,Caulnes,caulnes,22350,2504,33,77.0,48.3032,-2.1598
4413,67,Bas-Rhin,Grand Est,Achenheim,achenheim,67204,2504,6,411.0,48.5818,7.6291
4414,31,Haute-Garonne,Occitanie,Saint-Geniès-Bellevue,saint-genies-bellevue,31180,2502,4,655.0,43.6809,1.4819
4415,24,Dordogne,Nouvelle-Aquitaine,Port-Sainte-Foy-et-Ponchapt,port-sainte-foy-et-ponchapt,33220,2501,19,133.0,44.8675,0.212
4416,25,Doubs,Bourgogne-Franche-Comté,Le Russey,le-russey,25210,2501,24,103.0,47.1526,6.7396
4417,59,Nord,Hauts-de-France,Camphin-en-Pévèle,camphin-en-pevele,59780,2501,7,384.0,50.5924,3.2558
4418,59,Nord,Hauts-de-France,Monchecourt,monchecourt,59234,2501,7,364.0,50.307,3.2113
4419,68,Haut-Rhin,Grand Est,Biesheim,biesheim,68600,2501,16,152.0,48.0471,7.5395
4420,69,Rhône,Auvergne-Rhône-Alpes,Sain-Bel,sain-bel,69210,2501,4,655.0,45.8115,4.6017
4421,01,Ain,Auvergne-Rhône-Alpes,Val-Revermont,val-revermont,01370,2500,40,63.0,46.2816,5.3537
4422,87,Haute-Vienne,Nouvelle-Aquitaine,Oradour-sur-Glane,oradour-sur-glane,87520,2500,38,65.0,45.9384,1.02
4423,57,Moselle,Grand Est,Alsting,alsting,57515,2499,6,434.0,49.1796,7.0002
4424,22,Côtes-d'Armor,Bretagne,Guerlédan,guerledan,22530,2498,31,80.0,48.1955,-2.9481
4425,60,Oise,Hauts-de-France,Hermes,hermes,60370,2498,12,210.0,49.3592,2.2563
4426,23,Creuse,Nouvelle-Aquitaine,Sainte-Feyre,sainte-feyre,23000,2497,30,83.0,46.1594,1.91
4427,37,Indre-et-Loire,Centre-Val de Loire,Larçay,larcay,37270,2497,11,221.0,47.3515,0.7773
4428,91,Essonne,Île-de-France,Villejust,villejust,91140,2496,5,466.0,48.6788,2.2207
4429,40,Landes,Nouvelle-Aquitaine,Magescq,magescq,40140,2493,77,32.0,43.7753,-1.1841
4430,67,Bas-Rhin,Grand Est,Offendorf,offendorf,67850,2493,14,177.0,48.7144,7.9178
4431,72,Sarthe,Pays de la Loire,Vibraye,vibraye,72320,2493,44,57.0,48.0489,0.7412
4432,84,Vaucluse,Provence-Alpes-Côte d'Azur,Mornas,mornas,84550,2492,26,96.0,44.1997,4.7438
4433,14,Calvados,Normandie,Valorbiquet,valorbiquet,14290,2491,4,609.0,49.0614,0.3336
4434,56,Morbihan,Bretagne,Treffléan,trefflean,56250,2491,18,135.0,47.6771,-2.6263
4435,59,Nord,Hauts-de-France,Leval,leval,59620,2491,6,424.0,50.1803,3.8325
4436,63,Puy-de-Dôme,Auvergne-Rhône-Alpes,Sayat,sayat,63530,2491,8,296.0,45.8373,3.0361
4437,67,Bas-Rhin,Grand Est,Kilstett,kilstett,67840,2491,7,356.0,48.6822,7.8452
4438,61,Orne,Normandie,Condé-sur-Sarthe,conde-sur-sarthe,61250,2490,8,294.0,48.4316,0.0319
4439,35,Ille-et-Vilaine,Bretagne,Bais,bais,35680,2488,35,71.0,48.0089,-1.2989
4440,14,Calvados,Normandie,Saint-Contest,saint-contest,14280,2487,8,313.0,49.2139,-0.4001
4441,22,Côtes-d'Armor,Bretagne,Plénée-Jugon,plenee-jugon,22640,2487,62,40.0,48.3537,-2.412
4442,13,Bouches-du-Rhône,Provence-Alpes-Côte d'Azur,Saint-Étienne-du-Grès,saint-etienne-du-gres,13103,2486,29,85.0,43.787,4.7352
4443,74,Haute-Savoie,Auvergne-Rhône-Alpes,Mieussy,mieussy,74440,2486,44,56.0,46.152,6.5379
4444,57,Moselle,Grand Est,Rosselange,rosselange,57780,2485,5,469.0,49.2673,6.0637
4445,67,Bas-Rhin,Grand Est,Berstett,berstett,67370,2483,18,136.0,48.6841,7.6335
4446,83,Var,Provence-Alpes-Côte d'Azur,Régusse,regusse,83630,2483,36,70.0,43.663,6.122
4447,01,Ain,Auvergne-Rhône-Alpes,Frans,frans,01480,2482,8,307.0,45.9905,4.7819
4448,86,Vienne,Nouvelle-Aquitaine,Lencloître,lencloitre,86140,2482,19,131.0,46.8081,0.303
4449,38,Isère,Auvergne-Rhône-Alpes,La Terrasse,la-terrasse,38660,2481,9,275.0,45.3237,5.9319
4450,30,Gard,Occitanie,Saint-Jean-du-Gard,saint-jean-du-gard,30270,2480,42,60.0,44.1098,3.8796
4451,76,Seine-Maritime,Normandie,Arques-la-Bataille,arques-la-bataille,76880,2480,15,167.0,49.8789,1.1539
4452,78,Yvelines,Île-de-France,Hardricourt,hardricourt,78250,2480,3,736.0,49.0092,1.8834
4453,78,Yvelines,Île-de-France,Orgerus,orgerus,78910,2480,14,171.0,48.8351,1.695
4454,17,Charente-Maritime,Nouvelle-Aquitaine,Semussac,semussac,17120,2479,25,99.0,45.5998,-0.9172
4455,67,Bas-Rhin,Grand Est,Kaltenhouse,kaltenhouse,67240,2478,4,666.0,48.7918,7.8332
4456,44,Loire-Atlantique,Pays de la Loire,La Limouzinière,la-limouziniere,44310,2477,29,84.0,46.9872,-1.637
4457,59,Nord,Hauts-de-France,Famars,famars,59300,2475,5,515.0,50.3089,3.5261
4458,59,Nord,Hauts-de-France,Capinghem,capinghem,59160,2474,2,1345.0,50.648,2.9633
4459,57,Moselle,Grand Est,Porcelette,porcelette,57890,2472,13,185.0,49.1637,6.6662
4460,39,Jura,Bourgogne-Franche-Comté,Salins-les-Bains,salins-les-bains,39110,2471,25,100.0,46.9503,5.9054
4461,54,Meurthe-et-Moselle,Grand Est,Audun-le-Roman,audun-le-roman,54560,2471,8,325.0,49.3639,5.8939
4462,55,Meuse,Grand Est,Stenay,stenay,55700,2471,27,90.0,49.4978,5.1997
4463,81,Tarn,Occitanie,Lacaune,lacaune,81230,2471,91,27.0,43.699,2.6923
4464,84,Vaucluse,Provence-Alpes-Côte d'Azur,Loriol-du-Comtat,loriol-du-comtat,84870,2471,11,221.0,44.0759,5.0049
4465,14,Calvados,Normandie,Villers-sur-Mer,villers-sur-mer,14640,2469,9,276.0,49.3113,0.0061
4466,38,Isère,Auvergne-Rhône-Alpes,Chirens,chirens,38850,2469,18,141.0,45.4148,5.5587
4467,62,Pas-de-Calais,Hauts-de-France,Condette,condette,62360,2469,17,149.0,50.6517,1.6454
4468,73,Savoie,Auvergne-Rhône-Alpes,Saint-Michel-de-Maurienne,saint-michel-de-maurienne,73140,2469,36,68.0,45.2401,6.4951
4469,16,Charente,Nouvelle-Aquitaine,Montmoreau,montmoreau,16190,2468,12,204.0,45.4062,0.1524
4470,27,Eure,Normandie,Clef Vallée d'Eure,clef-vallee-d-eure,27490,2468,15,163.0,49.1143,1.2502
4471,80,Somme,Hauts-de-France,Pont-de-Metz,pont-de-metz,80480,2468,8,315.0,49.8843,2.2271
4472,40,Landes,Nouvelle-Aquitaine,Villeneuve-de-Marsan,villeneuve-de-marsan,40190,2465,23,106.0,43.9087,-0.3057
4473,85,Vendée,Pays de la Loire,Sainte-Foy,sainte-foy,85150,2465,16,157.0,46.5316,-1.6989
4474,38,Isère,Auvergne-Rhône-Alpes,Chatte,chatte,38160,2463,23,108.0,45.1419,5.2815
4475,43,Haute-Loire,Auvergne-Rhône-Alpes,Chadrac,chadrac,43770,2463,2,993.0,45.0602,3.9013
4476,19,Corrèze,Nouvelle-Aquitaine,Varetz,varetz,19240,2462,21,120.0,45.1914,1.4365
4477,35,Ille-et-Vilaine,Bretagne,Grand-Fougeray,grand-fougeray,35390,2462,55,45.0,47.7381,-1.7155
4478,43,Haute-Loire,Auvergne-Rhône-Alpes,Saint-Ferréol-d'Auroure,saint-ferreol-d-auroure,43330,2462,11,227.0,45.3594,4.2597
4479,72,Sarthe,Pays de la Loire,Neuville-sur-Sarthe,neuville-sur-sarthe,72190,2462,23,107.0,48.0717,0.2149
4480,46,Lot,Occitanie,Prayssac,prayssac,46220,2460,24,102.0,44.5087,1.1863
4481,54,Meurthe-et-Moselle,Grand Est,Piennes,piennes,54490,2460,5,509.0,49.3074,5.7851
4482,76,Seine-Maritime,Normandie,Doudeville,doudeville,76560,2460,15,169.0,49.7273,0.7843
4483,77,Seine-et-Marne,Île-de-France,Oissery,oissery,77178,2459,15,163.0,49.0725,2.8166
4484,30,Gard,Occitanie,Codognan,codognan,30920,2458,5,529.0,43.7228,4.2293
4485,56,Morbihan,Bretagne,Landaul,landaul,56690,2458,18,136.0,47.7408,-3.1038
4486,49,Maine-et-Loire,Pays de la Loire,La Possonnière,la-possonniere,49170,2456,19,132.0,47.3848,-0.7059
4487,30,Gard,Occitanie,Les Salles-du-Gardon,les-salles-du-gardon,30110,2455,21,117.0,44.1903,4.0155
4488,72,Sarthe,Pays de la Loire,Saint-Mars-d'Outillé,saint-mars-d-outille,72220,2455,38,64.0,47.873,0.3436
4489,34,Hérault,Occitanie,Lamalou-les-Bains,lamalou-les-bains,34240,2454,6,394.0,43.5982,3.0847
4490,80,Somme,Hauts-de-France,Feuquières-en-Vimeu,feuquieres-en-vimeu,80210,2454,8,308.0,50.0597,1.6027
4491,17,Charente-Maritime,Nouvelle-Aquitaine,Saint-Savinien,saint-savinien,17350,2453,47,52.0,45.8819,-0.6859
4492,22,Côtes-d'Armor,Bretagne,Ploumilliau,ploumilliau,22300,2453,35,70.0,48.6869,-3.5116
4493,68,Haut-Rhin,Grand Est,Ruelisheim,ruelisheim,68270,2453,7,343.0,47.82,7.3454
4494,69,Rhône,Auvergne-Rhône-Alpes,Couzon-au-Mont-d'Or,couzon-au-mont-d-or,69270,2452,3,791.0,45.8479,4.8214
4495,71,Saône-et-Loire,Bourgogne-Franche-Comté,Crissey,crissey,71530,2452,11,219.0,46.8179,4.8831
4496,70,Haute-Saône,Bourgogne-Franche-Comté,Arc-lès-Gray,arc-les-gray,70100,2451,12,206.0,47.462,5.5828
4497,78,Yvelines,Île-de-France,Gambais,gambais,78950,2451,23,107.0,48.7774,1.6732
4498,23,Creuse,Nouvelle-Aquitaine,Bourganeuf,bourganeuf,23400,2450,22,109.0,45.9472,1.7466
4499,44,Loire-Atlantique,Pays de la Loire,Avessac,avessac,44460,2450,76,32.0,47.645,-1.9724
4500,57,Moselle,Grand Est,Boulange,boulange,57655,2450,13,192.0,49.3848,5.9553
4501,57,Moselle,Grand Est,Schœneck,schoeneck,57350,2450,4,596.0,49.2128,6.9192
4502,31,Haute-Garonne,Occitanie,Sainte-Foy-d'Aigrefeuille,sainte-foy-d-aigrefeuille,31570,2449,10,248.0,43.5514,1.6037
4503,29,Finistère,Bretagne,Camaret-sur-Mer,camaret-sur-mer,29570,2447,13,185.0,48.2672,-4.5953
4504,59,Nord,Hauts-de-France,Landas,landas,59310,2447,12,203.0,50.4708,3.2947
4505,27,Eure,Normandie,Saint-Ouen-de-Thouberville,saint-ouen-de-thouberville,27310,2446,6,382.0,49.3497,0.8971
4506,68,Haut-Rhin,Grand Est,Illfurth,illfurth,68720,2446,9,269.0,47.6776,7.2711
4507,47,Lot-et-Garonne,Nouvelle-Aquitaine,Penne-d'Agenais,penne-d-agenais,47140,2445,47,52.0,44.3861,0.8356
4508,07,Ardèche,Auvergne-Rhône-Alpes,Vallon-Pont-d'Arc,vallon-pont-d-arc,07150,2443,29,84.0,44.3982,4.4024
4509,33,Gironde,Nouvelle-Aquitaine,Beautiran,beautiran,33640,2443,6,385.0,44.7035,-0.4604
4510,80,Somme,Hauts-de-France,Gamaches,gamaches,80220,2443,10,249.0,49.9977,1.5629
4511,45,Loiret,Centre-Val de Loire,Poilly-lez-Gien,poilly-lez-gien,45500,2441,33,73.0,47.6591,2.5906
4512,57,Moselle,Grand Est,Théding,theding,57450,2441,8,298.0,49.1294,6.8893
4513,62,Pas-de-Calais,Hauts-de-France,Marœuil,maroeuil,62161,2441,12,205.0,50.3321,2.7034
4514,35,Ille-et-Vilaine,Bretagne,Romagné,romagne,35133,2440,27,90.0,48.3446,-1.259
4515,37,Indre-et-Loire,Centre-Val de Loire,La Croix-en-Touraine,la-croix-en-touraine,37150,2439,15,160.0,47.35,0.9935
4516,37,Indre-et-Loire,Centre-Val de Loire,Truyes,truyes,37320,2436,16,148.0,47.2876,0.8535
4517,55,Meuse,Grand Est,Bouligny,bouligny,55240,2435,11,220.0,49.293,5.7422
4518,59,Nord,Hauts-de-France,Busigny,busigny,59137,2435,16,148.0,50.0417,3.4677
4519,14,Calvados,Normandie,Bourguébus,bourguebus,14540,2433,6,440.0,49.1174,-0.2912
4520,68,Haut-Rhin,Grand Est,Soultzmatt,soultzmatt,68570,2432,20,121.0,47.979,7.2153
4521,68,Haut-Rhin,Grand Est,Ungersheim,ungersheim,68190,2432,14,179.0,47.8705,7.3013
4522,01,Ain,Auvergne-Rhône-Alpes,Fareins,fareins,01480,2431,8,293.0,46.0235,4.7682
4523,35,Ille-et-Vilaine,Bretagne,Domagné,domagne,35113,2431,29,83.0,48.0654,-1.4051
4524,42,Loire,Auvergne-Rhône-Alpes,Saint-Cyprien,saint-cyprien,42160,2431,7,341.0,45.5414,4.2327
4525,74,Haute-Savoie,Auvergne-Rhône-Alpes,Saint-Félix,saint-felix,74540,2431,7,371.0,45.8078,5.9774
4526,40,Landes,Nouvelle-Aquitaine,Grenade-sur-l'Adour,grenade-sur-l-adour,40270,2430,20,122.0,43.7902,-0.4232
4527,41,Loir-et-Cher,Centre-Val de Loire,Naveil,naveil,41100,2430,13,181.0,47.788,1.0223
4528,54,Meurthe-et-Moselle,Grand Est,Tucquegnieux,tucquegnieux,54640,2430,9,264.0,49.3093,5.8947
4529,32,Gers,Occitanie,Samatan,samatan,32130,2429,34,72.0,43.4928,0.9279
4530,15,Cantal,Auvergne-Rhône-Alpes,Riom-ès-Montagnes,riom-es-montagnes,15400,2428,47,52.0,45.2999,2.6569
4531,70,Haute-Saône,Bourgogne-Franche-Comté,Vaivre-et-Montoille,vaivre-et-montoille,70000,2428,8,286.0,47.6375,6.1091
4532,28,Eure-et-Loir,Centre-Val de Loire,Abondant,abondant,28410,2427,35,69.0,48.7983,1.4236
4533,29,Finistère,Bretagne,Plonéis,ploneis,29710,2427,22,110.0,48.0099,-4.2066
4534,77,Seine-et-Marne,Île-de-France,Samoreau,samoreau,77210,2426,6,431.0,48.4205,2.7749
4535,85,Vendée,Pays de la Loire,Beaurepaire,beaurepaire,85500,2426,24,99.0,46.9076,-1.0998
4536,29,Finistère,Bretagne,Treffiagat,treffiagat,29730,2424,8,296.0,47.8068,-4.2562
4537,38,Isère,Auvergne-Rhône-Alpes,Le Cheylas,le-cheylas,38570,2424,9,285.0,45.3798,6.0046
4538,78,Yvelines,Île-de-France,Flins-sur-Seine,flins-sur-seine,78410,2424,9,276.0,48.9664,1.8721
4539,69,Rhône,Auvergne-Rhône-Alpes,Sathonay-Village,sathonay-village,69580,2423,5,476.0,45.8394,4.8858
4540,45,Loiret,Centre-Val de Loire,Tigy,tigy,45510,2422,47,52.0,47.7796,2.1812
4541,14,Calvados,Normandie,Val d'Arry,val-d-arry,14310,2420,9,267.0,49.1111,-0.57
4542,43,Haute-Loire,Auvergne-Rhône-Alpes,Saint-Paulien,saint-paulien,43350,2420,40,60.0,45.1341,3.8221
4543,59,Nord,Hauts-de-France,Recquignies,recquignies,59245,2420,6,393.0,50.2765,4.0491
4544,70,Haute-Saône,Bourgogne-Franche-Comté,Rioz,rioz,70190,2420,17,140.0,47.4436,6.0828
4545,95,Val-d'Oise,Île-de-France,Saint-Witz,saint-witz,95470,2419,8,317.0,49.0844,2.5533
4546,33,Gironde,Nouvelle-Aquitaine,Carcans,carcans,33121,2418,201,12.0,45.0794,-1.0404
4547,35,Ille-et-Vilaine,Bretagne,Montreuil-sur-Ille,montreuil-sur-ille,35440,2418,15,158.0,48.3053,-1.668
4548,41,Loir-et-Cher,Centre-Val de Loire,Valloire-sur-Cisse,valloire-sur-cisse,41150,2418,22,108.0,47.53,1.2126
4549,14,Calvados,Normandie,Caumont-sur-Aure,caumont-sur-aure,14240,2417,6,378.0,49.113,-0.8053
4550,62,Pas-de-Calais,Hauts-de-France,Hinges,hinges,62232,2417,8,291.0,50.5748,2.6268
4551,26,Drôme,Auvergne-Rhône-Alpes,Génissieux,genissieux,26750,2415,9,266.0,45.0826,5.0935
4552,38,Isère,Auvergne-Rhône-Alpes,Plateau-des-Petites-Roches,plateau-des-petites-roches,38660,2415,9,279.0,45.3343,5.8827
4553,44,Loire-Atlantique,Pays de la Loire,Sainte-Reine-de-Bretagne,sainte-reine-de-bretagne,44160,2414,20,123.0,47.4421,-2.1838
4554,73,Savoie,Auvergne-Rhône-Alpes,Séez,seez,73700,2413,43,57.0,45.643,6.8457
4555,85,Vendée,Pays de la Loire,Longeville-sur-Mer,longeville-sur-mer,85560,2413,38,63.0,46.4095,-1.478
4556,01,Ain,Auvergne-Rhône-Alpes,Ségny,segny,01170,2412,3,744.0,46.2944,6.0732
4557,07,Ardèche,Auvergne-Rhône-Alpes,Saint-Georges-les-Bains,saint-georges-les-bains,07800,2412,14,172.0,44.8569,4.8088
4558,67,Bas-Rhin,Grand Est,Bœrsch,boersch,67530,2412,24,102.0,48.4662,7.3721
4559,59,Nord,Hauts-de-France,Pont-sur-Sambre,pont-sur-sambre,59138,2410,11,212.0,50.2307,3.8484
4560,22,Côtes-d'Armor,Bretagne,Tréguier,treguier,22220,2409,2,1443.0,48.7848,-3.2326
4561,79,Deux-Sèvres,Nouvelle-Aquitaine,Courlay,courlay,79440,2409,29,82.0,46.7874,-0.5786
4562,85,Vendée,Pays de la Loire,Saint-Denis-la-Chevasse,saint-denis-la-chevasse,85170,2409,40,60.0,46.8332,-1.3846
4563,17,Charente-Maritime,Nouvelle-Aquitaine,Saint-Rogatien,saint-rogatien,17220,2408,5,468.0,46.1462,-1.0585
4564,83,Var,Provence-Alpes-Côte d'Azur,Évenos,evenos,83330,2407,42,57.0,43.1876,5.8702
4565,22,Côtes-d'Armor,Bretagne,Plouguenast-Langast,plouguenast-langast,22150,2406,35,69.0,48.2802,-2.6933
4566,61,Orne,Normandie,Damigny,damigny,61250,2406,5,495.0,48.4519,0.0699
4567,33,Gironde,Nouvelle-Aquitaine,Cabanac-et-Villagrains,cabanac-et-villagrains,33650,2404,69,35.0,44.5889,-0.5412
4568,14,Calvados,Normandie,Saint-Germain-la-Blanche-Herbe,saint-germain-la-blanche-herbe,14280,2403,3,924.0,49.1961,-0.4227
4569,59,Nord,Hauts-de-France,Lewarde,lewarde,59287,2403,4,618.0,50.3364,3.1682
4570,21,Côte-d'Or,Bourgogne-Franche-Comté,Brazey-en-Plaine,brazey-en-plaine,21470,2402,26,92.0,47.1378,5.2102
4571,29,Finistère,Bretagne,Santec,santec,29250,2400,8,293.0,48.7059,-4.0377
4572,43,Haute-Loire,Auvergne-Rhône-Alpes,Le Chambon-sur-Lignon,le-chambon-sur-lignon,43400,2400,42,58.0,45.0541,4.3252
4573,79,Deux-Sèvres,Nouvelle-Aquitaine,Saint-Varent,saint-varent,79330,2400,35,70.0,46.8913,-0.2199
4574,31,Haute-Garonne,Occitanie,Péchabou,pechabou,31320,2399,4,683.0,43.5012,1.5124
4575,83,Var,Provence-Alpes-Côte d'Azur,Belgentier,belgentier,83210,2399,13,179.0,43.2416,5.9972
4576,31,Haute-Garonne,Occitanie,Martres-Tolosane,martres-tolosane,31220,2397,24,102.0,43.2052,0.994
4577,38,Isère,Auvergne-Rhône-Alpes,Luzinay,luzinay,38200,2397,19,126.0,45.5876,4.9627
4578,13,Bouches-du-Rhône,Provence-Alpes-Côte d'Azur,Maussane-les-Alpilles,maussane-les-alpilles,13520,2396,32,76.0,43.7158,4.838
4579,68,Haut-Rhin,Grand Est,Houssen,houssen,68125,2394,7,349.0,48.135,7.3721
4580,80,Somme,Hauts-de-France,Saint-Valery-sur-Somme,saint-valery-sur-somme,80230,2394,11,227.0,50.1743,1.6283
4581,83,Var,Provence-Alpes-Côte d'Azur,Saint-Julien,saint-julien,83560,2394,76,31.0,43.7045,5.9143
4582,06,Alpes-Maritimes,Provence-Alpes-Côte d'Azur,Opio,opio,06650,2393,9,257.0,43.6574,7.0094
4583,21,Côte-d'Or,Bourgogne-Franche-Comté,Selongey,selongey,21260,2393,47,51.0,47.604,5.1984
4584,31,Haute-Garonne,Occitanie,Calmont,calmont,31560,2393,41,59.0,43.2832,1.6251
4585,62,Pas-de-Calais,Hauts-de-France,Vendin-lès-Béthune,vendin-les-bethune,62232,2393,4,654.0,50.5473,2.6062
4586,81,Tarn,Occitanie,Brens,brens,81600,2393,23,105.0,43.8896,1.9263
4587,33,Gironde,Nouvelle-Aquitaine,Pugnac,pugnac,33710,2392,14,176.0,45.0825,-0.5003
4588,64,Pyrénées-Atlantiques,Nouvelle-Aquitaine,Montardon,montardon,64121,2392,8,286.0,43.3657,-0.352
4589,79,Deux-Sèvres,Nouvelle-Aquitaine,Chef-Boutonne,chef-boutonne,79110,2390,20,120.0,46.1182,-0.0966
4590,85,Vendée,Pays de la Loire,Saint-Mathurin,saint-mathurin,85150,2390,24,100.0,46.5719,-1.7069
4591,33,Gironde,Nouvelle-Aquitaine,Saint-Médard-de-Guizières,saint-medard-de-guizieres,33230,2389,10,234.0,45.0111,-0.0729
4592,84,Vaucluse,Provence-Alpes-Côte d'Azur,Beaumes-de-Venise,beaumes-de-venise,84190,2389,19,126.0,44.1224,5.0279
4593,14,Calvados,Normandie,Bernières-sur-Mer,bernieres-sur-mer,14990,2388,8,312.0,49.3162,-0.4173
4594,16,Charente,Nouvelle-Aquitaine,Puymoyen,puymoyen,16400,2388,7,323.0,45.611,0.1704
4595,33,Gironde,Nouvelle-Aquitaine,Cavignac,cavignac,33620,2388,7,356.0,45.0981,-0.3784
4596,51,Marne,Grand Est,Bazancourt,bazancourt,51110,2388,12,204.0,49.371,4.1704
4597,38,Isère,Auvergne-Rhône-Alpes,Saint-Geoire-en-Valdaine,saint-geoire-en-valdaine,38620,2384,17,143.0,45.4628,5.6335
4598,45,Loiret,Centre-Val de Loire,Dadonville,dadonville,45300,2384,18,130.0,48.1483,2.2663
4599,47,Lot-et-Garonne,Nouvelle-Aquitaine,Castelculier,castelculier,47240,2384,15,159.0,44.1905,0.7051
4600,57,Moselle,Grand Est,Aumetz,aumetz,57710,2384,10,229.0,49.4179,5.9487
4601,57,Moselle,Grand Est,Tressange,tressange,57710,2383,9,255.0,49.4108,5.9836
4602,95,Val-d'Oise,Île-de-France,Ennery,ennery,95300,2383,7,322.0,49.0767,2.1089
4603,50,Manche,Normandie,Jullouville,jullouville,50610,2382,22,110.0,48.7627,-1.5291
4604,78,Yvelines,Île-de-France,La Queue-les-Yvelines,la-queue-les-yvelines,78940,2381,6,412.0,48.8042,1.7603
4605,01,Ain,Auvergne-Rhône-Alpes,Bresse Vallons,bresse-vallons,01340,2380,14,171.0,46.3271,5.1822
4606,47,Lot-et-Garonne,Nouvelle-Aquitaine,Saint-Sylvestre-sur-Lot,saint-sylvestre-sur-lot,47140,2380,21,111.0,44.4192,0.8075
4607,49,Maine-et-Loire,Pays de la Loire,Cantenay-Épinard,cantenay-epinard,49460,2380,17,144.0,47.54,-0.5635
4608,68,Haut-Rhin,Grand Est,Rosenau,rosenau,68128,2380,6,375.0,47.6404,7.5433
4609,34,Hérault,Occitanie,Saint-Pargoire,saint-pargoire,34230,2378,24,100.0,43.5268,3.5416
4610,44,Loire-Atlantique,Pays de la Loire,Saint-Hilaire-de-Clisson,saint-hilaire-de-clisson,44190,2378,19,127.0,47.06,-1.3182
4611,52,Haute-Marne,Grand Est,Chalindrey,chalindrey,52600,2377,20,118.0,47.7926,5.4399
4612,76,Seine-Maritime,Normandie,La Neuville-Chant-d'Oisel,la-neuville-chant-d-oisel,76520,2377,22,107.0,49.3742,1.2496
4613,80,Somme,Hauts-de-France,Cayeux-sur-Mer,cayeux-sur-mer,80410,2377,28,86.0,50.1772,1.5201
4614,34,Hérault,Occitanie,Maureilhan,maureilhan,34370,2376,10,229.0,43.3517,3.0982
4615,17,Charente-Maritime,Nouvelle-Aquitaine,Rivedoux-Plage,rivedoux-plage,17940,2374,5,487.0,46.1587,-1.2791
4616,54,Meurthe-et-Moselle,Grand Est,Longlaville,longlaville,54810,2374,3,758.0,49.5347,5.8002
4617,57,Moselle,Grand Est,Rurange-lès-Thionville,rurange-les-thionville,57310,2374,9,270.0,49.2713,6.232
4618,58,Nièvre,Bourgogne-Franche-Comté,Pougues-les-Eaux,pougues-les-eaux,58320,2374,13,182.0,47.0763,3.0944
4619,34,Hérault,Occitanie,Cessenon-sur-Orb,cessenon-sur-orb,34460,2373,37,64.0,43.4533,3.0363
4620,45,Loiret,Centre-Val de Loire,Cepoy,cepoy,45120,2373,8,281.0,48.0515,2.7394
4621,33,Gironde,Nouvelle-Aquitaine,Cussac-Fort-Médoc,cussac-fort-medoc,33460,2372,24,98.0,45.1207,-0.726
4622,09,Ariège,Occitanie,Laroque-d'Olmes,laroque-d-olmes,09600,2371,14,165.0,42.9676,1.8689
4623,47,Lot-et-Garonne,Nouvelle-Aquitaine,Casseneuil,casseneuil,47440,2371,18,131.0,44.4461,0.6189
4624,62,Pas-de-Calais,Hauts-de-France,Bouvigny-Boyeffles,bouvigny-boyeffles,62172,2371,9,259.0,50.4232,2.6757
4625,12,Aveyron,Occitanie,Flavin,flavin,12450,2370,51,47.0,44.2871,2.631
4626,54,Meurthe-et-Moselle,Grand Est,Lay-Saint-Christophe,lay-saint-christophe,54690,2370,12,203.0,48.7516,6.1924
4627,24,Dordogne,Nouvelle-Aquitaine,Razac-sur-l'Isle,razac-sur-l-isle,24430,2369,15,160.0,45.1597,0.6191
4628,07,Ardèche,Auvergne-Rhône-Alpes,Saint-Marcel-d'Ardèche,saint-marcel-d-ardeche,07700,2368,36,65.0,44.3301,4.6007
4629,39,Jura,Bourgogne-Franche-Comté,Saint-Amour,saint-amour,39160,2368,12,205.0,46.4365,5.3373
4630,71,Saône-et-Loire,Bourgogne-Franche-Comté,Branges,branges,71500,2367,25,96.0,46.6516,5.162
4631,54,Meurthe-et-Moselle,Grand Est,Conflans-en-Jarnisy,conflans-en-jarnisy,54800,2366,9,269.0,49.1666,5.8462
4632,57,Moselle,Grand Est,Dabo,dabo,57850,2366,49,49.0,48.6394,7.2406
4633,08,Ardennes,Grand Est,Bazeilles,bazeilles,08140,2365,9,256.0,49.7143,5.0269
4634,33,Gironde,Nouvelle-Aquitaine,Gaillan-en-Médoc,gaillan-en-medoc,33340,2365,42,56.0,45.3135,-0.9946
4635,35,Ille-et-Vilaine,Bretagne,Chevaigné,chevaigne,35250,2365,10,227.0,48.2251,-1.6387
4636,88,Vosges,Grand Est,Senones,senones,88210,2364,18,129.0,48.4036,6.9609
4637,29,Finistère,Bretagne,Lanmeur,lanmeur,29620,2362,27,89.0,48.644,-3.7187
4638,76,Seine-Maritime,Normandie,La Londe,la-londe,76500,2362,31,76.0,49.3193,0.913
4639,73,Savoie,Auvergne-Rhône-Alpes,Brison-Saint-Innocent,brison-saint-innocent,73100,2360,17,140.0,45.7376,5.8842
4640,16,Charente,Nouvelle-Aquitaine,Mouthiers-sur-Boëme,mouthiers-sur-boeme,16440,2359,35,68.0,45.5571,0.1252
4641,44,Loire-Atlantique,Pays de la Loire,Riaillé,riaille,44440,2358,51,47.0,47.5209,-1.3095
4642,13,Bouches-du-Rhône,Provence-Alpes-Côte d'Azur,Châteauneuf-le-Rouge,chateauneuf-le-rouge,13790,2357,13,178.0,43.4892,5.5691
4643,44,Loire-Atlantique,Pays de la Loire,Saint-Lumine-de-Coutais,saint-lumine-de-coutais,44310,2357,18,132.0,47.0578,-1.7235
4644,59,Nord,Hauts-de-France,Ennevelin,ennevelin,59710,2356,10,236.0,50.5364,3.1309
4645,77,Seine-et-Marne,Île-de-France,Bray-sur-Seine,bray-sur-seine,77480,2356,2,1106.0,48.4157,3.2457
4646,13,Bouches-du-Rhône,Provence-Alpes-Côte d'Azur,Le Tholonet,le-tholonet,13100,2355,11,217.0,43.5218,5.5053
4647,63,Puy-de-Dôme,Auvergne-Rhône-Alpes,Mirefleurs,mirefleurs,63730,2354,9,257.0,45.6904,3.225
4648,07,Ardèche,Auvergne-Rhône-Alpes,Cornas,cornas,07130,2353,9,275.0,44.9668,4.8441
4649,29,Finistère,Bretagne,Tréméven,tremeven,29300,2353,15,152.0,47.9018,-3.5254
4650,44,Loire-Atlantique,Pays de la Loire,Saint-Hilaire-de-Chaléons,saint-hilaire-de-chaleons,44680,2353,35,67.0,47.0999,-1.874
4651,51,Marne,Grand Est,Courtisols,courtisols,51460,2353,66,36.0,48.9776,4.5282
4652,85,Vendée,Pays de la Loire,Nalliers,nalliers,85370,2353,33,72.0,46.4639,-1.0395
4653,65,Hautes-Pyrénées,Occitanie,Ossun,ossun,65380,2351,28,85.0,43.1827,-0.0373
4654,79,Deux-Sèvres,Nouvelle-Aquitaine,Plaine-et-Vallées,plaine-et-vallees,79100,2351,37,64.0,46.9083,-0.0985
4655,17,Charente-Maritime,Nouvelle-Aquitaine,Salles-sur-Mer,salles-sur-mer,17220,2350,14,166.0,46.103,-1.0518
4656,47,Lot-et-Garonne,Nouvelle-Aquitaine,Monflanquin,monflanquin,47150,2350,62,38.0,44.5102,0.7589
4657,54,Meurthe-et-Moselle,Grand Est,Bois-de-Haye,bois-de-haye,54840,2350,18,129.0,48.7002,6.0435
4658,09,Ariège,Occitanie,Lézat-sur-Lèze,lezat-sur-leze,09210,2349,40,58.0,43.2794,1.3475
4659,17,Charente-Maritime,Nouvelle-Aquitaine,Saint-Médard-d'Aunis,saint-medard-d-aunis,17220,2349,23,104.0,46.157,-0.9625
4660,88,Vosges,Grand Est,Hadol,hadol,88220,2349,49,48.0,48.0845,6.4475
4661,10,Aube,Grand Est,Saint-Germain,saint-germain,10120,2348,14,169.0,48.2526,4.0061
4662,12,Aveyron,Occitanie,Firmi,firmi,12300,2348,29,80.0,44.5451,2.3268
4663,69,Rhône,Auvergne-Rhône-Alpes,Bessenay,bessenay,69690,2348,14,167.0,45.7712,4.5484
4664,35,Ille-et-Vilaine,Bretagne,Saint-Père-Marc-en-Poulet,saint-pere-marc-en-poulet,35430,2346,19,125.0,48.5852,-1.9281
4665,79,Deux-Sèvres,Nouvelle-Aquitaine,Coulonges-sur-l'Autize,coulonges-sur-l-autize,79160,2345,19,125.0,46.4773,-0.6026
4666,64,Pyrénées-Atlantiques,Nouvelle-Aquitaine,Arbonne,arbonne,64210,2344,11,221.0,43.4201,-1.5536
4667,07,Ardèche,Auvergne-Rhône-Alpes,Lamastre,lamastre,07270,2342,26,91.0,44.9767,4.5911
4668,62,Pas-de-Calais,Hauts-de-France,Locon,locon,62400,2342,10,247.0,50.5711,2.6703
4669,74,Haute-Savoie,Auvergne-Rhône-Alpes,Seyssel,seyssel,74910,2342,17,140.0,45.9621,5.8531
4670,14,Calvados,Normandie,Mathieu,mathieu,14920,2339,9,249.0,49.2551,-0.3638
4671,17,Charente-Maritime,Nouvelle-Aquitaine,Vérines,verines,17540,2339,14,173.0,46.1984,-0.9672
4672,30,Gard,Occitanie,Aubord,aubord,30620,2339,9,248.0,43.7533,4.3162
4673,40,Landes,Nouvelle-Aquitaine,Ychoux,ychoux,40160,2339,112,21.0,44.3545,-0.9643
4674,64,Pyrénées-Atlantiques,Nouvelle-Aquitaine,Urt,urt,64240,2339,19,124.0,43.4759,-1.2923
4675,67,Bas-Rhin,Grand Est,Lauterbourg,lauterbourg,67630,2339,11,206.0,48.9617,8.1931
4676,09,Ariège,Occitanie,Verniolle,verniolle,09340,2338,11,204.0,43.0793,1.6615
4677,22,Côtes-d'Armor,Bretagne,Louargat,louargat,22540,2338,58,40.0,48.5631,-3.3359
4678,67,Bas-Rhin,Grand Est,Wingersheim les Quatre Bans,wingersheim-les-quatre-bans,67170,2338,8,290.0,48.7228,7.6175
4679,19,Corrèze,Nouvelle-Aquitaine,Naves,naves,19460,2337,36,64.0,45.3124,1.7504
4680,31,Haute-Garonne,Occitanie,Saubens,saubens,31600,2337,6,386.0,43.4799,1.3592
4681,54,Meurthe-et-Moselle,Grand Est,Richardménil,richardmenil,54630,2335,7,330.0,48.5952,6.1772
4682,54,Meurthe-et-Moselle,Grand Est,Valleroy,valleroy,54910,2335,12,190.0,49.2151,5.9096
4683,50,Manche,Normandie,Périers,periers,50190,2334,15,161.0,49.1929,-1.4136
4684,57,Moselle,Grand Est,Réding,reding,57445,2334,12,199.0,48.7487,7.1025
4685,38,Isère,Auvergne-Rhône-Alpes,Chuzelles,chuzelles,38200,2333,13,174.0,45.577,4.8792
4686,39,Jura,Bourgogne-Franche-Comté,Lavans-lès-Saint-Claude,lavans-les-saint-claude,39170,2333,12,198.0,46.3899,5.7776
4687,83,Var,Provence-Alpes-Côte d'Azur,Plan-d'Aups-Sainte-Baume,plan-d-aups-sainte-baume,83640,2333,25,95.0,43.3336,5.7472
4688,74,Haute-Savoie,Auvergne-Rhône-Alpes,Monnetier-Mornex,monnetier-mornex,74560,2332,11,203.0,46.1525,6.2143
4689,56,Morbihan,Bretagne,Taupont,taupont,56800,2330,31,76.0,47.9605,-2.4416
4690,27,Eure,Normandie,Nassandres sur Risle,nassandres-sur-risle,27550,2329,5,474.0,49.1406,0.719
4691,31,Haute-Garonne,Occitanie,Saint-Loup-Cammas,saint-loup-cammas,31140,2329,4,638.0,43.6968,1.4786
4692,44,Loire-Atlantique,Pays de la Loire,Monnières,monnieres,44690,2329,10,238.0,47.1202,-1.35
4693,60,Oise,Hauts-de-France,Le Mesnil-en-Thelle,le-mesnil-en-thelle,60530,2329,6,388.0,49.1732,2.2819
4694,62,Pas-de-Calais,Hauts-de-France,Fruges,fruges,62310,2329,19,123.0,50.5143,2.1184
4695,71,Saône-et-Loire,Bourgogne-Franche-Comté,Saint-Germain-du-Plain,saint-germain-du-plain,71370,2329,20,119.0,46.6885,4.9904
4696,85,Vendée,Pays de la Loire,Saint-Michel-en-l'Herm,saint-michel-en-l-herm,85580,2329,58,40.0,46.3405,-1.2531
4697,30,Gard,Occitanie,Bezouce,bezouce,30320,2328,12,186.0,43.8767,4.5019
4698,62,Pas-de-Calais,Hauts-de-France,Saint-Folquin,saint-folquin,62370,2328,18,130.0,50.9369,2.1283
4699,74,Haute-Savoie,Auvergne-Rhône-Alpes,Anthy-sur-Léman,anthy-sur-leman,74200,2327,5,506.0,46.3537,6.4275
4700,07,Ardèche,Auvergne-Rhône-Alpes,Saint-Agrève,saint-agreve,07320,2325,48,48.0,44.9963,4.4188
4701,38,Isère,Auvergne-Rhône-Alpes,Corbelin,corbelin,38630,2325,12,191.0,45.6004,5.5502
4702,21,Côte-d'Or,Bourgogne-Franche-Comté,Saulieu,saulieu,21210,2324,33,71.0,47.2831,4.2271
4703,47,Lot-et-Garonne,Nouvelle-Aquitaine,Estillac,estillac,47310,2324,8,288.0,44.1709,0.5765
4704,53,Mayenne,Pays de la Loire,Andouillé,andouille,53240,2323,37,63.0,48.1769,-0.7911
4705,59,Nord,Hauts-de-France,Herlies,herlies,59134,2323,7,328.0,50.5814,2.8504
4706,60,Oise,Hauts-de-France,Bailleul-sur-Thérain,bailleul-sur-therain,60930,2323,10,244.0,49.3846,2.229
4707,72,Sarthe,Pays de la Loire,Rouillon,rouillon,72700,2322,9,253.0,47.9997,0.1424
4708,71,Saône-et-Loire,Bourgogne-Franche-Comté,Varennes-le-Grand,varennes-le-grand,71240,2321,19,121.0,46.7096,4.8709
4709,07,Ardèche,Auvergne-Rhône-Alpes,Peaugres,peaugres,07340,2320,14,162.0,45.2827,4.7335
4710,22,Côtes-d'Armor,Bretagne,Hénon,henon,22150,2320,42,55.0,48.3885,-2.6898
4711,59,Nord,Hauts-de-France,Haulchin,haulchin,59121,2320,5,451.0,50.311,3.4218
4712,60,Oise,Hauts-de-France,Le Meux,le-meux,60880,2320,8,299.0,49.3661,2.7452
4713,29,Finistère,Bretagne,Sizun,sizun,29450,2319,59,39.0,48.3966,-4.0251
4714,38,Isère,Auvergne-Rhône-Alpes,Biviers,biviers,38330,2319,6,368.0,45.2444,5.7985
4715,88,Vosges,Grand Est,Saulcy-sur-Meurthe,saulcy-sur-meurthe,88580,2319,16,141.0,48.2426,6.9462
4716,76,Seine-Maritime,Normandie,Saint-Saëns,saint-saens,76680,2317,26,89.0,49.6728,1.2799
4717,83,Var,Provence-Alpes-Côte d'Azur,Aups,aups,83630,2317,65,36.0,43.6283,6.2139
4718,17,Charente-Maritime,Nouvelle-Aquitaine,Villedoux,villedoux,17230,2316,16,148.0,46.2413,-1.0702
4719,38,Isère,Auvergne-Rhône-Alpes,Eyzin-Pinet,eyzin-pinet,38780,2316,28,82.0,45.4777,4.9977
4720,85,Vendée,Pays de la Loire,Beaulieu-sous-la-Roche,beaulieu-sous-la-roche,85190,2316,26,90.0,46.6869,-1.6246
4721,02,Aisne,Hauts-de-France,Saint-Gobain,saint-gobain,02410,2315,30,78.0,49.5966,3.394
4722,14,Calvados,Normandie,Dozulé,dozule,14430,2315,5,443.0,49.2296,-0.0467
4723,41,Loir-et-Cher,Centre-Val de Loire,Valencisse,valencisse,41190,2315,11,212.0,47.5715,1.1968
4724,74,Haute-Savoie,Auvergne-Rhône-Alpes,Contamine-sur-Arve,contamine-sur-arve,74130,2315,7,345.0,46.1316,6.3403
4725,21,Côte-d'Or,Bourgogne-Franche-Comté,Seurre,seurre,21250,2314,9,257.0,47.0086,5.1551
4726,67,Bas-Rhin,Grand Est,Sessenheim,sessenheim,67770,2314,9,251.0,48.7972,7.9808
4727,77,Seine-et-Marne,Île-de-France,Presles-en-Brie,presles-en-brie,77220,2313,17,133.0,48.7106,2.7407
4728,80,Somme,Hauts-de-France,Poix-de-Picardie,poix-de-picardie,80290,2313,12,198.0,49.7474,1.9781
4729,05,Hautes-Alpes,Provence-Alpes-Côte d'Azur,Tallard,tallard,05130,2312,15,159.0,44.4599,6.0485
4730,17,Charente-Maritime,Nouvelle-Aquitaine,Andilly,andilly,17230,2312,29,80.0,46.2615,-1.0157
4731,54,Meurthe-et-Moselle,Grand Est,Saulnes,saulnes,54650,2312,4,571.0,49.5285,5.8252
4732,41,Loir-et-Cher,Centre-Val de Loire,Gièvres,gievres,41130,2311,38,61.0,47.2898,1.67
4733,73,Savoie,Auvergne-Rhône-Alpes,Courchevel,courchevel,73120,2311,59,39.0,45.3895,6.6267
4734,86,Vienne,Nouvelle-Aquitaine,Sèvres-Anxaumont,sevres-anxaumont,86800,2311,16,147.0,46.5745,0.4607
4735,44,Loire-Atlantique,Pays de la Loire,Notre-Dame-des-Landes,notre-dame-des-landes,44130,2310,38,61.0,47.3812,-1.7188
4736,85,Vendée,Pays de la Loire,Landeronde,landeronde,85150,2310,18,126.0,46.6526,-1.5706
4737,22,Côtes-d'Armor,Bretagne,Saint-Alban,saint-alban,22400,2309,30,76.0,48.5556,-2.5174
4738,12,Aveyron,Occitanie,Le Monastère,le-monastere,12000,2308,7,343.0,44.3315,2.59
4739,41,Loir-et-Cher,Centre-Val de Loire,Huisseau-sur-Cosson,huisseau-sur-cosson,41350,2308,23,102.0,47.6001,1.458
4740,49,Maine-et-Loire,Pays de la Loire,Rochefort-sur-Loire,rochefort-sur-loire,49190,2308,28,82.0,47.3462,-0.6594
4741,74,Haute-Savoie,Auvergne-Rhône-Alpes,Domancy,domancy,74700,2308,7,314.0,45.909,6.6644
4742,80,Somme,Hauts-de-France,Nesle,nesle,80190,2308,8,297.0,49.7601,2.9122
4743,17,Charente-Maritime,Nouvelle-Aquitaine,Fontcouverte,fontcouverte,17100,2306,12,196.0,45.7673,-0.5895
4744,27,Eure,Normandie,La Couture-Boussey,la-couture-boussey,27750,2306,11,209.0,48.9032,1.397
4745,45,Loiret,Centre-Val de Loire,Patay,patay,45310,2306,14,165.0,48.0513,1.6936
4746,53,Mayenne,Pays de la Loire,Saint-Pierre-la-Cour,saint-pierre-la-cour,53410,2306,16,144.0,48.1083,-1.0188
4747,22,Côtes-d'Armor,Bretagne,Pleubian,pleubian,22610,2304,20,114.0,48.8537,-3.1176
4748,36,Indre,Centre-Val de Loire,Châtillon-sur-Indre,chatillon-sur-indre,36700,2304,45,51.0,46.993,1.1728
4749,24,Dordogne,Nouvelle-Aquitaine,Mareuil en Périgord,mareuil-en-perigord,24340,2303,26,88.0,45.4476,0.5107
4750,60,Oise,Hauts-de-France,Villers-sous-Saint-Leu,villers-sous-saint-leu,60340,2303,5,497.0,49.2184,2.3828
4751,67,Bas-Rhin,Grand Est,Griesheim-près-Molsheim,griesheim-pres-molsheim,67870,2303,5,493.0,48.5021,7.5333
4752,12,Aveyron,Occitanie,Salles-la-Source,salles-la-source,12330,2302,77,30.0,44.4471,2.5291
4753,34,Hérault,Occitanie,Restinclières,restinclieres,34160,2302,6,367.0,43.7238,4.0393
4754,77,Seine-et-Marne,Île-de-France,La Chapelle-la-Reine,la-chapelle-la-reine,77760,2301,16,144.0,48.3137,2.569
4755,06,Alpes-Maritimes,Provence-Alpes-Côte d'Azur,Aspremont,aspremont,06790,2300,9,249.0,43.7772,7.2423
4756,48,Lozère,Occitanie,Peyre en Aubrac,peyre-en-aubrac,48130,2300,27,87.0,44.6923,3.273
4757,59,Nord,Hauts-de-France,Gommegnies,gommegnies,59144,2300,16,146.0,50.2643,3.7085
4758,68,Haut-Rhin,Grand Est,Fessenheim,fessenheim,68740,2299,19,123.0,47.9094,7.5305
4759,76,Seine-Maritime,Normandie,Saint-Pierre-de-Varengeville,saint-pierre-de-varengeville,76480,2299,13,176.0,49.5028,0.9206
4760,80,Somme,Hauts-de-France,Vignacourt,vignacourt,80650,2299,29,79.0,50.0053,2.1843
4761,31,Haute-Garonne,Occitanie,Saint-Sulpice-sur-Lèze,saint-sulpice-sur-leze,31410,2298,14,163.0,43.3252,1.341
4762,57,Moselle,Grand Est,Rohrbach-lès-Bitche,rohrbach-les-bitche,57410,2298,13,173.0,49.0382,7.2721
4763,85,Vendée,Pays de la Loire,La Barre-de-Monts,la-barre-de-monts,85550,2298,27,84.0,46.8741,-2.0915
4764,85,Vendée,Pays de la Loire,Moutiers-les-Mauxfaits,moutiers-les-mauxfaits,85540,2298,9,249.0,46.4888,-1.434
4765,57,Moselle,Grand Est,Château-Salins,chateau-salins,57170,2297,11,209.0,48.8201,6.4928
4766,74,Haute-Savoie,Auvergne-Rhône-Alpes,Veyrier-du-Lac,veyrier-du-lac,74290,2297,13,174.0,45.8854,6.1755
4767,91,Essonne,Île-de-France,Fontenay-lès-Briis,fontenay-les-briis,91640,2297,10,235.0,48.6112,2.171
4768,59,Nord,Hauts-de-France,Bersée,bersee,59235,2296,11,204.0,50.4813,3.15
4769,91,Essonne,Île-de-France,Varennes-Jarcy,varennes-jarcy,91480,2296,6,414.0,48.6793,2.5631
4770,07,Ardèche,Auvergne-Rhône-Alpes,Soyons,soyons,07130,2295,8,287.0,44.8919,4.8504
4771,22,Côtes-d'Armor,Bretagne,Saint-Brandan,saint-brandan,22800,2295,25,90.0,48.3904,-2.8736
4772,53,Mayenne,Pays de la Loire,Pré-en-Pail-Saint-Samson,pre-en-pail-saint-samson,53140,2295,44,52.0,48.4529,-0.1993
4773,07,Ardèche,Auvergne-Rhône-Alpes,Boulieu-lès-Annonay,boulieu-les-annonay,07100,2294,10,241.0,45.268,4.6433
4774,62,Pas-de-Calais,Hauts-de-France,Noyelles-lès-Vermelles,noyelles-les-vermelles,62980,2294,3,893.0,50.4919,2.7275
4775,82,Tarn-et-Garonne,Occitanie,Saint-Nicolas-de-la-Grave,saint-nicolas-de-la-grave,82210,2293,29,78.0,44.0627,1.0262
4776,05,Hautes-Alpes,Provence-Alpes-Côte d'Azur,Guillestre,guillestre,05600,2292,51,45.0,44.6596,6.6983
4777,43,Haute-Loire,Auvergne-Rhône-Alpes,Saint-Pal-de-Mons,saint-pal-de-mons,43620,2291,27,84.0,45.2447,4.2815
4778,67,Bas-Rhin,Grand Est,Ebersheim,ebersheim,67600,2291,14,169.0,48.302,7.498
4779,38,Isère,Auvergne-Rhône-Alpes,Sablons,sablons,38550,2290,10,225.0,45.3204,4.785
4780,39,Jura,Bourgogne-Franche-Comté,Morbier,morbier,39400,2290,43,54.0,46.5587,6.0186
4781,41,Loir-et-Cher,Centre-Val de Loire,Pruniers-en-Sologne,pruniers-en-sologne,41200,2290,44,52.0,47.3432,1.6672
4782,16,Charente,Nouvelle-Aquitaine,Nersac,nersac,16440,2289,9,248.0,45.6235,0.0677
4783,29,Finistère,Bretagne,Plounévez-Lochrist,plounevez-lochrist,29430,2289,40,58.0,48.6213,-4.1983
4784,77,Seine-et-Marne,Île-de-France,Rebais,rebais,77510,2289,11,207.0,48.8575,3.2321
4785,01,Ain,Auvergne-Rhône-Alpes,Crozet,crozet,01170,2288,27,84.0,46.2906,5.9929
4786,41,Loir-et-Cher,Centre-Val de Loire,Nouan-le-Fuzelier,nouan-le-fuzelier,41600,2288,88,26.0,47.5307,2.03
4787,44,Loire-Atlantique,Pays de la Loire,Drefféac,dreffeac,44530,2288,14,161.0,47.4676,-2.0611
4788,54,Meurthe-et-Moselle,Grand Est,Mexy,mexy,54135,2288,5,467.0,49.5025,5.7877
4789,56,Morbihan,Bretagne,Bréhan,brehan,56580,2288,52,44.0,48.0705,-2.694
4790,57,Moselle,Grand Est,Volmerange-les-Mines,volmerange-les-mines,57330,2288,13,176.0,49.4471,6.0673
4791,01,Ain,Auvergne-Rhône-Alpes,Château-Gaillard,chateau-gaillard,01500,2287,16,142.0,45.9723,5.3091
4792,06,Alpes-Maritimes,Provence-Alpes-Côte d'Azur,Peille,peille,06440,2287,43,53.0,43.8043,7.4088
4793,10,Aube,Grand Est,Vendeuvre-sur-Barse,vendeuvre-sur-barse,10140,2287,52,44.0,48.2412,4.4532
4794,25,Doubs,Bourgogne-Franche-Comté,Levier,levier,25270,2287,38,61.0,46.9655,6.1196
4795,27,Eure,Normandie,Nonancourt,nonancourt,27320,2287,7,312.0,48.7775,1.1907
4796,34,Hérault,Occitanie,Bassan,bassan,34290,2287,7,334.0,43.4093,3.2563
4797,47,Lot-et-Garonne,Nouvelle-Aquitaine,Lavardac,lavardac,47230,2287,15,150.0,44.1821,0.3006
4798,69,Rhône,Auvergne-Rhône-Alpes,Fleurieux-sur-l'Arbresle,fleurieux-sur-l-arbresle,69210,2287,9,241.0,45.8406,4.6484
4799,78,Yvelines,Île-de-France,Mézy-sur-Seine,mezy-sur-seine,78250,2287,5,476.0,49.0033,1.8692
4800,31,Haute-Garonne,Occitanie,Gragnague,gragnague,31380,2286,13,176.0,43.6852,1.5828
4801,74,Haute-Savoie,Auvergne-Rhône-Alpes,Samoëns,samoens,74340,2286,97,24.0,46.0762,6.7553
4802,08,Ardennes,Grand Est,Floing,floing,08200,2285,7,308.0,49.7227,4.937
4803,16,Charente,Nouvelle-Aquitaine,Val-de-Cognac,val-de-cognac,16370,2285,37,62.0,45.748,-0.374
4804,07,Ardèche,Auvergne-Rhône-Alpes,Ruoms,ruoms,07120,2284,12,184.0,44.4506,4.347
4805,24,Dordogne,Nouvelle-Aquitaine,Coursac,coursac,24430,2284,25,90.0,45.131,0.645
4806,35,Ille-et-Vilaine,Bretagne,Irodouër,irodouer,35850,2284,24,97.0,48.2433,-1.9497
4807,33,Gironde,Nouvelle-Aquitaine,Bourg,bourg,33710,2283,14,165.0,45.0396,-0.5484
4808,44,Loire-Atlantique,Pays de la Loire,Fégréac,fegreac,44460,2283,44,51.0,47.5762,-2.029
4809,72,Sarthe,Pays de la Loire,Laigné-en-Belin,laigne-en-belin,72220,2283,13,179.0,47.8232,0.2875
4810,56,Morbihan,Bretagne,Groix,groix,56590,2282,15,149.0,47.6369,-3.4654
4811,86,Vienne,Nouvelle-Aquitaine,Vouneuil-sur-Vienne,vouneuil-sur-vienne,86210,2281,37,62.0,46.7198,0.5385
4812,59,Nord,Hauts-de-France,Avesnelles,avesnelles,59440,2280,13,179.0,50.1065,3.9531
4813,87,Haute-Vienne,Nouvelle-Aquitaine,Le Vigen,le-vigen,87110,2280,30,77.0,45.7438,1.2713
4814,19,Corrèze,Nouvelle-Aquitaine,Meymac,meymac,19250,2279,87,26.0,45.5527,2.1266
4815,39,Jura,Bourgogne-Franche-Comté,Foucherans,foucherans,39100,2279,8,294.0,47.086,5.4386
4816,80,Somme,Hauts-de-France,Airaines,airaines,80270,2279,25,91.0,49.9707,1.9511
4817,85,Vendée,Pays de la Loire,La Boissière-de-Montaigu,la-boissiere-de-montaigu,85600,2279,29,78.0,46.9497,-1.1903
4818,14,Calvados,Normandie,Cuverville,cuverville,14840,2278,2,1106.0,49.1938,-0.2609
4819,35,Ille-et-Vilaine,Bretagne,Hédé-Bazouges,hede-bazouges,35630,2278,15,154.0,48.3009,-1.7777
4820,38,Isère,Auvergne-Rhône-Alpes,Noyarey,noyarey,38360,2277,17,134.0,45.2418,5.62
4821,56,Morbihan,Bretagne,Meucon,meucon,56890,2277,6,397.0,47.7242,-2.7731
4822,33,Gironde,Nouvelle-Aquitaine,Saint-Germain-du-Puch,saint-germain-du-puch,33750,2276,12,187.0,44.8529,-0.3334
4823,45,Loiret,Centre-Val de Loire,Coullons,coullons,45720,2274,81,28.0,47.6188,2.5064
4824,74,Haute-Savoie,Auvergne-Rhône-Alpes,Ayse,ayse,74130,2274,10,218.0,46.0895,6.4409
4825,56,Morbihan,Bretagne,Bubry,bubry,56310,2273,69,33.0,47.9706,-3.1743
4826,57,Moselle,Grand Est,Metzervisse,metzervisse,57940,2272,9,253.0,49.3154,6.2845
4827,67,Bas-Rhin,Grand Est,Rœschwoog,roeschwoog,67480,2272,10,231.0,48.823,8.0402
4828,67,Bas-Rhin,Grand Est,Schirrhein,schirrhein,67240,2272,7,344.0,48.793,7.9096
4829,78,Yvelines,Île-de-France,Septeuil,septeuil,78790,2272,9,240.0,48.8883,1.6891
4830,17,Charente-Maritime,Nouvelle-Aquitaine,Saint-Laurent-de-la-Prée,saint-laurent-de-la-pree,17450,2271,28,82.0,45.9884,-1.0287
4831,35,Ille-et-Vilaine,Bretagne,Saint-Armel,saint-armel,35230,2271,8,289.0,48.0138,-1.5765
4832,36,Indre,Centre-Val de Loire,Valençay,valencay,36600,2271,42,54.0,47.1544,1.5545
4833,73,Savoie,Auvergne-Rhône-Alpes,Viviers-du-Lac,viviers-du-lac,73420,2271,5,451.0,45.6503,5.8926
4834,74,Haute-Savoie,Auvergne-Rhône-Alpes,Messery,messery,74140,2271,9,246.0,46.3474,6.2982
4835,79,Deux-Sèvres,Nouvelle-Aquitaine,Coulon,coulon,79510,2271,30,76.0,46.3371,-0.5848
4836,88,Vosges,Grand Est,Sainte-Marguerite,sainte-marguerite,88100,2271,6,403.0,48.2686,6.9694
4837,73,Savoie,Auvergne-Rhône-Alpes,Mouxy,mouxy,73100,2270,6,361.0,45.6806,5.9481
4838,56,Morbihan,Bretagne,Arzon,arzon,56640,2269,9,242.0,47.5499,-2.9031
4839,01,Ain,Auvergne-Rhône-Alpes,Marboz,marboz,01851,2268,40,56.0,46.3452,5.2461
4840,72,Sarthe,Pays de la Loire,La Chapelle-Saint-Aubin,la-chapelle-saint-aubin,72650,2268,6,380.0,48.0346,0.1568
4841,86,Vienne,Nouvelle-Aquitaine,Lussac-les-Châteaux,lussac-les-chateaux,86320,2268,28,80.0,46.4074,0.7304
4842,01,Ain,Auvergne-Rhône-Alpes,Izernore,izernore,01580,2267,21,106.0,46.216,5.5609
4843,05,Hautes-Alpes,Provence-Alpes-Côte d'Azur,L'Argentière-la-Bessée,l-argentiere-la-bessee,05120,2267,65,35.0,44.7835,6.4716
4844,14,Calvados,Normandie,Creully sur Seulles,creully-sur-seulles,14480,2266,9,264.0,49.2831,-0.5634
4845,35,Ille-et-Vilaine,Bretagne,Sainte-Marie,sainte-marie,35600,2266,25,90.0,47.6958,-2.0181
4846,62,Pas-de-Calais,Hauts-de-France,Corbehem,corbehem,62112,2266,3,862.0,50.3356,3.0481
4847,72,Sarthe,Pays de la Loire,Ballon-Saint Mars,ballon-saint-mars,72290,2266,14,167.0,48.174,0.2563
4848,30,Gard,Occitanie,Langlade,langlade,30980,2265,9,250.0,43.8021,4.2559
4849,79,Deux-Sèvres,Nouvelle-Aquitaine,La Forêt-sur-Sèvre,la-foret-sur-sevre,79380,2265,56,40.0,46.7627,-0.6466
4850,88,Vosges,Grand Est,Uxegney,uxegney,88390,2265,9,253.0,48.1954,6.3844
4851,89,Yonne,Bourgogne-Franche-Comté,Cheny,cheny,89400,2265,10,233.0,47.9446,3.534
4852,07,Ardèche,Auvergne-Rhône-Alpes,Rochemaure,rochemaure,07400,2264,25,90.0,44.5863,4.6972
4853,60,Oise,Hauts-de-France,Jaux,jaux,60880,2264,9,263.0,49.3948,2.7703
4854,68,Haut-Rhin,Grand Est,Dannemarie,dannemarie,68210,2264,4,522.0,47.6252,7.1244
4855,17,Charente-Maritime,Nouvelle-Aquitaine,Saint-Martin-de-Ré,saint-martin-de-re,17410,2263,5,469.0,46.1987,-1.3714
4856,22,Côtes-d'Armor,Bretagne,Plourivo,plourivo,22860,2263,29,78.0,48.7388,-3.0972
4857,31,Haute-Garonne,Occitanie,Le Fauga,le-fauga,31410,2262,9,247.0,43.3996,1.3003
4858,33,Gironde,Nouvelle-Aquitaine,Cissac-Médoc,cissac-medoc,33250,2262,24,96.0,45.2149,-0.8413
4859,53,Mayenne,Pays de la Loire,Entrammes,entrammes,53260,2262,27,84.0,47.9924,-0.7149
4860,57,Moselle,Grand Est,Ennery,ennery,57365,2262,7,309.0,49.2273,6.2251
4861,59,Nord,Hauts-de-France,Cappelle-en-Pévèle,cappelle-en-pevele,59242,2262,8,278.0,50.5028,3.1722
4862,01,Ain,Auvergne-Rhône-Alpes,Chevry,chevry,01170,2261,6,391.0,46.2841,6.0474
4863,56,Morbihan,Bretagne,Plouharnel,plouharnel,56340,2261,19,120.0,47.5934,-3.1272
4864,25,Doubs,Bourgogne-Franche-Comté,Franois,franois,25770,2260,7,310.0,47.2246,5.9261
4865,30,Gard,Occitanie,Remoulins,remoulins,30210,2260,8,274.0,43.9384,4.5629
4866,31,Haute-Garonne,Occitanie,Cépet,cepet,31620,2260,7,317.0,43.7487,1.4368
4867,34,Hérault,Occitanie,Roujan,roujan,34320,2260,17,133.0,43.5119,3.3082
4868,57,Moselle,Grand Est,Kœnigsmacker,koenigsmacker,57970,2260,18,123.0,49.3911,6.2842
4869,08,Ardennes,Grand Est,Rocroi,rocroi,08230,2259,51,45.0,49.9277,4.5548
4870,67,Bas-Rhin,Grand Est,Mommenheim,mommenheim,67670,2259,8,271.0,48.754,7.6466
4871,26,Drôme,Auvergne-Rhône-Alpes,Buis-les-Baronnies,buis-les-baronnies,26170,2258,34,66.0,44.2714,5.2811
4872,59,Nord,Hauts-de-France,Bachant,bachant,59138,2258,10,238.0,50.2078,3.8754
4873,66,Pyrénées-Orientales,Occitanie,Saint-Jean-Pla-de-Corts,saint-jean-pla-de-corts,66490,2258,11,212.0,42.5183,2.7938
4874,66,Pyrénées-Orientales,Occitanie,Trouillas,trouillas,66300,2257,17,131.0,42.6055,2.8235
4875,35,Ille-et-Vilaine,Bretagne,Les Portes du Coglais,les-portes-du-coglais,35460,2256,16,145.0,48.4523,-1.3403
4876,59,Nord,Hauts-de-France,Méteren,meteren,59270,2256,19,122.0,50.7481,2.669
4877,03,Allier,Auvergne-Rhône-Alpes,Vendat,vendat,03110,2254,17,135.0,46.1599,3.347
4878,95,Val-d'Oise,Île-de-France,Butry-sur-Oise,butry-sur-oise,95430,2254,3,811.0,49.0833,2.1899
4879,19,Corrèze,Nouvelle-Aquitaine,Lubersac,lubersac,19210,2253,58,39.0,45.45,1.3981
4880,35,Ille-et-Vilaine,Bretagne,La Chapelle-Thouarault,la-chapelle-thouarault,35590,2252,8,291.0,48.1268,-1.8569
4881,91,Essonne,Île-de-France,Vert-le-Grand,vert-le-grand,91810,2252,16,140.0,48.583,2.3711
4882,29,Finistère,Bretagne,Plomodiern,plomodiern,29550,2251,47,48.0,48.1808,-4.2045
4883,31,Haute-Garonne,Occitanie,Pompertuzat,pompertuzat,31450,2251,5,411.0,43.4958,1.5199
4884,56,Morbihan,Bretagne,Guégon,guegon,56120,2251,54,42.0,47.925,-2.5903
4885,59,Nord,Hauts-de-France,Faumont,faumont,59310,2251,10,234.0,50.4503,3.1335
4886,74,Haute-Savoie,Auvergne-Rhône-Alpes,Neydens,neydens,74160,2251,7,323.0,46.1189,6.1103
4887,84,Vaucluse,Provence-Alpes-Côte d'Azur,Mérindol,merindol,84360,2251,27,83.0,43.7648,5.1884
4888,38,Isère,Auvergne-Rhône-Alpes,Brézins,brezins,38590,2250,8,271.0,45.3475,5.3058
4889,01,Ain,Auvergne-Rhône-Alpes,Collonges,collonges,01550,2249,16,139.0,46.1397,5.9007
4890,21,Côte-d'Or,Bourgogne-Franche-Comté,Perrigny-lès-Dijon,perrigny-les-dijon,21160,2249,7,335.0,47.2556,5.0197
4891,63,Puy-de-Dôme,Auvergne-Rhône-Alpes,Nohanent,nohanent,63830,2249,4,529.0,45.8117,3.0588
4892,74,Haute-Savoie,Auvergne-Rhône-Alpes,Margencel,margencel,74200,2249,7,304.0,46.3294,6.4217
4893,76,Seine-Maritime,Normandie,Belbeuf,belbeuf,76240,2249,7,344.0,49.382,1.1415
4894,50,Manche,Normandie,Lessay,lessay,50430,2248,23,99.0,49.2236,-1.5257
4895,64,Pyrénées-Atlantiques,Nouvelle-Aquitaine,Arudy,arudy,64260,2248,28,79.0,43.0987,-0.4695
4896,71,Saône-et-Loire,Bourgogne-Franche-Comté,Ciry-le-Noble,ciry-le-noble,71420,2248,33,68.0,46.5936,4.2938
4897,82,Tarn-et-Garonne,Occitanie,Septfonds,septfonds,82240,2248,27,83.0,44.178,1.6214
4898,67,Bas-Rhin,Grand Est,Epfig,epfig,67680,2246,22,100.0,48.3485,7.4675
4899,79,Deux-Sèvres,Nouvelle-Aquitaine,Prahecq,prahecq,79230,2246,25,90.0,46.2658,-0.3476
4900,65,Hautes-Pyrénées,Occitanie,Maubourguet,maubourguet,65700,2245,22,101.0,43.4694,0.0387
4901,69,Rhône,Auvergne-Rhône-Alpes,Saint-Germain-Nuelles,saint-germain-nuelles,69210,2245,7,340.0,45.8604,4.6167
4902,10,Aube,Grand Est,Lusigny-sur-Barse,lusigny-sur-barse,10270,2244,38,59.0,48.2598,4.2808
4903,56,Morbihan,Bretagne,Malansac,malansac,56220,2244,36,62.0,47.6887,-2.3091
4904,81,Tarn,Occitanie,Lagrave,lagrave,81150,2244,9,238.0,43.8935,1.9888
4905,83,Var,Provence-Alpes-Côte d'Azur,Méounes-lès-Montrieux,meounes-les-montrieux,83136,2243,41,55.0,43.2699,5.979
4906,26,Drôme,Auvergne-Rhône-Alpes,Saint-Sorlin-en-Valloire,saint-sorlin-en-valloire,26210,2241,26,85.0,45.2806,4.9629
4907,01,Ain,Auvergne-Rhône-Alpes,Saint-Denis-en-Bugey,saint-denis-en-bugey,01500,2240,3,862.0,45.9497,5.326
4908,45,Loiret,Centre-Val de Loire,Vitry-aux-Loges,vitry-aux-loges,45530,2240,44,51.0,47.9328,2.2546
4909,07,Ardèche,Auvergne-Rhône-Alpes,Lavilledieu,lavilledieu,07170,2239,15,150.0,44.5818,4.4474
4910,32,Gers,Occitanie,Mauvezin,mauvezin,32120,2239,33,68.0,43.735,0.8644
4911,53,Mayenne,Pays de la Loire,Lassay-les-Châteaux,lassay-les-chateaux,53110,2239,58,38.0,48.446,-0.5059
4912,59,Nord,Hauts-de-France,Attiches,attiches,59551,2238,7,329.0,50.5094,3.0605
4913,02,Aisne,Hauts-de-France,Braine,braine,02220,2237,12,192.0,49.3488,3.5357
4914,56,Morbihan,Bretagne,Colpo,colpo,56390,2237,27,84.0,47.8169,-2.8108
4915,57,Moselle,Grand Est,Basse-Ham,basse-ham,57970,2237,10,223.0,49.3748,6.2382
4916,22,Côtes-d'Armor,Bretagne,Saint-Agathon,saint-agathon,22200,2236,15,153.0,48.5664,-3.0995
4917,56,Morbihan,Bretagne,Saint-Pierre-Quiberon,saint-pierre-quiberon,56510,2236,8,287.0,47.5334,-3.1464
4918,73,Savoie,Auvergne-Rhône-Alpes,Vimines,vimines,73160,2236,14,159.0,45.5366,5.8518
4919,22,Côtes-d'Armor,Bretagne,Callac,callac,22160,2235,33,67.0,48.4192,-3.4138
4920,25,Doubs,Bourgogne-Franche-Comté,Avanne-Aveney,avanne-aveney,25720,2235,9,263.0,47.2005,5.9581
4921,07,Ardèche,Auvergne-Rhône-Alpes,Lablachère,lablachere,07230,2234,27,84.0,44.4611,4.2159
4922,08,Ardennes,Grand Est,Mouzon,mouzon,08210,2234,35,64.0,49.5978,5.0752
4923,29,Finistère,Bretagne,Hôpital-Camfrout,hopital-camfrout,29460,2234,13,169.0,48.3212,-4.2434
4924,63,Puy-de-Dôme,Auvergne-Rhône-Alpes,Orléat,orleat,63190,2234,26,84.0,45.8607,3.4378
4925,07,Ardèche,Auvergne-Rhône-Alpes,Sarras,sarras,07370,2233,11,195.0,45.1866,4.7775
4926,60,Oise,Hauts-de-France,Clairoix,clairoix,60280,2232,5,474.0,49.4411,2.8438
4927,17,Charente-Maritime,Nouvelle-Aquitaine,Le Bois-Plage-en-Ré,le-bois-plage-en-re,17580,2229,12,183.0,46.1811,-1.3782
4928,67,Bas-Rhin,Grand Est,Muttersholtz,muttersholtz,67600,2228,13,177.0,48.2708,7.5311
4929,95,Val-d'Oise,Île-de-France,Belloy-en-France,belloy-en-france,95270,2228,10,234.0,49.091,2.37
4930,01,Ain,Auvergne-Rhône-Alpes,Mionnay,mionnay,01390,2227,20,111.0,45.8959,4.9274
4931,59,Nord,Hauts-de-France,Cassel,cassel,59670,2227,13,169.0,50.7913,2.4962
4932,85,Vendée,Pays de la Loire,Givrand,givrand,85800,2227,12,189.0,46.6821,-1.8792
4933,08,Ardennes,Grand Est,Nouvion-sur-Meuse,nouvion-sur-meuse,08160,2226,9,247.0,49.7122,4.7963
4934,38,Isère,Auvergne-Rhône-Alpes,Saint-Paul-de-Varces,saint-paul-de-varces,38760,2224,20,112.0,45.0646,5.6319
4935,22,Côtes-d'Armor,Bretagne,Corseul,corseul,22130,2223,42,52.0,48.4846,-2.1675
4936,50,Manche,Normandie,Tessy-Bocage,tessy-bocage,50420,2223,16,138.0,48.9629,-1.0599
4937,62,Pas-de-Calais,Hauts-de-France,Hesdin,hesdin,62140,2222,1,2364.0,50.3864,1.9662
4938,02,Aisne,Hauts-de-France,Marle,marle,02250,2221,14,160.0,49.7444,3.7654
4939,86,Vienne,Nouvelle-Aquitaine,Avanton,avanton,86170,2221,11,206.0,46.6635,0.3077
4940,31,Haute-Garonne,Occitanie,Lanta,lanta,31570,2220,30,73.0,43.5573,1.6687
4941,85,Vendée,Pays de la Loire,Grosbreuil,grosbreuil,85440,2220,37,61.0,46.539,-1.5955
4942,66,Pyrénées-Orientales,Occitanie,Laroque-des-Albères,laroque-des-alberes,66740,2219,21,107.0,42.5179,2.9314
4943,91,Essonne,Île-de-France,Cheptainville,cheptainville,91630,2219,7,307.0,48.5472,2.276
4944,01,Ain,Auvergne-Rhône-Alpes,Sergy,sergy,01630,2218,10,227.0,46.2615,5.9872
4945,26,Drôme,Auvergne-Rhône-Alpes,Malataverne,malataverne,26780,2218,17,134.0,44.4744,4.7452
4946,58,Nièvre,Bourgogne-Franche-Comté,Saint-Éloi,saint-eloi,58000,2218,16,135.0,46.9865,3.227
4947,29,Finistère,Bretagne,Edern,edern,29510,2217,40,55.0,48.1133,-3.9583
4948,33,Gironde,Nouvelle-Aquitaine,Quinsac,quinsac,33360,2215,8,274.0,44.751,-0.4876
4949,77,Seine-et-Marne,Île-de-France,Livry-sur-Seine,livry-sur-seine,77000,2215,5,414.0,48.5039,2.6898
4950,62,Pas-de-Calais,Hauts-de-France,Racquinghem,racquinghem,62120,2214,5,406.0,50.6968,2.3598
4951,34,Hérault,Occitanie,Beaulieu,beaulieu,34160,2213,8,282.0,43.7293,4.0256
4952,78,Yvelines,Île-de-France,Bouafle,bouafle,78410,2213,7,318.0,48.9566,1.8997
4953,87,Haute-Vienne,Nouvelle-Aquitaine,Saint-Gence,saint-gence,87510,2213,22,102.0,45.9098,1.137
4954,63,Puy-de-Dôme,Auvergne-Rhône-Alpes,Les Martres-d'Artière,les-martres-d-artiere,63430,2212,15,148.0,45.8306,3.2617
4955,77,Seine-et-Marne,Île-de-France,Jouy-sur-Morin,jouy-sur-morin,77320,2212,18,120.0,48.795,3.2736
4956,20,Corse,Corse,Aléria,aleria,20270,2211,64,35.0,42.0993,9.4972
4957,25,Doubs,Bourgogne-Franche-Comté,Roche-lez-Beaupré,roche-lez-beaupre,25220,2210,6,394.0,47.2819,6.1064
4958,74,Haute-Savoie,Auvergne-Rhône-Alpes,Sales,sales,74150,2210,9,241.0,45.8809,5.9609
4959,25,Doubs,Bourgogne-Franche-Comté,Montlebon,montlebon,25500,2209,27,81.0,47.0216,6.6316
4960,28,Eure-et-Loir,Centre-Val de Loire,Tremblay-les-Villages,tremblay-les-villages,28170,2209,63,35.0,48.59,1.3871
4961,42,Loire,Auvergne-Rhône-Alpes,Pouilly-les-Nonains,pouilly-les-nonains,42155,2209,10,213.0,46.0435,3.9794
4962,63,Puy-de-Dôme,Auvergne-Rhône-Alpes,Saint-Beauzire,saint-beauzire,63360,2209,16,134.0,45.8525,3.1828
4963,22,Côtes-d'Armor,Bretagne,Pluduno,pluduno,22130,2208,29,77.0,48.4662,-2.2606
4964,35,Ille-et-Vilaine,Bretagne,Saint-Briac-sur-Mer,saint-briac-sur-mer,35800,2208,8,274.0,48.6172,-2.13
4965,14,Calvados,Normandie,Merville-Franceville-Plage,merville-franceville-plage,14810,2207,11,207.0,49.267,-0.1999
4966,40,Landes,Nouvelle-Aquitaine,Angresse,angresse,40150,2207,8,289.0,43.6591,-1.3624
4967,67,Bas-Rhin,Grand Est,Dambach-la-Ville,dambach-la-ville,67650,2207,29,75.0,48.3239,7.4255
4968,06,Alpes-Maritimes,Provence-Alpes-Côte d'Azur,Breil-sur-Roya,breil-sur-roya,06540,2206,82,27.0,43.9379,7.4996
4969,22,Côtes-d'Armor,Bretagne,Plouaret,plouaret,22420,2206,31,72.0,48.6161,-3.4832
4970,31,Haute-Garonne,Occitanie,Lévignac,levignac,31530,2206,12,179.0,43.6646,1.2036
4971,69,Rhône,Auvergne-Rhône-Alpes,Saint-Étienne-des-Oullières,saint-etienne-des-oullieres,69460,2206,10,228.0,46.0645,4.6557
4972,30,Gard,Occitanie,Saint-Victor-la-Coste,saint-victor-la-coste,30290,2205,27,83.0,44.052,4.6436
4973,73,Savoie,Auvergne-Rhône-Alpes,Novalaise,novalaise,73470,2205,16,136.0,45.5864,5.7672
4974,29,Finistère,Bretagne,Plouguin,plouguin,29830,2204,30,73.0,48.5291,-4.5931
4975,29,Finistère,Bretagne,Dirinon,dirinon,29460,2203,33,67.0,48.3977,-4.2633
4976,72,Sarthe,Pays de la Loire,Villeneuve-en-Perseigne,villeneuve-en-perseigne,72600,2203,31,70.0,48.4303,0.2365
4977,89,Yonne,Bourgogne-Franche-Comté,Saint-Julien-du-Sault,saint-julien-du-sault,89330,2203,24,92.0,48.0289,3.2761
4978,13,Bouches-du-Rhône,Provence-Alpes-Côte d'Azur,Cadolive,cadolive,13950,2202,4,523.0,43.3943,5.5303
4979,35,Ille-et-Vilaine,Bretagne,Vignoc,vignoc,35630,2202,14,154.0,48.2589,-1.7644
4980,49,Maine-et-Loire,Pays de la Loire,Feneu,feneu,49460,2202,26,85.0,47.5832,-0.6038
4981,54,Meurthe-et-Moselle,Grand Est,Fléville-devant-Nancy,fleville-devant-nancy,54710,2202,8,294.0,48.6283,6.2012
4982,22,Côtes-d'Armor,Bretagne,Trémuson,tremuson,22440,2201,6,349.0,48.5246,-2.8476
4983,49,Maine-et-Loire,Pays de la Loire,Saint-Melaine-sur-Aubance,saint-melaine-sur-aubance,49610,2201,5,440.0,47.3819,-0.4986
4984,13,Bouches-du-Rhône,Provence-Alpes-Côte d'Azur,Paradou,paradou,13520,2200,16,139.0,43.7071,4.7756
4985,28,Eure-et-Loir,Centre-Val de Loire,Arcisses,arcisses,28400,2200,12,180.0,48.3365,0.89
4986,68,Haut-Rhin,Grand Est,Saint-Amarin,saint-amarin,68550,2200,12,190.0,47.8877,7.0459
4987,27,Eure,Normandie,Rugles,rugles,27250,2199,14,156.0,48.8147,0.6895
4988,35,Ille-et-Vilaine,Bretagne,Balazé,balaze,35500,2199,36,60.0,48.1759,-1.1834
4989,35,Ille-et-Vilaine,Bretagne,Baulon,baulon,35580,2197,25,87.0,47.9967,-1.9278
4990,38,Isère,Auvergne-Rhône-Alpes,Saint-Victor-de-Cessieu,saint-victor-de-cessieu,38110,2197,12,180.0,45.5379,5.3814
4991,61,Orne,Normandie,Écouché-les-Vallées,ecouche-les-vallees,61150,2197,5,415.0,48.7232,-0.1316
4992,12,Aveyron,Occitanie,Calmont,calmont,12450,2196,31,72.0,44.2643,2.5256
4993,12,Aveyron,Occitanie,La Cavalerie,la-cavalerie,12230,2195,41,54.0,44.0148,3.1746
4994,34,Hérault,Occitanie,Loupian,loupian,34140,2195,24,92.0,43.4509,3.6279
4995,68,Haut-Rhin,Grand Est,Andolsheim,andolsheim,68280,2195,12,190.0,48.0645,7.4389
4996,72,Sarthe,Pays de la Loire,Sillé-le-Guillaume,sille-le-guillaume,72140,2195,13,169.0,48.1896,-0.1333
4997,38,Isère,Auvergne-Rhône-Alpes,Vézeronce-Curtin,vezeronce-curtin,38510,2193,15,150.0,45.6534,5.469
4998,86,Vienne,Nouvelle-Aquitaine,Scorbé-Clairvaux,scorbe-clairvaux,86140,2193,23,97.0,46.8102,0.4089
4999,01,Ain,Auvergne-Rhône-Alpes,Mézériat,mezeriat,01660,2192,19,114.0,46.2424,5.0481
5000,12,Aveyron,Occitanie,Saint Geniez d'Olt et d'Aubrac,saint-geniez-d-olt-et-d-aubrac,12130,2192,35,63.0,44.5112,3.0077
